{
  "config": {
    "dataset_name": "cora",
    "base_model": "GCN",
    "unlearning_methods": "GNNDelete",
    "unlearn_ratio": 0.1,
    "random_seed": 42,
    "baseline_k": 5,
    "strategies_requested": [
      "im_v4",
      "tracin",
      "hybrid_v4"
    ]
  },
  "results": [
    {
      "strategy": "im_v4",
      "baseline_f1_after": 0.8870848708487085,
      "attack_f1_after": 0.7343,
      "gap": -0.1527848708487085,
      "relative_f1_drop": 0.1527848708487085
    },
    {
      "strategy": "tracin",
      "baseline_f1_after": 0.8870848708487085,
      "attack_f1_after": 0.7454,
      "gap": -0.1416848708487085,
      "relative_f1_drop": 0.1416848708487085
    },
    {
      "strategy": "hybrid_v4",
      "baseline_f1_after": 0.8870848708487085,
      "attack_f1_after": 0.7103,
      "gap": -0.17678487084870842,
      "relative_f1_drop": 0.17678487084870842
    }
  ],
  "timestamp": "2026-02-26T06:32:04.898144"
}