{
  "config": {
    "dataset_name": "cora",
    "base_model": "GCN",
    "unlearning_methods": "GNNDelete",
    "unlearn_ratio": 0.05,
    "random_seed": 212,
    "baseline_k": 5,
    "strategies_requested": [
      "im_v4",
      "tracin",
      "hybrid_v4"
    ]
  },
  "results": [
    {
      "strategy": "im_v4",
      "baseline_f1_after": 0.8870848708487085,
      "attack_f1_after": 0.8321,
      "gap": -0.05498487084870851,
      "relative_f1_drop": 0.05498487084870851
    },
    {
      "strategy": "tracin",
      "baseline_f1_after": 0.8870848708487085,
      "attack_f1_after": 0.7804,
      "gap": -0.10668487084870848,
      "relative_f1_drop": 0.10668487084870848
    },
    {
      "strategy": "hybrid_v4",
      "baseline_f1_after": 0.8870848708487085,
      "attack_f1_after": 0.8413,
      "gap": -0.045784870848708414,
      "relative_f1_drop": 0.045784870848708414
    }
  ],
  "timestamp": "2026-02-26T06:33:01.544057"
}