{
  "config": {
    "dataset_name": "cora",
    "base_model": "GCN",
    "unlearning_methods": "GNNDelete",
    "unlearn_ratio": 0.05,
    "random_seed": 722,
    "baseline_k": 5,
    "strategies_requested": [
      "random",
      "tracin",
      "im_v4",
      "hybrid_v4"
    ]
  },
  "results": [
    {
      "strategy": "random",
      "baseline_f1_after": 0.8870848708487085,
      "attack_f1_after": 0.8192,
      "gap": -0.06788487084870842,
      "relative_f1_drop": 0.06788487084870842
    },
    {
      "strategy": "tracin",
      "baseline_f1_after": 0.8870848708487085,
      "attack_f1_after": 0.7159,
      "gap": -0.17118487084870848,
      "relative_f1_drop": 0.17118487084870848
    },
    {
      "strategy": "im_v4",
      "baseline_f1_after": 0.8870848708487085,
      "attack_f1_after": 0.8266,
      "gap": -0.06048487084870846,
      "relative_f1_drop": 0.06048487084870846
    },
    {
      "strategy": "hybrid_v4",
      "baseline_f1_after": 0.8870848708487085,
      "attack_f1_after": 0.6956,
      "gap": -0.19148487084870847,
      "relative_f1_drop": 0.19148487084870847
    }
  ],
  "timestamp": "2026-02-28T06:19:49.584328"
}