{
  "config": {
    "dataset_name": "cora",
    "base_model": "GCN",
    "unlearning_methods": "GNNDelete",
    "unlearn_ratio": 0.1,
    "random_seed": 2024,
    "baseline_k": 5,
    "strategies_requested": [
      "im_v4",
      "tracin",
      "hybrid_v4"
    ]
  },
  "results": [
    {
      "strategy": "im_v4",
      "baseline_f1_after": 0.8870848708487085,
      "attack_f1_after": 0.6974,
      "gap": -0.18968487084870844,
      "relative_f1_drop": 0.18968487084870844
    },
    {
      "strategy": "tracin",
      "baseline_f1_after": 0.8870848708487085,
      "attack_f1_after": 0.7638,
      "gap": -0.12328487084870843,
      "relative_f1_drop": 0.12328487084870843
    },
    {
      "strategy": "hybrid_v4",
      "baseline_f1_after": 0.8870848708487085,
      "attack_f1_after": 0.7528,
      "gap": -0.13428487084870844,
      "relative_f1_drop": 0.13428487084870844
    }
  ],
  "timestamp": "2026-02-27T08:53:22.552970",
  "repair_meta": {
    "repair_mode": true,
    "dry_run": false,
    "requested": 3,
    "completed_before": 0,
    "executed_now": 3,
    "missing_before": 3
  }
}