{
  "config": {
    "dataset_name": "cora",
    "base_model": "GCN",
    "unlearning_methods": "GNNDelete",
    "unlearn_ratio": 0.01,
    "random_seed": 722,
    "baseline_k": 5,
    "strategies_requested": [
      "im_v4",
      "tracin",
      "hybrid_v4"
    ]
  },
  "results": [
    {
      "strategy": "im_v4",
      "baseline_f1_after": 0.8870848708487085,
      "attack_f1_after": 0.7528,
      "gap": -0.13428487084870844,
      "relative_f1_drop": 0.13428487084870844
    },
    {
      "strategy": "tracin",
      "baseline_f1_after": 0.8870848708487085,
      "attack_f1_after": 0.7509,
      "gap": -0.13618487084870845,
      "relative_f1_drop": 0.13618487084870845
    },
    {
      "strategy": "hybrid_v4",
      "baseline_f1_after": 0.8870848708487085,
      "attack_f1_after": 0.7583,
      "gap": -0.1287848708487085,
      "relative_f1_drop": 0.1287848708487085
    }
  ],
  "timestamp": "2026-02-26T06:33:56.755275"
}