{
  "config": {
    "dataset_name": "cora",
    "base_model": "GCN",
    "unlearning_methods": "GNNDelete",
    "unlearn_ratio": 0.01,
    "random_seed": 2024,
    "baseline_k": 5,
    "strategies_requested": [
      "im_v4",
      "tracin",
      "hybrid_v4"
    ]
  },
  "results": [
    {
      "strategy": "im_v4",
      "baseline_f1_after": 0.14132841328413284,
      "attack_f1_after": 0.7546,
      "gap": 0.6132715867158672,
      "relative_f1_drop": -0.6132715867158672
    },
    {
      "strategy": "tracin",
      "baseline_f1_after": 0.14132841328413284,
      "attack_f1_after": 0.7601,
      "gap": 0.6187715867158672,
      "relative_f1_drop": -0.6187715867158672
    },
    {
      "strategy": "hybrid_v4",
      "baseline_f1_after": 0.14132841328413284,
      "attack_f1_after": 0.7435,
      "gap": 0.6021715867158672,
      "relative_f1_drop": -0.6021715867158672
    }
  ],
  "timestamp": "2026-02-26T04:34:16.229120"
}