{
  "config": {
    "dataset_name": "cora",
    "base_model": "GCN",
    "unlearning_methods": "GNNDelete",
    "unlearn_ratio": 0.05,
    "random_seed": 42,
    "baseline_k": 5,
    "strategies_requested": [
      "random",
      "tracin",
      "im_v4",
      "hybrid_v4"
    ]
  },
  "results": [
    {
      "strategy": "random",
      "baseline_f1_after": 0.8870848708487085,
      "attack_f1_after": 0.797,
      "gap": -0.09008487084870842,
      "relative_f1_drop": 0.09008487084870842
    },
    {
      "strategy": "tracin",
      "baseline_f1_after": 0.8870848708487085,
      "attack_f1_after": 0.7435,
      "gap": -0.1435848708487084,
      "relative_f1_drop": 0.1435848708487084
    },
    {
      "strategy": "im_v4",
      "baseline_f1_after": 0.8870848708487085,
      "attack_f1_after": 0.7232,
      "gap": -0.1638848708487085,
      "relative_f1_drop": 0.1638848708487085
    },
    {
      "strategy": "hybrid_v4",
      "baseline_f1_after": 0.8870848708487085,
      "attack_f1_after": 0.714,
      "gap": -0.1730848708487085,
      "relative_f1_drop": 0.1730848708487085
    }
  ],
  "timestamp": "2026-02-28T06:19:26.748472"
}