{
  "config": {
    "dataset_name": "cora",
    "base_model": "GCN",
    "unlearning_methods": "GNNDelete",
    "unlearn_ratio": 0.1,
    "random_seed": 1337,
    "baseline_k": 5,
    "strategies_requested": [
      "im_v4",
      "tracin",
      "hybrid_v4"
    ]
  },
  "results": [
    {
      "strategy": "im_v4",
      "baseline_f1_after": 0.8870848708487085,
      "attack_f1_after": 0.7048,
      "gap": -0.18228487084870848,
      "relative_f1_drop": 0.18228487084870848
    },
    {
      "strategy": "tracin",
      "baseline_f1_after": 0.8870848708487085,
      "attack_f1_after": 0.7601,
      "gap": -0.12698487084870846,
      "relative_f1_drop": 0.12698487084870846
    },
    {
      "strategy": "hybrid_v4",
      "baseline_f1_after": 0.8870848708487085,
      "attack_f1_after": 0.7399,
      "gap": -0.14718487084870846,
      "relative_f1_drop": 0.14718487084870846
    }
  ],
  "timestamp": "2026-02-26T06:35:46.165323"
}