{
  "config": {
    "dataset_name": "cora",
    "base_model": "GCN",
    "unlearning_methods": "GNNDelete",
    "unlearn_ratio": 0.1,
    "random_seed": 212,
    "baseline_k": 5,
    "strategies_requested": [
      "im_v4",
      "tracin",
      "hybrid_v4"
    ]
  },
  "results": [
    {
      "strategy": "im_v4",
      "baseline_f1_after": 0.8870848708487085,
      "attack_f1_after": 0.6734,
      "gap": -0.21368487084870846,
      "relative_f1_drop": 0.21368487084870846
    },
    {
      "strategy": "tracin",
      "baseline_f1_after": 0.8870848708487085,
      "attack_f1_after": 0.7546,
      "gap": -0.1324848708487084,
      "relative_f1_drop": 0.1324848708487084
    },
    {
      "strategy": "hybrid_v4",
      "baseline_f1_after": 0.8870848708487085,
      "attack_f1_after": 0.6937,
      "gap": -0.19338487084870848,
      "relative_f1_drop": 0.19338487084870848
    }
  ],
  "timestamp": "2026-02-26T06:33:20.097416"
}