{
  "config": {
    "dataset_name": "cora",
    "base_model": "GCN",
    "unlearning_methods": "GNNDelete",
    "unlearn_ratio": 0.05,
    "random_seed": 1337,
    "baseline_k": 5,
    "strategies_requested": [
      "random",
      "tracin",
      "im_v4",
      "hybrid_v4"
    ]
  },
  "results": [
    {
      "strategy": "random",
      "baseline_f1_after": 0.8870848708487085,
      "attack_f1_after": 0.7565,
      "gap": -0.1305848708487085,
      "relative_f1_drop": 0.1305848708487085
    },
    {
      "strategy": "tracin",
      "baseline_f1_after": 0.8870848708487085,
      "attack_f1_after": 0.7601,
      "gap": -0.12698487084870846,
      "relative_f1_drop": 0.12698487084870846
    },
    {
      "strategy": "im_v4",
      "baseline_f1_after": 0.8870848708487085,
      "attack_f1_after": 0.6919,
      "gap": -0.1951848708487085,
      "relative_f1_drop": 0.1951848708487085
    },
    {
      "strategy": "hybrid_v4",
      "baseline_f1_after": 0.8870848708487085,
      "attack_f1_after": 0.8339,
      "gap": -0.05318487084870849,
      "relative_f1_drop": 0.05318487084870849
    }
  ],
  "timestamp": "2026-02-28T06:20:00.855943"
}