{
  "config": {
    "dataset_name": "cora",
    "base_model": "GCN",
    "unlearning_methods": "GNNDelete",
    "unlearn_ratio": 0.1,
    "random_seed": 722,
    "baseline_k": 5,
    "strategies_requested": [
      "im_v4",
      "tracin",
      "hybrid_v4"
    ]
  },
  "results": [
    {
      "strategy": "im_v4",
      "baseline_f1_after": 0.8870848708487085,
      "attack_f1_after": 0.7491,
      "gap": -0.13798487084870847,
      "relative_f1_drop": 0.13798487084870847
    },
    {
      "strategy": "tracin",
      "baseline_f1_after": 0.8870848708487085,
      "attack_f1_after": 0.7583,
      "gap": -0.1287848708487085,
      "relative_f1_drop": 0.1287848708487085
    },
    {
      "strategy": "hybrid_v4",
      "baseline_f1_after": 0.8870848708487085,
      "attack_f1_after": 0.7601,
      "gap": -0.12698487084870846,
      "relative_f1_drop": 0.12698487084870846
    }
  ],
  "timestamp": "2026-02-26T06:34:33.604140"
}