{
  "config": {
    "dataset_name": "cora",
    "base_model": "GCN",
    "unlearning_methods": "GNNDelete",
    "unlearn_ratio": 0.05,
    "random_seed": 42,
    "baseline_k": 5,
    "strategies_requested": [
      "random"
    ]
  },
  "results": [
    {
      "strategy": "hybrid_v4",
      "baseline_f1_after": 0.8870848708487085,
      "attack_f1_after": 0.8247,
      "gap": -0.062384870848708474,
      "relative_f1_drop": 0.062384870848708474
    },
    {
      "strategy": "im_v4",
      "baseline_f1_after": 0.8870848708487085,
      "attack_f1_after": 0.8155,
      "gap": -0.07158487084870846,
      "relative_f1_drop": 0.07158487084870846
    },
    {
      "strategy": "tracin",
      "baseline_f1_after": 0.8870848708487085,
      "attack_f1_after": 0.7915,
      "gap": -0.09558487084870848,
      "relative_f1_drop": 0.09558487084870848
    }
  ],
  "timestamp": "2026-02-27T22:32:22.458322",
  "repair_meta": {
    "repair_mode": true,
    "dry_run": false,
    "requested": 1,
    "completed_before": 0,
    "executed_now": 0,
    "missing_before": 1
  }
}