{
  "config": {
    "dataset_name": "cora",
    "base_model": "GCN",
    "unlearning_methods": "GNNDelete",
    "unlearn_ratio": 0.01,
    "random_seed": 212,
    "baseline_k": 5,
    "strategies_requested": [
      "im_v4",
      "tracin",
      "hybrid_v4"
    ]
  },
  "results": [
    {
      "strategy": "im_v4",
      "baseline_f1_after": 0.8870848708487085,
      "attack_f1_after": 0.7343,
      "gap": -0.1527848708487085,
      "relative_f1_drop": 0.1527848708487085
    },
    {
      "strategy": "tracin",
      "baseline_f1_after": 0.8870848708487085,
      "attack_f1_after": 0.7417,
      "gap": -0.14538487084870844,
      "relative_f1_drop": 0.14538487084870844
    },
    {
      "strategy": "hybrid_v4",
      "baseline_f1_after": 0.8870848708487085,
      "attack_f1_after": 0.7011,
      "gap": -0.18598487084870852,
      "relative_f1_drop": 0.18598487084870852
    }
  ],
  "timestamp": "2026-02-26T06:32:42.556830"
}