{
  "config": {
    "dataset_name": "cora",
    "base_model": "GCN",
    "unlearning_methods": "GNNDelete",
    "unlearn_ratio": 0.05,
    "random_seed": 722,
    "baseline_k": 5,
    "strategies_requested": [
      "im_v4",
      "tracin",
      "hybrid_v4"
    ]
  },
  "results": [
    {
      "strategy": "im_v4",
      "baseline_f1_after": 0.8870848708487085,
      "attack_f1_after": 0.6827,
      "gap": -0.2043848708487085,
      "relative_f1_drop": 0.2043848708487085
    },
    {
      "strategy": "tracin",
      "baseline_f1_after": 0.8870848708487085,
      "attack_f1_after": 0.8339,
      "gap": -0.05318487084870849,
      "relative_f1_drop": 0.05318487084870849
    },
    {
      "strategy": "hybrid_v4",
      "baseline_f1_after": 0.8870848708487085,
      "attack_f1_after": 0.7362,
      "gap": -0.1508848708487085,
      "relative_f1_drop": 0.1508848708487085
    }
  ],
  "timestamp": "2026-02-26T06:34:15.346208"
}