{
  "config": {
    "dataset_name": "cora",
    "base_model": "GCN",
    "unlearning_methods": "GNNDelete",
    "unlearn_ratio": 0.05,
    "random_seed": 212,
    "baseline_k": 5,
    "strategies_requested": [
      "random"
    ]
  },
  "results": [
    {
      "strategy": "hybrid_v4",
      "baseline_f1_after": 0.8870848708487085,
      "attack_f1_after": 0.8413,
      "gap": -0.045784870848708414,
      "relative_f1_drop": 0.045784870848708414
    },
    {
      "strategy": "im_v4",
      "baseline_f1_after": 0.8870848708487085,
      "attack_f1_after": 0.8321,
      "gap": -0.05498487084870851,
      "relative_f1_drop": 0.05498487084870851
    },
    {
      "strategy": "tracin",
      "baseline_f1_after": 0.8870848708487085,
      "attack_f1_after": 0.7804,
      "gap": -0.10668487084870848,
      "relative_f1_drop": 0.10668487084870848
    }
  ],
  "timestamp": "2026-02-27T22:32:36.260903",
  "repair_meta": {
    "repair_mode": true,
    "dry_run": false,
    "requested": 1,
    "completed_before": 0,
    "executed_now": 0,
    "missing_before": 1
  }
}