{
  "config": {
    "dataset_name": "cora",
    "base_model": "GCN",
    "unlearning_methods": "GNNDelete",
    "unlearn_ratio": 0.01,
    "random_seed": 42,
    "baseline_k": 5,
    "strategies_requested": [
      "im_v4",
      "tracin",
      "hybrid_v4"
    ]
  },
  "results": [
    {
      "strategy": "im_v4",
      "baseline_f1_after": 0.8870848708487085,
      "attack_f1_after": 0.7528,
      "gap": -0.13428487084870844,
      "relative_f1_drop": 0.13428487084870844
    },
    {
      "strategy": "tracin",
      "baseline_f1_after": 0.8870848708487085,
      "attack_f1_after": 0.7399,
      "gap": -0.14718487084870846,
      "relative_f1_drop": 0.14718487084870846
    },
    {
      "strategy": "hybrid_v4",
      "baseline_f1_after": 0.8870848708487085,
      "attack_f1_after": 0.714,
      "gap": -0.1730848708487085,
      "relative_f1_drop": 0.1730848708487085
    }
  ],
  "timestamp": "2026-02-26T06:31:26.488232"
}