{
  "config": {
    "dataset_name": "cora",
    "base_model": "GCN",
    "unlearning_methods": "GNNDelete",
    "unlearn_ratio": 0.1,
    "random_seed": 42,
    "baseline_k": 5,
    "strategies_requested": [
      "im_v4",
      "tracin",
      "hybrid_v4"
    ]
  },
  "results": [
    {
      "strategy": "im_v4",
      "baseline_f1_after": 0.14132841328413284,
      "attack_f1_after": 0.7343,
      "gap": 0.5929715867158671,
      "relative_f1_drop": -0.5929715867158671
    },
    {
      "strategy": "tracin",
      "baseline_f1_after": 0.14132841328413284,
      "attack_f1_after": 0.7454,
      "gap": 0.6040715867158671,
      "relative_f1_drop": -0.6040715867158671
    },
    {
      "strategy": "hybrid_v4",
      "baseline_f1_after": 0.14132841328413284,
      "attack_f1_after": 0.7103,
      "gap": 0.5689715867158672,
      "relative_f1_drop": -0.5689715867158672
    }
  ],
  "timestamp": "2026-02-26T04:35:15.357878"
}