{
  "config": {
    "dataset_name": "cora",
    "base_model": "GCN",
    "unlearning_methods": "GNNDelete",
    "unlearn_ratio": 0.2,
    "random_seed": 1337,
    "baseline_k": 5,
    "strategies_requested": [
      "im_v4",
      "tracin",
      "hybrid_v4"
    ]
  },
  "results": [
    {
      "strategy": "im_v4",
      "baseline_f1_after": 0.14132841328413284,
      "attack_f1_after": 0.7491,
      "gap": 0.6077715867158672,
      "relative_f1_drop": -0.6077715867158672
    },
    {
      "strategy": "tracin",
      "baseline_f1_after": 0.14132841328413284,
      "attack_f1_after": 0.7804,
      "gap": 0.6390715867158672,
      "relative_f1_drop": -0.6390715867158672
    },
    {
      "strategy": "hybrid_v4",
      "baseline_f1_after": 0.14132841328413284,
      "attack_f1_after": 0.7325,
      "gap": 0.5911715867158672,
      "relative_f1_drop": -0.5911715867158672
    }
  ],
  "timestamp": "2026-02-26T04:36:24.809709"
}