{
  "config": {
    "dataset_name": "cora",
    "base_model": "GCN",
    "unlearning_methods": "GNNDelete",
    "unlearn_ratio": 0.01,
    "random_seed": 212,
    "baseline_k": 5,
    "strategies_requested": [
      "im_v4",
      "tracin",
      "hybrid_v4"
    ]
  },
  "results": [
    {
      "strategy": "im_v4",
      "baseline_f1_after": 0.14132841328413284,
      "attack_f1_after": 0.7343,
      "gap": 0.5929715867158671,
      "relative_f1_drop": -0.5929715867158671
    },
    {
      "strategy": "tracin",
      "baseline_f1_after": 0.14132841328413284,
      "attack_f1_after": 0.7417,
      "gap": 0.6003715867158672,
      "relative_f1_drop": -0.6003715867158672
    },
    {
      "strategy": "hybrid_v4",
      "baseline_f1_after": 0.14132841328413284,
      "attack_f1_after": 0.7011,
      "gap": 0.5597715867158671,
      "relative_f1_drop": -0.5597715867158671
    }
  ],
  "timestamp": "2026-02-26T04:33:50.190551"
}