{
  "config": {
    "dataset_name": "cora",
    "base_model": "GCN",
    "unlearning_methods": "GNNDelete",
    "unlearn_ratio": 0.05,
    "random_seed": 722,
    "baseline_k": 5,
    "strategies_requested": [
      "random"
    ]
  },
  "results": [
    {
      "strategy": "hybrid_v4",
      "baseline_f1_after": 0.8870848708487085,
      "attack_f1_after": 0.7362,
      "gap": -0.1508848708487085,
      "relative_f1_drop": 0.1508848708487085
    },
    {
      "strategy": "im_v4",
      "baseline_f1_after": 0.8870848708487085,
      "attack_f1_after": 0.6827,
      "gap": -0.2043848708487085,
      "relative_f1_drop": 0.2043848708487085
    },
    {
      "strategy": "tracin",
      "baseline_f1_after": 0.8870848708487085,
      "attack_f1_after": 0.8339,
      "gap": -0.05318487084870849,
      "relative_f1_drop": 0.05318487084870849
    }
  ],
  "timestamp": "2026-02-27T22:32:47.850311",
  "repair_meta": {
    "repair_mode": true,
    "dry_run": false,
    "requested": 1,
    "completed_before": 0,
    "executed_now": 0,
    "missing_before": 1
  }
}