{
  "config": {
    "dataset_name": "cora",
    "base_model": "GCN",
    "unlearning_methods": "GNNDelete",
    "unlearn_ratio": 0.01,
    "random_seed": 2024,
    "baseline_k": 5,
    "strategies_requested": [
      "im_v4",
      "tracin",
      "hybrid_v4"
    ]
  },
  "results": [
    {
      "strategy": "im_v4",
      "baseline_f1_after": 0.8870848708487085,
      "attack_f1_after": 0.7546,
      "gap": -0.1324848708487084,
      "relative_f1_drop": 0.1324848708487084
    },
    {
      "strategy": "tracin",
      "baseline_f1_after": 0.8870848708487085,
      "attack_f1_after": 0.7601,
      "gap": -0.12698487084870846,
      "relative_f1_drop": 0.12698487084870846
    },
    {
      "strategy": "hybrid_v4",
      "baseline_f1_after": 0.8870848708487085,
      "attack_f1_after": 0.7435,
      "gap": -0.1435848708487084,
      "relative_f1_drop": 0.1435848708487084
    }
  ],
  "timestamp": "2026-02-26T06:36:21.671129"
}