{
  "config": {
    "dataset_name": "cora",
    "base_model": "GCN",
    "unlearning_methods": "GNNDelete",
    "unlearn_ratio": 0.05,
    "random_seed": 1337,
    "baseline_k": 5,
    "strategies_requested": [
      "random"
    ]
  },
  "results": [
    {
      "strategy": "hybrid_v4",
      "baseline_f1_after": 0.8870848708487085,
      "attack_f1_after": 0.7491,
      "gap": -0.13798487084870847,
      "relative_f1_drop": 0.13798487084870847
    },
    {
      "strategy": "im_v4",
      "baseline_f1_after": 0.8870848708487085,
      "attack_f1_after": 0.7417,
      "gap": -0.14538487084870844,
      "relative_f1_drop": 0.14538487084870844
    },
    {
      "strategy": "tracin",
      "baseline_f1_after": 0.8870848708487085,
      "attack_f1_after": 0.8118,
      "gap": -0.0752848708487085,
      "relative_f1_drop": 0.0752848708487085
    }
  ],
  "timestamp": "2026-02-27T22:32:59.377297",
  "repair_meta": {
    "repair_mode": true,
    "dry_run": false,
    "requested": 1,
    "completed_before": 0,
    "executed_now": 0,
    "missing_before": 1
  }
}