{
  "config": {
    "dataset_name": "cora",
    "base_model": "GCN",
    "unlearning_methods": "GNNDelete",
    "unlearn_ratio": 0.2,
    "random_seed": 1337,
    "baseline_k": 5,
    "strategies_requested": [
      "im_v4",
      "tracin",
      "hybrid_v4"
    ]
  },
  "results": [
    {
      "strategy": "im_v4",
      "baseline_f1_after": 0.8870848708487085,
      "attack_f1_after": 0.7491,
      "gap": -0.13798487084870847,
      "relative_f1_drop": 0.13798487084870847
    },
    {
      "strategy": "tracin",
      "baseline_f1_after": 0.8870848708487085,
      "attack_f1_after": 0.7804,
      "gap": -0.10668487084870848,
      "relative_f1_drop": 0.10668487084870848
    },
    {
      "strategy": "hybrid_v4",
      "baseline_f1_after": 0.8870848708487085,
      "attack_f1_after": 0.7325,
      "gap": -0.15458487084870842,
      "relative_f1_drop": 0.15458487084870842
    }
  ],
  "timestamp": "2026-02-26T06:36:03.965016"
}