{
  "config": {
    "dataset_name": "cora",
    "base_model": "GCN",
    "unlearning_methods": "GNNDelete",
    "unlearn_ratio": 0.05,
    "random_seed": 42,
    "baseline_k": 5,
    "strategies_requested": [
      "im_v4",
      "tracin",
      "hybrid_v4"
    ]
  },
  "results": [
    {
      "strategy": "im_v4",
      "baseline_f1_after": 0.14132841328413284,
      "attack_f1_after": 0.8155,
      "gap": 0.6741715867158672,
      "relative_f1_drop": -0.6741715867158672
    },
    {
      "strategy": "tracin",
      "baseline_f1_after": 0.14132841328413284,
      "attack_f1_after": 0.7915,
      "gap": 0.6501715867158672,
      "relative_f1_drop": -0.6501715867158672
    },
    {
      "strategy": "hybrid_v4",
      "baseline_f1_after": 0.14132841328413284,
      "attack_f1_after": 0.8247,
      "gap": 0.6833715867158672,
      "relative_f1_drop": -0.6833715867158672
    }
  ],
  "timestamp": "2026-02-26T04:21:25.210216"
}