{
  "config": {
    "dataset_name": "cora",
    "base_model": "GCN",
    "unlearning_methods": "GNNDelete",
    "unlearn_ratio": 0.05,
    "random_seed": 212,
    "baseline_k": 5,
    "strategies_requested": [
      "im_v4",
      "tracin",
      "hybrid_v4"
    ]
  },
  "results": [
    {
      "strategy": "im_v4",
      "baseline_f1_after": 0.14132841328413284,
      "attack_f1_after": 0.8321,
      "gap": 0.6907715867158671,
      "relative_f1_drop": -0.6907715867158671
    },
    {
      "strategy": "tracin",
      "baseline_f1_after": 0.14132841328413284,
      "attack_f1_after": 0.7804,
      "gap": 0.6390715867158672,
      "relative_f1_drop": -0.6390715867158672
    },
    {
      "strategy": "hybrid_v4",
      "baseline_f1_after": 0.14132841328413284,
      "attack_f1_after": 0.8413,
      "gap": 0.6999715867158672,
      "relative_f1_drop": -0.6999715867158672
    }
  ],
  "timestamp": "2026-02-26T04:21:35.245446"
}