{
  "config": {
    "dataset_name": "cora",
    "base_model": "GCN",
    "unlearning_methods": "GNNDelete",
    "unlearn_ratio": 0.2,
    "random_seed": 2024,
    "baseline_k": 5,
    "strategies_requested": [
      "im_v4",
      "tracin",
      "hybrid_v4"
    ]
  },
  "results": [
    {
      "strategy": "im_v4",
      "baseline_f1_after": 0.8870848708487085,
      "attack_f1_after": 0.7399,
      "gap": -0.14718487084870846,
      "relative_f1_drop": 0.14718487084870846
    },
    {
      "strategy": "tracin",
      "baseline_f1_after": 0.8870848708487085,
      "attack_f1_after": 0.7122,
      "gap": -0.1748848708487084,
      "relative_f1_drop": 0.1748848708487084
    },
    {
      "strategy": "hybrid_v4",
      "baseline_f1_after": 0.8870848708487085,
      "attack_f1_after": 0.7565,
      "gap": -0.1305848708487085,
      "relative_f1_drop": 0.1305848708487085
    }
  ],
  "timestamp": "2026-02-27T08:53:34.145060",
  "repair_meta": {
    "repair_mode": true,
    "dry_run": false,
    "requested": 3,
    "completed_before": 0,
    "executed_now": 3,
    "missing_before": 3
  }
}