{
  "config": {
    "dataset_name": "cora",
    "base_model": "GCN",
    "unlearning_methods": "GNNDelete",
    "unlearn_ratio": 0.2,
    "random_seed": 212,
    "baseline_k": 5,
    "strategies_requested": [
      "im_v4",
      "tracin",
      "hybrid_v4"
    ]
  },
  "results": [
    {
      "strategy": "im_v4",
      "baseline_f1_after": 0.8870848708487085,
      "attack_f1_after": 0.7306,
      "gap": -0.15648487084870843,
      "relative_f1_drop": 0.15648487084870843
    },
    {
      "strategy": "tracin",
      "baseline_f1_after": 0.8870848708487085,
      "attack_f1_after": 0.7509,
      "gap": -0.13618487084870845,
      "relative_f1_drop": 0.13618487084870845
    },
    {
      "strategy": "hybrid_v4",
      "baseline_f1_after": 0.8870848708487085,
      "attack_f1_after": 0.7491,
      "gap": -0.13798487084870847,
      "relative_f1_drop": 0.13798487084870847
    }
  ],
  "timestamp": "2026-02-26T06:33:38.455280"
}