dataset,training_seed,budget_ratio,selector_ref,cell_id,selection_id_old,selection_id_new,selection_id_same,output_recipe_hash_old,output_recipe_hash_new,old_f1_after_pct,new_f1_after_pct,delta_new_minus_old_pp
Cora,42,0.01,gt_full.yaml,3a15fa600138f670eebe,sel_5eb8bcef_0ffda1f0,sel_6131e07a_031bcfdd,False,2ae87b20398af9f482f63dda59f9408736c8a5bec45d118cbf2cb89889c6d58c,bec05933a4a05a2dccfba953d4a2a0ebe76242bfc3fb08ec32c21b049fb12b06,88.19188191881919,90.03690036900369,1.845018450184499
Cora,42,0.01,gt_full_all_trainable.yaml,4cc28f9e4f47e7225fd7,sel_764536eb_c9128db2,sel_7d5b2667_d524dee3,False,f0e01c715842b5d051b856b5bf1812648374b3aa3f6af084b9d9ef65a91bca88,fff5ce9ad0fdfc4743a2839ee71b79e679d146a74f33763f9e30b9ad50993bfb,88.19188191881919,89.66789667896678,1.4760147601475926
Cora,42,0.01,degree.yaml,a479f3ba732c9c896ebd,sel_912a7a7d_9c150d43,sel_912a7a7d_9c150d43,True,c3a144445f2e3132902d6e176d4cd8d8739a6254033000d29d1a4c4d42a227a8,192ca55de62ed7a1c27585e8867ad900342062ce9a79e77a4a34add7014a1515,88.56088560885608,89.66789667896678,1.1070110701106972
Cora,42,0.01,random.yaml,991626090a2dccda8f46,sel_28323871_86676fa5,sel_28323871_86676fa5,True,ba387414653e180799001c118a4ee4fd559ab6d48d0aa8b24907adffc3a59da6,50764e49e02fcf09a953c4ff8ac12ac9a1d53de60ad989624575a598ad7f48f5,87.82287822878229,90.22140221402213,2.398523985239853
Cora,42,0.01,gt_simple.yaml,63874ba8f3e0b6c5b805,sel_64a3d03c_9af34b38,sel_948890b3_4901592c,False,b941cf087064821d9f51df4800626b847302b866e7e520617b7d15747c79182c,533b49c7804d037ca41c91e16988523b3103738d01bb24c8caa490fda638ffc6,87.82287822878229,89.85239852398524,2.029520295202958
Cora,42,0.01,r_point.yaml,e43efa9793aba90f1dd5,sel_19981016_fe30e72d,sel_eec26e28_e33f74ac,False,ec54e20bfe04c296072a6668da1c3db533ce0257b9e689d0eee08bfc32aa20db,560df31b8ca9de7107acb7e30478460185d4e50e12faa2c97cb5970b06b6d9a3,88.37638376383764,89.48339483394834,1.1070110701106972
Cora,42,0.01,p_graph.yaml,592f41fa2465ee6e661e,sel_b2fa8448_9aaa1fc5,sel_c233fcc9_70e0f8c2,False,2dcc4b0734dd649c7a66c0e8d997723a46cad5e9cdb51f00f0e0f6e34eeff2a4,c38fe2293389cdccf9fd2bfaa913e6584ff5c5acd8a3d86069627748bce0a665,88.19188191881919,90.03690036900369,1.845018450184499
Cora,42,0.01,p_point.yaml,e5ce8d2eddbc76c4ad7c,sel_6d55143c_cc77b307,sel_64f54591_251eb863,False,a3e59043a13c3ca15ce82c880479e92de4a17750ec9ea20ab53f0f8ccc4e746f,af5f118051b644c25378808e5ede0ae800d398cd69a581659b3c59f1245554ac,88.37638376383764,89.66789667896678,1.291512915129145
Cora,42,0.01,gt_full_all_trainable_hops3.yaml,d41acb3ade89eef85e02,sel_b45abe26_85e6a9d1,sel_6d99d150_98a55727,False,310ef041fb7a2d73f7c59ab6a889550d14bda8a0f5ed1f4648a8dc0aa798a3ee,aae33f9057f13126adb7e3729592c69fdd082125183a4c6821db70405835b7c3,88.37638376383764,90.03690036900369,1.6605166051660514
Cora,42,0.01,gt_full_sgc_all_trainable_hops3.yaml,09a1182cdae099de2dcd,sel_89d52017_c0a7f18e,sel_70e94bfd_da88542f,False,d44400813e5e066c65b83979a5e444cf8f9c9cc07cb3b36224f3cf19fdf6292c,e349c941fb24813f4ca167b9b01b8bb7e09ee9e6f73c9b791b0cb0239d303129,87.82287822878229,90.22140221402213,2.398523985239853
Cora,42,0.05,gt_full.yaml,e4c23790511003f71941,sel_5eb8bcef_0ffda1f0,sel_6131e07a_031bcfdd,False,00d894dd3388287c6af3ac89d94c494dcef8187963076c3883b9c4f582535daf,32406f248b5037ffc0c23074140a63a8bbc2e20c2fd377a06e8c432c9a7806ca,87.63837638376384,89.2988929889299,1.6605166051660514
Cora,42,0.05,gt_full_all_trainable.yaml,f89c21b167d97bce4037,sel_1a21e744_b45c9514,sel_7d5b2667_d524dee3,False,70391eef5edafe106be91884b4b8ff28112f3f647b2fba2480d3a59ab15a17a0,7bf0eb584ca026e33caa752b12c47131938f36839ce7fcdfe52a6cdc0b331fe3,87.4538745387454,89.85239852398524,2.398523985239853
Cora,42,0.05,degree.yaml,a2b07bbaadfb8745682b,sel_ff46e44a_c86d7141,sel_ff46e44a_c86d7141,True,234e48d6d016affb217dc26d3914d165dfc0725f38c73f3b937270a649f5cbef,2ecc1d7940a9b0e73dade5f37f446111f20bf029ab8a007516caa62568349ee4,87.4538745387454,90.03690036900369,2.583025830258301
Cora,42,0.05,random.yaml,c56002461129509e7437,sel_b82f83da_fa557c8b,sel_b82f83da_fa557c8b,True,3d230793984843a6e863da7daf66a3edead13b9e349a783d6a1fad7231e28f97,b6398444acfcd5eaa991aeab40f0f10d0611e742502c3d0c31b5651eb99e4a48,88.00738007380073,89.85239852398524,1.8450184501845102
Cora,42,0.05,gt_simple.yaml,7c5440710652ed6629ed,sel_fef6cf12_f7036c0b,sel_948890b3_4901592c,False,968fda230edb5ef2266644aaba9bb1462fa30d3c71f46643394f728c099553b9,8b3d593fd8272e1a85f663a036c2b4e9cbab1f29233833122706270e9cf29be8,88.00738007380073,90.03690036900369,2.029520295202958
Cora,42,0.05,r_point.yaml,783d8b6186c7ddfd80e7,sel_2fad5d48_2df4125b,sel_eec26e28_e33f74ac,False,5ea33e03ecbfbb47274dc05994b134420b7c162772b6cbf5264f7433e7dfcd20,e8316e6eb9d8e21e6ffec972d128b33e08944f7c60cefeef5856aa59d0a474e9,87.82287822878229,89.66789667896678,1.845018450184499
Cora,42,0.05,p_graph.yaml,3879da645c0a6ffa52f1,sel_4d3ba18a_74716826,sel_c233fcc9_70e0f8c2,False,db006d2b38e7ffa30440758028be28e5f20fec5fd5c1b23d35ca44458cdc240e,d4af2f745104cedd94f08528012d6200f87f2b46b8472972ec96bc179e651cbf,87.82287822878229,89.66789667896678,1.845018450184499
Cora,42,0.05,p_point.yaml,2e28b44e7294ffc53840,sel_5e559e57_1d4ce6df,sel_64f54591_251eb863,False,0acf5691bfd3720d6a9754e72008f6d021e19d3ec5f43474e89d49617d1d4bd9,41b4a7eab17f6cd8b78e77a4defddef6d089f907dc3f056385d9bfbefff83b41,87.82287822878229,89.85239852398524,2.029520295202958
Cora,42,0.05,gt_full_all_trainable_hops3.yaml,1bd27cbd42a5ad81f4b2,sel_b45abe26_85e6a9d1,sel_6d99d150_98a55727,False,de11e61dae2e0b9184b8600c315f312fb1019b68c33e0e9e50be9d3106769551,5d069bba9dc5f181db1217bde0ce44a5c8dd1e525f39de472d9a2e19cc752f3c,87.63837638376384,89.85239852398524,2.2140221402214055
Cora,42,0.05,gt_full_sgc_all_trainable_hops3.yaml,430a1ba1fe6859dabb87,sel_cbca240a_f79ffec5,sel_70e94bfd_da88542f,False,4d2c7c10fa6fcdb0ef1ff90e867fb437e7d2b485ab74d854fd9cbe7b47ca9c10,f086a1e30febb231daf7f96d4443442579d34dc931bbe52de568c15e42dfc61d,88.56088560885608,90.40590405904058,1.845018450184499
Cora,42,0.1,gt_full.yaml,1b3c9306b7bdfde8c217,sel_5eb8bcef_0ffda1f0,sel_6131e07a_031bcfdd,False,d5c5e8f496cd9254e4295ed8b9df161253f37b79c3a6e2f4b7cb58eee5e05b46,97312ba92bc402e7164eba3dc2b5cc87236dc8db2142582aaf00986261e9c39d,86.16236162361623,90.03690036900369,3.874538745387457
Cora,42,0.1,gt_full_all_trainable.yaml,ac4afd0d52a831662bbc,sel_32ee671b_f366136d,sel_7d5b2667_d524dee3,False,668e277ad71c5431f713d9c76bce57baefc8a471a26258bfd37c6eef968c114a,c336bad201ee8d5384e43fcaff2609658a0bb490d41196e91898bd4dbb2b2e7d,85.05535055350553,89.48339483394834,4.4280442804427995
Cora,42,0.1,degree.yaml,5eae7d663abcbb813e8a,sel_ff46e44a_c86d7141,sel_ff46e44a_c86d7141,True,33c4123934b8f6d39df89eb855240cdc753c44979bca0aa1e2c5d0effc8a9703,2bd7be2410148fdfeee93ccdafe29850734da8eb82d1a57a2c432a52b37fa8af,87.82287822878229,90.03690036900369,2.2140221402214055
Cora,42,0.1,random.yaml,100f2854bebd164c456d,sel_0e6b18f1_8c32a4c4,sel_0e6b18f1_8c32a4c4,True,306317429b0850cb0c1cf60c4a5b59368d562a8c4441250296c606ce9cc08839,24ddb3b95526f0304131ed3390179f0c49c013f3249fe7466f55447896300d63,88.37638376383764,89.66789667896678,1.291512915129145
Cora,42,0.1,gt_simple.yaml,b70b9013e2662e8145d4,sel_b77cd8e9_ee870250,sel_948890b3_4901592c,False,48d464fdcc777109e7ade09388d6cc5f91fca22a822f8971e92c917d684db3a7,03232e918888338398d4272a4ee79c682cb8ead4a2800046700df1781d6ea063,88.00738007380073,89.2988929889299,1.291512915129156
Cora,42,0.1,r_point.yaml,d550f6b616f1cd73b79c,sel_473cb640_5a73423c,sel_eec26e28_e33f74ac,False,efa0235181299131f85d5384b65390fd60b9d68e3086d5c70fab79faaf038282,5b523831c0a425ab3b6d12067a4c3a2736623a6afbdf5d39f857004584ab2b3e,86.34686346863468,88.37638376383764,2.029520295202958
Cora,42,0.1,p_graph.yaml,8fef46d344e80f231a3e,sel_4804bfb6_b646343b,sel_c233fcc9_70e0f8c2,False,4934060bad56e347f4d9d8ce7f2a9bf3e17790966d3d44d68474d63362c1ff90,507b8a817424919f176a2d079a88979868ec64bab5f7d7268154d61a22108c3a,86.34686346863468,89.85239852398524,3.5055350553505615
Cora,42,0.1,p_point.yaml,d3a697c8df070c0e20ae,sel_fb6c037b_d804e94a,sel_64f54591_251eb863,False,1e378655ce4708be35a2d265b907ad7a45224561ec85508a9ab5dfc0cdb8f3ce,acc6ac8f65f4ea3974a63d43d082721c0a4ec1961ef1102c31759e0388ce86c4,86.34686346863468,88.37638376383764,2.029520295202958
Cora,42,0.1,gt_full_all_trainable_hops3.yaml,825285602b6fdcf68591,sel_b45abe26_85e6a9d1,sel_6d99d150_98a55727,False,4081a5f11789ee1224f1b91605119d9936d0eb2cba00fbf9c87a3de65b623141,fd9913988496bf7d34c395b4f56c7b322827e62aee3b75be9d39ae878346858e,85.60885608856088,89.85239852398524,4.243542435424363
Cora,42,0.1,gt_full_sgc_all_trainable_hops3.yaml,036cbb82bc0b898c416e,sel_e5bb2e81_6834cbb4,sel_70e94bfd_da88542f,False,9239df399920710563e2173b57fc1e03e661dbc8127512a838c483d451a90394,331ff5ca204af347bac0961c89d05c6fa3b1f9bb8aacfc13e9ee688cb6926ebc,88.56088560885608,89.66789667896678,1.1070110701106972
Cora,42,0.15,gt_full.yaml,15ec8f3181c70d13323b,sel_feb54c3a_84d5cd23,sel_4d39563b_e3c55482,False,33f686d5e01dc1c21fe513c5b0142b2fec677f16ea46ba3b1e669669f9483512,d05314ba7f6dc1f56dfc54757613671d70f6e30b238b848b2a94b5ebe866c1bd,84.68634686346863,89.11439114391145,4.428044280442811
Cora,42,0.15,gt_full_all_trainable.yaml,42a6d7c648efbc60c29e,sel_889a0ef7_46796f27,sel_7d5b2667_d524dee3,False,27687557bb2513aaa29e4279580f5e6b89bf239a2eb284f43cd496592ef5594b,0fdc678403f2cafacde44ca767959252c5a487d8fea90735286e6daeeaea06dc,84.50184501845018,89.2988929889299,4.797047970479706
Cora,42,0.15,degree.yaml,86416adc602e263c7922,sel_c9463f28_8a945cf8,sel_c9463f28_8a945cf8,True,001a3f136ede0af06d38a91d0bd01bcf6856c5e904ebb1d6322ecb04326e302b,4c4ea1a4af58ffd2db7853896e617727cbf53b840889dbd6c0f5f420bab9113a,87.63837638376384,90.03690036900369,2.398523985239853
Cora,42,0.15,random.yaml,a19f50fe9d0a5a15a88c,sel_f67c6d7f_6dba4df2,sel_f67c6d7f_6dba4df2,True,3ab34092444614472ce1cdb3d0167aa2ba2efbf47baf3945d98b39e14a10ae36,fe34a4cb499def587b318f6dc386fa281b2f59a4969e3eede60d28300b0460e9,87.63837638376384,88.92988929889299,1.291512915129145
Cora,42,0.15,gt_simple.yaml,a0cbb905ebf9364ad345,sel_4a340c6b_31f83c07,sel_948890b3_4901592c,False,b6b934c936d33f1e22a1ead11b1693f563564a0adc445eb73842be3354844077,ae60c66661b4191e6d7041a28d97aace19b7984056c9f9dc4ed86d0c60a23909,87.82287822878229,89.2988929889299,1.4760147601476037
Cora,42,0.15,r_point.yaml,54c36b8ff7f0fbf29f19,sel_6cfd29eb_8e88ec00,sel_daea1ba5_22dc40f4,False,8b2e191b675c4003ddd90837f3eb4006ed979ceb56402bffcd4235253d5b81aa,08d00d3496316312cc048a57ac903d2f87ed4bee127f1bdc355c00f2a971faba,85.23985239852398,88.00738007380073,2.7675276752767486
Cora,42,0.15,p_graph.yaml,88004ed0b4d7d3aa0756,sel_aec0abb8_7723ddc8,sel_c233fcc9_70e0f8c2,False,9b64ae388823bc7ee9ed4ce19030ed5c2eaea01f4024cf3f7b1c7a3251cb98be,34b5e148f65dccdd26bee315b636a3d8895aa4449fdd932c5b82889e985cee9c,85.05535055350553,89.66789667896678,4.612546125461248
Cora,42,0.15,p_point.yaml,30fde19a8bd8b7a06299,sel_25d28539_1095a74b,sel_64f54591_251eb863,False,30470643c2180033832294f4a2b0619398f061494ac8aca558bb54938b450742,e01c3cdf38cb1dd0e36c67b43c2f642525f41d13f3dc19179624b690772b7f1a,85.42435424354244,87.63837638376384,2.2140221402214055
Cora,42,0.15,gt_full_all_trainable_hops3.yaml,3a3f8952aaf6455fadb3,sel_140d9b9e_66dc5fd1,sel_de2cdf0c_9a629065,False,18c9977aa72b9c395076e1534df361e6348df996f74f8c0ba349486a70401f77,cd2e934befda8603c5db6f6e540334199c8576b60e9f13e6c0b8c08c799d5207,84.50184501845018,89.11439114391145,4.612546125461259
Cora,42,0.15,gt_full_sgc_all_trainable_hops3.yaml,af40f24607ee7d55ef51,sel_9657fad2_051be1bf,sel_70e94bfd_da88542f,False,d0149676ac3bb5a5d3775ce33156bf04ab0cbb39c979299dc201670c55dda56f,05155e2249c43c1cff19cbbfc8627156514579531bac032b83e530e6e6c6dc9a,88.37638376383764,88.92988929889299,0.5535055350553431
Cora,212,0.01,gt_full.yaml,d112808bd1dd6c6d81a8,sel_0e5c78b1_f80a12d0,sel_6a3357b1_120c67a2,False,c004182b3cc48b2e84fbbcdda0f6d28bdd9ecb464256ba912bf885749090c7bc,b69e9e692241269206e87da5d8cef7ff5662278292745b8a631b9402668e5437,88.92988929889299,90.40590405904058,1.4760147601476037
Cora,212,0.01,gt_full_all_trainable.yaml,0b44fd04431efb2e9907,sel_3a5efaae_118a5eb0,sel_96c10c39_0bf15964,False,eba7a11420eb4d367feae56d263a4d11e234952940d3427128420935d9da3c2c,66bb6530336551408ad55361fef239681d310335b9c2bd1197c6a81de286c0bd,88.74538745387454,90.40590405904058,1.6605166051660514
Cora,212,0.01,degree.yaml,9ebded254d1fbf56491c,sel_912a7a7d_9c150d43,sel_912a7a7d_9c150d43,True,1b2822f2922b3e81412181ada34c8e3cf23f1eda6ad2ef83de10643b896f927e,2db705f2ff0c9e0354ffe6e21739c4dc6812194d9f91248f194a88be8a176c4f,88.92988929889299,90.03690036900369,1.1070110701107083
Cora,212,0.01,random.yaml,927ca8bd27c2c866cd85,sel_28323871_86676fa5,sel_28323871_86676fa5,True,9609d0044a25cd4900a661b7193c927a4f72f90a5eef0ecb410ec1fea5619da9,ab87f3126d3ee1090bf40b36c26cc451d903a2e401a45d5dcdd5c73ba4cfd9cb,88.74538745387454,89.85239852398524,1.1070110701107083
Cora,212,0.01,gt_simple.yaml,eace32ab2ac876afe3d8,sel_ad057456_2c88d9b0,sel_faa525e6_c82e1591,False,b3115f100013963203e2e3e84918a680a7c37a84605c241de3b586db386c0c0f,c1d22e578a0dbe5a269c38a627f0004d32c0b9e43d2483c7218b5293618468fe,88.37638376383764,90.03690036900369,1.6605166051660514
Cora,212,0.01,r_point.yaml,717a5c49e36d755ed65d,sel_df957b19_f13c52ea,sel_037e9e97_e68531f8,False,53a0e98976a8c390b8e03676ed7989f93fbd16b7ebe00fcd272e4645b479a379,037a2763c35bb541e02c42167f181735069aeae2e3d83cb8d8201e432008ecd5,88.37638376383764,89.85239852398524,1.4760147601476037
Cora,212,0.01,p_graph.yaml,fbde3b17daebf55e44eb,sel_5b0df6ed_30167daf,sel_05c4d06f_504b4e07,False,0a3ab5ad1fec0cb8ce2d6eeb182e2852a8daf4a71c2ed60f173d23985847e40f,f8a2ba27d609f7e8982f0f1ccf97bba7926aa16b7bd29bc476ba73deab6db028,88.92988929889299,90.03690036900369,1.1070110701107083
Cora,212,0.01,p_point.yaml,8b894a4d2f3f601ef482,sel_18e73ba3_8be9ad42,sel_29b81fa0_7a69be5a,False,2e95a9d3e144c399befcc77fc1120243b6f0d4f638d852e9466d0c0bf2b176b0,b8581fc4140c2c5705bc019b2bc1aff77709e9af8003e49e2100dab35e10176e,88.19188191881919,89.66789667896678,1.4760147601475926
Cora,212,0.01,gt_full_all_trainable_hops3.yaml,19b15f76ed8999a47e61,sel_e44c86fa_f2355dba,sel_48aaeb8d_f59bfa6f,False,71a5cf59db78cc820dc9d0f0bff06cf0411841fc460a02c189c6e19c25e31e57,d428b856cf96032d84ee29857ee98d9eeb5b410391b1ab7748c1b0be264a85d7,88.74538745387454,90.40590405904058,1.6605166051660514
Cora,212,0.01,gt_full_sgc_all_trainable_hops3.yaml,b5258e31071be043a0de,sel_6fdf26e2_b011395b,sel_60e7542c_976cb16b,False,bfcf460715620302e277bd5e5b55f2b9111359c8e37018a90ad11230edc0cca6,f03a27e3778d73fb1a97d88c212e0afd7947417c34fd882d1ed90139f64d3e6c,88.19188191881919,90.03690036900369,1.845018450184499
Cora,212,0.05,gt_full.yaml,189685c54b2e2778f992,sel_0e5c78b1_f80a12d0,sel_6a3357b1_120c67a2,False,03566b0a2ace4197e2367e100d0bf60edc9144195243de3c229a1a3181464281,335f2447123df47aae2de7e15a6ce28c92d575a66b68b37afa7e3711c81f754e,87.63837638376384,88.74538745387454,1.1070110701106972
Cora,212,0.05,gt_full_all_trainable.yaml,f6db88f3c4f956cc9e22,sel_dd963ced_96c0681e,sel_96c10c39_0bf15964,False,eab52c8eaab1af72444e810bdb9b3c7fb6820358ac1cbc9c490f9c3e7b94daae,3c1adc2f9242becf94075ca0750aedc60052079d38cf8273aeaba612cdd20d5c,88.56088560885608,90.03690036900369,1.4760147601476037
Cora,212,0.05,degree.yaml,4f40ce4d1173ed106ce3,sel_ff46e44a_c86d7141,sel_ff46e44a_c86d7141,True,05785f4700c4677c1be0e4cb6c85a51780a64f2f4a3f9d70669e91feb5d10d4c,af77ea341b7324392620106377b31127f457a8f8c6a7971e51a1b1cbf29c8654,88.00738007380073,89.85239852398524,1.8450184501845102
Cora,212,0.05,random.yaml,9624e472c5a8623821a7,sel_b82f83da_fa557c8b,sel_b82f83da_fa557c8b,True,202c27260f9c6b1d479aebe7839e949e2f5f13fae082d95dfa3bcb4baa089bdf,8a433a40dde40bd56d6cca846b8fd03c774ea957e39e0319f48053eaaedb03d7,88.37638376383764,89.85239852398524,1.4760147601476037
Cora,212,0.05,gt_simple.yaml,8997e77bbc0af6e15e72,sel_552ff733_c27ddf3d,sel_faa525e6_c82e1591,False,9d59c5172cb0665e3e64ff3055a35a90256a4264b1da2e28096f4fcb072704db,ee7915526bd49a1c9574542e8da615410d1464f840fca0c23432ee730b6aae4f,88.74538745387454,89.2988929889299,0.5535055350553542
Cora,212,0.05,r_point.yaml,469bb961e77161871ff6,sel_2c5e16ab_58e16ba2,sel_037e9e97_e68531f8,False,db584bdef60cd2179e272c045ce05ec031e305909e378fe6d1245fbfaba88da4,e641cd946ff72db3cf9e4d5dbb4f689bf7f11dbbf20941fd9eb3dd4fc00774fa,88.56088560885608,89.2988929889299,0.7380073800738018
Cora,212,0.05,p_graph.yaml,8033dc7f1a683467efe9,sel_2187e5aa_35a90bd4,sel_05c4d06f_504b4e07,False,c737bc7cea5440f53aee6b0e5330a0c31137abcf71abbf535329815ffca68cb1,e92636d1c2a9db9e59b1f84a6e11c0a79c75fb2810f9a97ed545ff603637215c,87.63837638376384,88.92988929889299,1.291512915129145
Cora,212,0.05,p_point.yaml,5ccbee192360d98a868e,sel_07be9b7f_a7b33e7c,sel_29b81fa0_7a69be5a,False,d3a154391ac3e862488a1fe60eee89e3a7c9c066b66a781ff4bd661010dd5866,3aa868067fd673b4106f1cd279383ade9dc580c1937711470f28fac38b4f8d29,88.19188191881919,89.2988929889299,1.1070110701106972
Cora,212,0.05,gt_full_all_trainable_hops3.yaml,8c606e763bd9efcbc0e5,sel_e44c86fa_f2355dba,sel_48aaeb8d_f59bfa6f,False,83b82f9641800f75ecf1847e031476eaf8e97e26be8a16755fe286a1a330bb70,2a1002d00b48781cde371ba2bf5deb8891da4062e6e7460859e44bce0b62a2bc,88.56088560885608,90.03690036900369,1.4760147601476037
Cora,212,0.05,gt_full_sgc_all_trainable_hops3.yaml,78df4f13f18ce699e63b,sel_5c928dda_eb6381bf,sel_60e7542c_976cb16b,False,749c0ff289009b8c4c092db6ad44002d36d5cc445c71472b15ff82848fa8aac9,7ab2904ea8278e562d076870b614af2ab76e9635c6f027a9f48b8079144ae44a,88.19188191881919,89.48339483394834,1.291512915129145
Cora,212,0.1,gt_full.yaml,27a59ff8322fb2c7ddf5,sel_0e5c78b1_f80a12d0,sel_6a3357b1_120c67a2,False,63b4f0f431498bd648c2c43f70869b590167530c69253273577ff6ca6e524da8,61f7e1669d24b3319ed2c5dbb7991987054e5b73cde23163f7ddc850c8314a8e,87.08487084870849,89.85239852398524,2.7675276752767597
Cora,212,0.1,gt_full_all_trainable.yaml,4ee6cfa0dbde8b4d0116,sel_5cebf3fb_6b498b48,sel_96c10c39_0bf15964,False,1ee305069501e909e3b60b6959f2e1c159ec9b4f20f8d962b03ce6f4d5333606,c3f2635c96d53b55dc816f5f9d49d97b60818920bc958286d579140ad3b437f7,87.08487084870849,90.03690036900369,2.9520295202952074
Cora,212,0.1,degree.yaml,846cee611cf1c8648393,sel_ff46e44a_c86d7141,sel_ff46e44a_c86d7141,True,d1ae6a097d0307efad9490ae9539146940864e7daf4bd424512b7f832824675f,82f954561c54a1d768275500ad34b75feebfe94f6573edc0484add08b8d824e4,87.63837638376384,90.03690036900369,2.398523985239853
Cora,212,0.1,random.yaml,efab576c008c888b5e42,sel_0e6b18f1_8c32a4c4,sel_0e6b18f1_8c32a4c4,True,d6f9bf9ed688a2f6c150151430fdb3d274855d3e0e19ad3e736abd267f874b38,eb5990202e6c5d1429dbd6e8e3d81f43aaa8481031bd83e770123223d2e4bd7f,88.00738007380073,90.22140221402213,2.2140221402214055
Cora,212,0.1,gt_simple.yaml,d6f1ddcddf637ba74997,sel_7865f385_32217977,sel_faa525e6_c82e1591,False,399e9547b537b462cebe24880f239a109820609645ec525137932a8f5c1d5ef0,97e852ce58302c69b4137d6c040a07926276676da6c7e0b013e0cd0855d371e8,88.19188191881919,89.85239852398524,1.6605166051660514
Cora,212,0.1,r_point.yaml,216ea5fac14051787903,sel_35c45d59_be0fdbb1,sel_037e9e97_e68531f8,False,049c87844c4b97a4a72a93a6e2d39df64609c0d22a4134a49533c1b2559a0d75,9fe13af4a5adeb872eeab94ea704f6dee75431c4f26fd17585d754a93bda8351,87.4538745387454,88.92988929889299,1.4760147601475926
Cora,212,0.1,p_graph.yaml,6c147d2a51e0531c51e0,sel_7f409eea_8adab678,sel_05c4d06f_504b4e07,False,0ddcfda4bb0648df881c8eb78ef00c3cfa51bcf323c7ec506865a9b8e1c15c72,2c96844bc0da807ebdf7b8ea07659c8a115def4e737984c530c1cbffc6eed23d,86.90036900369003,89.11439114391145,2.2140221402214055
Cora,212,0.1,p_point.yaml,45f8194ac56ea2a72944,sel_c0c6d09d_c71ad2fd,sel_29b81fa0_7a69be5a,False,64c7eb2a03c3d9f58aa67bfad6315ce098cea2152f6ff9e4df44d0acbab842ff,f978853ab558e089db63649bee4144759aa4196ec5959d531008046560c813a7,87.26937269372694,89.2988929889299,2.029520295202958
Cora,212,0.1,gt_full_all_trainable_hops3.yaml,5204699c201e9374c562,sel_e44c86fa_f2355dba,sel_48aaeb8d_f59bfa6f,False,133a4b669bd965860738df0b3e3573f08a1254ccdad3d72fe2f9dc7ce626d62b,e2082da18fb171058b18b294b74521fe709a99043776021e169e9c9b2de0ebb0,87.08487084870849,89.85239852398524,2.7675276752767597
Cora,212,0.1,gt_full_sgc_all_trainable_hops3.yaml,f2a783a92839b45c62a9,sel_cebd07b2_8a5efab1,sel_60e7542c_976cb16b,False,deb77fadda523eac5ab47e75f800e0f87128b75f042566edced90ce045ea5f5c,e9f254abdb861d66d7b270178506928f2b014c0a21f9c5390c7eed1db2d2bd82,88.00738007380073,89.2988929889299,1.291512915129156
Cora,212,0.15,gt_full.yaml,c49f8329292db147e236,sel_cf6ec645_adb0b85b,sel_1d6ec06f_54d420f2,False,dc8152ad1397629f554b1549719385776ea86d5b9fb587e861b3646124a857b4,d04d12bf7abccec2caf0639dfe87f6286086159f5b69c54c12f1759cdb9ec0ac,85.60885608856088,89.11439114391145,3.5055350553505615
Cora,212,0.15,gt_full_all_trainable.yaml,1889160f97b71c8db92d,sel_54b8c623_fb23bf94,sel_96c10c39_0bf15964,False,7dcdfc8c274316e5cf130c1e58166170318252e61048011924f155893be88a56,ca108b7018d53f512a9065f219a38466ec2761b31aca4445000abea195bca08e,86.16236162361623,89.85239852398524,3.690036900369009
Cora,212,0.15,degree.yaml,71d91eeffe490c48bfb8,sel_c9463f28_8a945cf8,sel_c9463f28_8a945cf8,True,a3fdec913f8d8b1f1f539de85152153f672cea6cebe833ae2663eaeed6a4cf79,cb479400802b0a33c7b44b659b7246ee7451cf0610838b15422957d524cbd2bc,87.4538745387454,89.48339483394834,2.0295202952029467
Cora,212,0.15,random.yaml,8e6f5bb63f2339f60bc7,sel_f67c6d7f_6dba4df2,sel_f67c6d7f_6dba4df2,True,3e3ab15286c19827d57840575d4c35b5cc44e7e4f00431244a57d1982476c9be,4779c760edd268ce85a15057746f4a8144e275111dc9a5047fee1425a399e6ea,87.63837638376384,89.2988929889299,1.6605166051660514
Cora,212,0.15,gt_simple.yaml,4da60e65b77c72f26d63,sel_c89fe7bf_b6321494,sel_faa525e6_c82e1591,False,7d339ec984c6a4885fa3ebe97f1d66ad513b92a77068868af9af18494a1d9b3f,fd1f3bb49cc1e93088aa2531e6a85833c9df5be71593100773b1b57e3e27fdfd,88.19188191881919,88.74538745387454,0.5535055350553431
Cora,212,0.15,r_point.yaml,47cb3121816be67151ba,sel_f9773cfe_7f2003d3,sel_aef7e733_e2140cca,False,00593046d018c713c3a2995fb19185498e223c0961e38c6333776d4b1f58a6d8,0d58b813ed26cc2d0518accb6adaef383b1832418655ef2fb304cf2c939ce37c,85.60885608856088,86.90036900369003,1.291512915129156
Cora,212,0.15,p_graph.yaml,9228f74f95ba45f40e73,sel_ff87e59e_191733d6,sel_05c4d06f_504b4e07,False,e845c2d19c70ccc92b7735122d54422a9b9ed07c04dacfc221ad35f7aaa31928,b8245f71f624151cd7c874083104997294a9722a4b5427c650eab793d8e81ad7,85.60885608856088,88.92988929889299,3.3210332103321027
Cora,212,0.15,p_point.yaml,f241ddc67cfede716554,sel_fdef8950_b6827141,sel_29b81fa0_7a69be5a,False,9213a9c8828399b85100b0d0be5f1913d7f9c138d23d36c6c4d1978a8f37fe51,18d0cf2efa39dacbc79a7b3c6646a26ca06bbedaffbdf464d061005b0d504e2c,85.42435424354244,86.71586715867159,1.291512915129156
Cora,212,0.15,gt_full_all_trainable_hops3.yaml,f2421106cb12e4846ae2,sel_02df8041_b3a030de,sel_eba59f73_d483ae9e,False,0b50f5e91560f42e5a29ca2b854ee4d9c30b6fa83ca2287dc90d1c1fb77a8e59,9be78b39fd8c36c754e847ae96d9d5275d5fc0276b731c396d81a3122d382ee7,85.97785977859779,90.22140221402213,4.243542435424352
Cora,212,0.15,gt_full_sgc_all_trainable_hops3.yaml,898aa2b2f966e77e520e,sel_fdb36fbc_ac832db9,sel_60e7542c_976cb16b,False,03e51d4ed0e493e6b8422f1b64258af4bfa42a00ae8790a10363d9fe7a2074bc,c837208acafafdedd65397fdcd557812672a202ccda264e44d9d1dec3d29a97b,88.37638376383764,88.00738007380073,-0.3690036900369065
Cora,2024,0.01,gt_full.yaml,42fda6f82101a99a3fac,sel_6caa1c71_cd9038af,sel_1c1dd910_e68b6060,False,015ca57e83dfb3c5eadf24b6bc97026f3562ef711da41f70e9b3eb5a26ad5d07,307249c00ee9b03f8447c0c77ca2a016f00af868f3f7882bf6f3deb82c3362e6,88.56088560885608,90.03690036900369,1.4760147601476037
Cora,2024,0.01,gt_full_all_trainable.yaml,b8fa7ba9499461fc18c1,sel_5cd9e8b7_0e33b7b3,sel_fcc33977_c7954a58,False,23d23641ce8434cc69a23695576388085ca195b54d31550077f3e4d1820de544,b3e004c9376db8933a387f87749d52396c28cd32698c46659bae707fbc6e1c37,88.74538745387454,89.85239852398524,1.1070110701107083
Cora,2024,0.01,degree.yaml,119cf25a0e937abd4337,sel_912a7a7d_9c150d43,sel_912a7a7d_9c150d43,True,f342d3a8835505e0a12532bd06f9a99cdd80e03cef1effe453c0d4b5452c6c95,43ffccbab2af8c23312c8fc4f9a648b9816a10b3a26118555d1a0c9dc66ffdd4,88.74538745387454,90.59040590405904,1.8450184501845102
Cora,2024,0.01,random.yaml,40f41a980955457188e1,sel_28323871_86676fa5,sel_28323871_86676fa5,True,56e47348ab6eb9d3201854c0259c627468e94410f9820076363380dbdfc0ef73,59b92b4738b11b0606ac59042dd0c6243b1a082322395ca1f31861a9da6e754e,88.37638376383764,90.22140221402213,1.845018450184499
Cora,2024,0.01,gt_simple.yaml,ed840ad5a269f0c245fc,sel_3fa0cf5a_3c7d2f47,sel_9062c0f4_128a6c4d,False,b3a3feac91ce5f308de8839f829f53c5f9b4d39b2b1d9fef4ff81be9eb98ff01,5261400b3af4637675859cc0dc45b2bc4ca9e307f624ff2c37a1e57ec702d31d,88.00738007380073,89.85239852398524,1.8450184501845102
Cora,2024,0.01,r_point.yaml,257abe4cd5fa903221b6,sel_72bfcaf8_d72505ee,sel_5e760d41_507e7a06,False,56c5d8729018ab2d3e0afc1478a14634a96594c61b7aebacce4d3f4e9f5ced9f,66af018b3213dfca9922d9c5ce36ffda101c1515dfd63fcf6d129e354aadc608,88.37638376383764,89.66789667896678,1.291512915129145
Cora,2024,0.01,p_graph.yaml,e1f7b45ce9072c8d7af8,sel_7631d5d5_c85ccda9,sel_ba1ee7d0_0bffe1f8,False,eae46c2fc87e8be7fbdeb56483239ccb9f5ff5a5c521626ee0fba57ff2bbdd67,4314765f541f848cc9eb72a0f77c4278e646dc878a98e1ff74aeb3243dfbb123,88.56088560885608,90.03690036900369,1.4760147601476037
Cora,2024,0.01,p_point.yaml,b0f1f67d7af53bb60833,sel_04c256f4_1dfb724e,sel_a7fa295f_c1a1888a,False,aceaefb7970062237efc5052c35109fee442f57e3313ba85a53d01177f2e2262,21df01586ed761348f0b3bad6af2b791729b3b2c6738f187d7e224116f49db69,88.37638376383764,89.85239852398524,1.4760147601476037
Cora,2024,0.01,gt_full_all_trainable_hops3.yaml,2a336c0b1fc11fe7c8e0,sel_f7ae77f0_3a2f3f1d,sel_1f54b6cc_aab9de03,False,cb3e05fdf489026a8e38eee90bf45e3ac1fcb6f89966762b07962acf5af3383b,c1e39710fe98daa214a3829ee621aee7974fd2aeeab8ee7fcf3214a29080472f,88.92988929889299,89.85239852398524,0.9225092250922606
Cora,2024,0.01,gt_full_sgc_all_trainable_hops3.yaml,6587cd25154cdb57ef0d,sel_13baff5e_5202c4c3,sel_c01a4ef5_2d5376b4,False,8e731215d56b230aae30b387c94bb7870c27071843119c4533fdc4f48fa5fcae,ef968ce9a4a34486a25f4ad6e810110c14d54b79802666f1bd3e6aef3a9e7e4f,88.19188191881919,90.03690036900369,1.845018450184499
Cora,2024,0.05,gt_full.yaml,2918ee300c5c9d9ab19d,sel_6caa1c71_cd9038af,sel_1c1dd910_e68b6060,False,2f8891ddaf23645bd0f10459248ba1b27857e153429724ff2ddde63b0b95e020,986fac3e6d5f067847ade913fcdbc3f73e6d6ef557d2c23c997131399bc98129,88.00738007380073,89.66789667896678,1.6605166051660514
Cora,2024,0.05,gt_full_all_trainable.yaml,2f7fb4e34bb3af6d9a94,sel_bd4a7fd9_75de6c85,sel_fcc33977_c7954a58,False,bf481639dd9253fef7e7bebabccd809a4271dfa7ff9e7a6cfb630df11c12805f,28b14b1180158a321dcb93e963c651fe036547837f6597b6d1cda49db06b3ce7,88.19188191881919,90.40590405904058,2.2140221402213944
Cora,2024,0.05,degree.yaml,65e8b02fcb3aa15cefcc,sel_ff46e44a_c86d7141,sel_ff46e44a_c86d7141,True,7fbfd6f35f7427f6e34a163dedb190f1e997d09c7142c9351d5fa2fc7516ad6e,a83b6040ea83ea7a568d56a31a4eb69c230db1552eca9727a461c5b0a3f0b6a2,87.4538745387454,89.66789667896678,2.2140221402213944
Cora,2024,0.05,random.yaml,857449222a6221d7204c,sel_b82f83da_fa557c8b,sel_b82f83da_fa557c8b,True,1da7e391b2450e785e76578461802e88f02dbedf8397f5848c17d7d658917150,7f274dd48260128afbdd59053df9cecfe95f6f0141e6c0118f59ad7e8728e6db,88.00738007380073,89.11439114391145,1.1070110701107083
Cora,2024,0.05,gt_simple.yaml,6eae9765e52767e93972,sel_96c06f99_e685ac55,sel_9062c0f4_128a6c4d,False,2f699c95baa14ed3b55fbb87cb7aad2e626c5b91d72b5c1a73a28f2256289caf,b9c2bdb1ee1b0d73841a22143162cf9acce4c2b4e28af25b544131075484a9a5,87.4538745387454,89.85239852398524,2.398523985239853
Cora,2024,0.05,r_point.yaml,22c10cabe44a459a014e,sel_12d6dac8_f697c7da,sel_5e760d41_507e7a06,False,5ea90892d9d28bce833f2b6b4ffd70fc0d171805ceb5810951139ef546f9ba01,41b8f631d2fb4f61f91dd3e4feae093a9a95c069f8e70b49eec52d15f90e52c9,88.00738007380073,89.66789667896678,1.6605166051660514
Cora,2024,0.05,p_graph.yaml,9e0070b43ca2bf29e49e,sel_b7a699f4_15e9ce0b,sel_ba1ee7d0_0bffe1f8,False,6f65d39ed6a1e2cdb285684bc78ebc741cd9a96f8ee3ded16ba98924030cd789,2ba2615b25f86158828cd72257783e19b188ab1f1dfc579817798a99c06fc656,88.00738007380073,89.48339483394834,1.4760147601476037
Cora,2024,0.05,p_point.yaml,08c14cc03caf8d85318a,sel_2a4857b4_dd4a24b2,sel_a7fa295f_c1a1888a,False,b1dc575a967e2666c43c438d5e61773621da719ca5516d7f73139d8b5fd8d375,e4d9796fca50e5f6dd85ed15f18e26fea6c80d8e54ee331d18b1df582e963b0b,88.00738007380073,89.66789667896678,1.6605166051660514
Cora,2024,0.05,gt_full_all_trainable_hops3.yaml,3cd3402396066034530b,sel_f7ae77f0_3a2f3f1d,sel_1f54b6cc_aab9de03,False,57f83f421184859d31ae584cf6ab5934d585e629d6f8b44f6a6af13d901cc459,22a0c2538c4a09ee3ce5251433e1e12268c645e7ec975f511334162b0fdb2d28,88.37638376383764,89.66789667896678,1.291512915129145
Cora,2024,0.05,gt_full_sgc_all_trainable_hops3.yaml,69f8598c480c08e3595f,sel_18f1e6f8_592a2a66,sel_c01a4ef5_2d5376b4,False,695657685eced114daacca09e595d87a99af18bbca63e42f47747ace336b47b0,603856dd3aca998d8b36b27ad0b3c971c50aa73d2c296762f2b651036a9e8db7,88.37638376383764,89.66789667896678,1.291512915129145
Cora,2024,0.1,gt_full.yaml,c210540dea780e5936bb,sel_6caa1c71_cd9038af,sel_1c1dd910_e68b6060,False,590a9dcc85b692327d30e20bdd39fc3aafe8aab47792b9aac45becf86ac084fa,2e8c80c88be322f5c41bb8c0dbc9260bcf229538ce0cd207958e4360f9ba239e,85.60885608856088,89.48339483394834,3.874538745387457
Cora,2024,0.1,gt_full_all_trainable.yaml,5e1c47fd956a5713df6a,sel_9c5d5434_d74b4627,sel_fcc33977_c7954a58,False,3ac807b1750cc9f71d920515bc87574ce233d71257ac2696f4444af00bf82b0e,544ea59a7ab41235c483fa3e7b6ee14734bc9d6fd93a81b206c3aaf615e1a7af,86.34686346863468,89.85239852398524,3.5055350553505615
Cora,2024,0.1,degree.yaml,e7d3a8fc2d4c33afc7aa,sel_ff46e44a_c86d7141,sel_ff46e44a_c86d7141,True,5c7c6fbe9f3cf78d6a817292b4cfac55e52c6fac8bd0e110c8e7d38b3d927be9,f9b3a0cfef194414e1025b0c381062abbf4e7a597c4e8465cfd3d5bfb8c73f9b,88.19188191881919,89.85239852398524,1.6605166051660514
Cora,2024,0.1,random.yaml,fe904dfe5fe754e87ede,sel_0e6b18f1_8c32a4c4,sel_0e6b18f1_8c32a4c4,True,5fbd45776e613b0c2c657315d2aced0c9299edd448266cab176055708c66a62e,f04e21bf3348b002b5d4e6f401c9ca939fabf1ecde40d69eb3388c8280300f93,88.37638376383764,89.66789667896678,1.291512915129145
Cora,2024,0.1,gt_simple.yaml,9ffce89b250e921ea0d7,sel_34328a7a_baf7c871,sel_9062c0f4_128a6c4d,False,a7f0c76eae38b8d4b5da7594177b15e5b61293c3c1bf621ece17eea9cad91159,0675be4ab04aefbb5589e4e3f5e52f68a2e2641adb19cf72067fda81c80d7ebc,88.00738007380073,90.22140221402213,2.2140221402214055
Cora,2024,0.1,r_point.yaml,2a913a167880bbd1e8ea,sel_5d130e55_df9c5c68,sel_5e760d41_507e7a06,False,361e557e21b14335b3c825969b434478050c1bcbcae7a5b056b5bb9df97b6aff,9ca39c4f1de5c7bf29717cee51ccb0ec2881d3f8ff386c25fef67f6e9cc952ea,85.97785977859779,88.92988929889299,2.9520295202951963
Cora,2024,0.1,p_graph.yaml,0c3f1f25415eec919d09,sel_2368f235_7d5040f5,sel_ba1ee7d0_0bffe1f8,False,4edc4cda6984f90f32d483be28b74d107fe6a8a16c54234079d9061cc1a0307e,c1d3ec43984999e315a92f7b6ac8f40b731d840687fd4c10cec00d9558b9008f,85.42435424354244,89.48339483394834,4.059040590405905
Cora,2024,0.1,p_point.yaml,a5456a426c6b29c0c2f1,sel_9763cdc8_8e0f5eab,sel_a7fa295f_c1a1888a,False,cfd4616d1d42594a741c95ec706cb211cad6945a23e7b016bd53f816c4d64301,c4bcd9f0e60415b7f3b5347730b566f6265416d7f7410fab998600cf2c759056,86.16236162361623,88.92988929889299,2.7675276752767486
Cora,2024,0.1,gt_full_all_trainable_hops3.yaml,2c0267de4357140f0a07,sel_f7ae77f0_3a2f3f1d,sel_1f54b6cc_aab9de03,False,6ae3cc503c022d98a6749a314e29638cd97528afcecb1ed6c08da860aefdc94c,c2b0fbc659f932a81b7733ed32f88402d4d1c41759bff1ee5e9f1a2e5e52e75d,86.34686346863468,89.48339483394834,3.136531365313655
Cora,2024,0.1,gt_full_sgc_all_trainable_hops3.yaml,1abc09d16beee1b42f04,sel_1ade46d7_7f35b618,sel_c01a4ef5_2d5376b4,False,8b205a06d53c9ee43a9c51eb74c9eaf71a5bcfd4a08563fbbed0a4032daefe07,17fc453fbdf33a2f74caef9381fa0b62edb02dd0e676cc8fc992cc15ec405aaa,87.82287822878229,88.74538745387454,0.9225092250922495
Cora,2024,0.15,gt_full.yaml,33aa4b5855f8398dc71a,sel_7b699943_427514e6,sel_f76bf5df_562b1dd8,False,c968cc1d7fca713a91a819154bfe06053539e99907d61500e856be6bc0dc5844,f92eece3f13a4d2473f957d46c913a03dc624d532894393f779d7024732d17b8,84.68634686346863,87.63837638376384,2.9520295202952074
Cora,2024,0.15,gt_full_all_trainable.yaml,517dc89d0ec1aab8c5ec,sel_0941bebc_5c7c503c,sel_fcc33977_c7954a58,False,cec76df735e6daa345a3b7107b76a3db98cf44bb332dfce11f676e39ee9a6fa4,587a809ee90678983a0444dc93fd949a25f50b2e00fc01adcb814c8dcd2ef2d0,84.50184501845018,88.00738007380073,3.5055350553505504
Cora,2024,0.15,degree.yaml,65514e6d519425c757ad,sel_c9463f28_8a945cf8,sel_c9463f28_8a945cf8,True,188acbfbb7cc7019247bc1839537b5eb858cbc99361b60c5e341be92bcd2d9ca,cadaffc3b434dbbd9677f1a4ab3926c1be05925c995fb288b62b633d5cb39aa6,87.82287822878229,89.66789667896678,1.845018450184499
Cora,2024,0.15,random.yaml,dd87e91f12b6e424d0cf,sel_f67c6d7f_6dba4df2,sel_f67c6d7f_6dba4df2,True,005146138c7886ba2647c38afc9042a324f415285c1ecfe9d77afffe70f45cb0,3866e7ac7654ed3a9c26097c70495f8ca69ea90528c49a20c06e2b1e3ff6cd46,87.63837638376384,89.48339483394834,1.845018450184499
Cora,2024,0.15,gt_simple.yaml,f8d443bb55d8b4db81ad,sel_951d047b_26e6c81f,sel_9062c0f4_128a6c4d,False,bc562bd2d9cca2e6c96ca0dee1fe7a6a4085199253e84450c210c941d5b10446,ce933bff80bef39baf40b08349d8347390aab4fcab0ad3512eb8ce624d553357,86.34686346863468,90.59040590405904,4.243542435424363
Cora,2024,0.15,r_point.yaml,0c3774e7d9e77f5e8fa0,sel_b11ec6ea_9ceefbd5,sel_d833faac_cd1721e2,False,4f2beece21c36b60e7b7ad398307132b730fb0b2d4021708f54d6dd9b226d483,363c796791915bf5560a61133029e7430eda5c43726cb53ca50c3e1d7de9dce2,84.87084870848709,88.00738007380073,3.136531365313644
Cora,2024,0.15,p_graph.yaml,83c2bb5149ed0c5a34b8,sel_fb7f306d_29216ecf,sel_ba1ee7d0_0bffe1f8,False,edfb63883a2558893d4b2e27c9d42e5545d7c1e337c257c1eda0598cec7ee26f,38813108585806bb6918adc930ba67ed2f2bac5b5f8f8159599351decebd7671,84.68634686346863,87.4538745387454,2.7675276752767597
Cora,2024,0.15,p_point.yaml,b53c75142c702dbc3632,sel_edd42706_fa157b56,sel_a7fa295f_c1a1888a,False,8c71b081bebff776020b8c35e16bd1f55c7957a968caf4eeb124b062b52aa349,9322f7fdd12ce4ac9292d99366f89e298cbe5e53f9e04ad34c660a89980dd9a0,84.68634686346863,87.4538745387454,2.7675276752767597
Cora,2024,0.15,gt_full_all_trainable_hops3.yaml,750fdbc1d084e1fb59bd,sel_a77cd43b_3a48ecb2,sel_2dd2ab44_1735a33a,False,e0900924df5a9c7a387d03e606760cdef90ea511d284685bcdcd600a302d6971,95878cd4effbae5aa37746e2c1c4238e332c410eca85efd00670a5f662ab495b,84.87084870848709,88.37638376383764,3.5055350553505504
Cora,2024,0.15,gt_full_sgc_all_trainable_hops3.yaml,8742088f5034d686313a,sel_bcb55eea_931d4c92,sel_c01a4ef5_2d5376b4,False,e1997eb00709e2dfd5acb327414d5bb911cf5117c5717161f5bebc56010e3212,792b1a4566a8910bdbb8098d2a94d79c8f82f28dc46f6d9feb97416ffa9ca6db,88.37638376383764,88.19188191881919,-0.18450184501844769
CiteSeer,42,0.01,gt_full.yaml,a16ba86912908da207f9,sel_9b5a56b2_e77d99a2,sel_0bf2e12d_d8148270,False,657d94d9f4f8bc867a5d6420da8d0cb0ae7762ff7166755c07ac398bc7db46ca,edb4e9a5daabe7e86341b308078facc1b561905176dfea1141532d0315cc11c5,77.17717717717719,75.22522522522522,-1.951951951951958
CiteSeer,42,0.01,gt_full_all_trainable.yaml,ce839d17efd4338c94de,sel_765bd1be_245c1630,sel_b899c2a8_91d643e7,False,aeb2645d630ebf2b86ca80a2a400edd43073ef7615a6d588589d55b8ec5740a8,2b9932f6a62e34fdfc8d712114a8f56987f275276bd5caca41834585b6407964,77.02702702702703,75.67567567567568,-1.3513513513513487
CiteSeer,42,0.01,degree.yaml,452bf9aaa0637943007a,sel_abe5882c_46b01259,sel_abe5882c_46b01259,True,c4711ad0bc615f9acdd35b531af787bfaa51d076c76702bf65806eeff55f1fb1,bb46f69b9948aa7476f057ddd335f78cfffd442226d2e924f59acd826edc1cb6,76.42642642642643,74.17417417417418,-2.2522522522522515
CiteSeer,42,0.01,random.yaml,513017167d504c6389ad,sel_ef674bf0_0fd739c0,sel_ef674bf0_0fd739c0,True,fcdde272767d42c34f7226e8b0622524cfbbe5a6deb2040725da3de1cb483b21,433de7952542ce441bb7fc5df9d78f8926bbc864667e0191d724c748aeaf5901,77.02702702702703,75.22522522522522,-1.8018018018018056
CiteSeer,42,0.01,gt_simple.yaml,b840ca4f58f872e7c60f,sel_7ddc8d6f_fe3ffc1a,sel_cdea537a_7ae21e6a,False,19d654fc6d4882e77180299faa495c1e931b518c89cc402b9e2177a82435143d,4de1c2f8a50b2198c9b871285d3719ed51653ad34841397242ac4a2109e5e63f,77.02702702702703,75.67567567567568,-1.3513513513513487
CiteSeer,42,0.01,r_point.yaml,16015babf09062ad9f23,sel_57664bc2_a731fb7e,sel_256f24cd_3c5999d3,False,c77ceefbd3166773017bd7b35a58808abeae5f4a576140f459b38aee5d05c13b,4d89bc72cf4a7415ec99d0bbd609e3727d43cac5430cba4643b953e653129ad3,77.02702702702703,75.37537537537537,-1.6516516516516533
CiteSeer,42,0.01,p_graph.yaml,a153090b9a8cc171a4ae,sel_29ce2d33_8f0c7512,sel_7376c03f_02ec2e61,False,0493b39872aaffde8bf965330f2761849cd089127adba935c0647bd33c50673e,962bfbcad17cee2053cc23283d9b41fac7e5ff8854580fe751bce4c44b824b30,77.17717717717719,75.37537537537537,-1.8018018018018056
CiteSeer,42,0.01,p_point.yaml,e9c572803d96c36a14b6,sel_42cd2bae_ea73d2e4,sel_f01a8bdc_d7c702b8,False,b20bf95de6569a4c47bf410046ac8ec19606bd5f3a2ba4d288d137e20670f365,32703bf41d5d7de8130baf73da73face61087f7fc335c6741412b590d4ff29e2,77.02702702702703,75.07507507507508,-1.951951951951958
CiteSeer,42,0.01,gt_full_all_trainable_hops3.yaml,405fc9f3df4b65b7e66c,sel_cb927115_13e12321,sel_6b0a34bc_6806cfb7,False,991f8d5fd21150e3905617efa4145e182e8bd29a774f8a52cbb6006fa54b2438,0b68a9c258a12bd63931bacdc7a9e0531a838b4b21f40e543108600bbd57ca12,77.02702702702703,75.67567567567568,-1.3513513513513487
CiteSeer,42,0.01,gt_full_sgc_all_trainable_hops3.yaml,a983fc879084876867f6,sel_9c1296f6_481088a5,sel_c57392ac_a7060466,False,7fcf372778d7d1da3b9a7b74dbe9263c53bbd1e474f377d4c85a064e355f20ee,3b591fdf04397b3def0e3e99030c3f1651643b655847842e91e3e0cca2f3c79e,76.72672672672672,75.07507507507508,-1.6516516516516533
CiteSeer,42,0.05,gt_full.yaml,c3fffbd706b814a93b14,sel_9b5a56b2_e77d99a2,sel_0bf2e12d_d8148270,False,42713e140d9898020ef9dc825474cabe6a63e4ecd928c77ce5b1250760e279a4,87212e256a8e9bbb5d9e24df583c3523376664a6ab59305822df838d26a9a3b2,76.72672672672672,75.67567567567568,-1.051051051051044
CiteSeer,42,0.05,gt_full_all_trainable.yaml,78d3be3e2b172466c00f,sel_aa8965cf_126ee2f9,sel_b899c2a8_91d643e7,False,b09f7b2195b10f043ff97a31d3673c02a4e970bb727974801deb72c2f5d9d53c,ee1643504138716eca2014115e0934ff53fb1fee142e85b901cdc1e8ed059758,77.02702702702703,75.22522522522522,-1.8018018018018056
CiteSeer,42,0.05,degree.yaml,2df4c0c8551683e24778,sel_abe5882c_46b01259,sel_abe5882c_46b01259,True,d3795b8a4847465ff863c33c69b6342b24bf909a53e329d7665bab1efd007efe,290725157fe193be5522c2b1f37578e1e796e3e62d06e3b562bef1aa7977cd6e,76.72672672672672,74.62462462462463,-2.102102102102099
CiteSeer,42,0.05,random.yaml,53b91669ebec01f91ec9,sel_827351f2_3fe2becf,sel_827351f2_3fe2becf,True,e416e1cbf9f0885ee5be4b05eb943513c70e8703d7266be3f3ac168381e3b03d,82737fd0fadcaaba2c6d13aeeb3c61a79620df61c5121e695dcca69ae0e85802,76.87687687687688,74.77477477477478,-2.102102102102099
CiteSeer,42,0.05,gt_simple.yaml,d77ab7ec4a0a0bafd8b5,sel_173f708d_9255ae6e,sel_cdea537a_7ae21e6a,False,447e806c92845923ff8873670b045437952f38057c0bdc22d08832441b2fc0e6,bab01fde84be38c224575269cee6ebfdee4d6757615450eddecb63d2f47f63c8,76.57657657657657,75.97597597597597,-0.6006006006005982
CiteSeer,42,0.05,r_point.yaml,8a229a757be83e78a9cb,sel_34eeb218_310a767c,sel_256f24cd_3c5999d3,False,e6983c28e579b1ed9c0df3d1158032d9ac3c37baa3aabf7865d8c3c9428dbcea,e04c73749a4aedb142838a997ad4cc71c7943fc78183590a55bb5fe39bedc475,76.87687687687688,74.17417417417418,-2.7027027027026973
CiteSeer,42,0.05,p_graph.yaml,951b15b4175a8eb6ce69,sel_32777780_e0775f08,sel_7376c03f_02ec2e61,False,f9c46dcaeb13171809845143c79737441473a9e8526960979575748c0240983d,244916b27e9370a87df57e505e804d031e58ede8b471138b219f45bf46336265,76.72672672672672,74.92492492492492,-1.8018018018017945
CiteSeer,42,0.05,p_point.yaml,f13c3198b502377d3a95,sel_d6a099e9_7cb396c2,sel_f01a8bdc_d7c702b8,False,e2095585d57df3cddcd6dfa8b2c3e099d13cb338d38fb1e88dab216b686d00d1,41fe17e0581d4c3dc27e25f12459fcdaa7e9b4f1b2ef51fffe8fc67798c942d1,77.02702702702703,74.62462462462463,-2.4024024024024038
CiteSeer,42,0.05,gt_full_all_trainable_hops3.yaml,5292a99eaeadf33a66e3,sel_cb927115_13e12321,sel_6b0a34bc_6806cfb7,False,8f73e55b9021f4e90ef17c8cca0d8f4fc324251e2657fffcd4ed7686f6fd3866,a38a60ab54c64970b194195391bf34aeba19db32ffef2f943d17269d3de442ae,76.87687687687688,75.37537537537537,-1.501501501501501
CiteSeer,42,0.05,gt_full_sgc_all_trainable_hops3.yaml,d19316141f2016132738,sel_1c46426c_b9d6aeba,sel_c57392ac_a7060466,False,ef2f8d31df658729db15ea272be4ea4cc88f25ae44a7f599628198db8dce2e28,8f0e01eab4c1a6780fead31771b8e8a814ff38e663cef43432be0d2f564d3d7c,76.57657657657657,73.72372372372372,-2.8528528528528496
CiteSeer,42,0.1,gt_full.yaml,225b5a9d6998e9bb25df,sel_9b5a56b2_e77d99a2,sel_0bf2e12d_d8148270,False,863e7a0430991351a0cc5e6244fb498936e3809eb363d0481835692279e1cead,33a3ac914515dcd92537a3bbd94cf69d7402b82d602c0f49b5a94c7dcedd82ae,76.42642642642643,73.27327327327328,-3.1531531531531543
CiteSeer,42,0.1,gt_full_all_trainable.yaml,85b0c76df6754a3b8f09,sel_924a5ec2_10058528,sel_b899c2a8_91d643e7,False,1cd45074ed94345d3abdb1860c6c8d180cdee450185bbdc6f698fc9b9fff4d6f,62cadf707abd663b7a65c47536a6340257a5c1364fadf269e4ae59c0cb16e56f,76.57657657657657,74.77477477477478,-1.8018018018017945
CiteSeer,42,0.1,degree.yaml,db540529c6750037334e,sel_abe5882c_46b01259,sel_abe5882c_46b01259,True,439421c94aaf77cad196279da35a6ecd8e079ecfb20b3009ae8031a206b40774,7395d9a957eb41612ab6d715000fbfda05151f761bcb5cf289e8b539a7e5c0b3,75.52552552552552,74.62462462462463,-0.9009009009009028
CiteSeer,42,0.1,random.yaml,33c60925ed0de03d0403,sel_c5d5b29a_ceea18e1,sel_c5d5b29a_ceea18e1,True,3c2f6987f3e7e1121d871015349f32ca7ae297f70b022909c5df3e421c0bca5b,76c1602d5b0cd142f74d1327b497f031f3b8f781f1f55469da5d1b28609b2471,76.72672672672672,74.17417417417418,-2.552552552552545
CiteSeer,42,0.1,gt_simple.yaml,e0d2c6964ccd2b2d6112,sel_68d5c2d8_a7ecde69,sel_cdea537a_7ae21e6a,False,b2073428eb3c6598e59db1327c744f19c9fa6c2215b2a6504f78210e9ee29054,70eba34cbcc1556fa8e18d73bf46a39f4c8f12e156701b52528b31d69b4330d1,76.57657657657657,74.62462462462463,-1.9519519519519468
CiteSeer,42,0.1,r_point.yaml,c6cd8b6487058fbc9102,sel_fbd6d188_d0ad9af1,sel_256f24cd_3c5999d3,False,81df03bedb9351592f548223ad6cd37e774ec1b54d8638d95c7be946f6f583d3,fe5e6c07d4ebea5b303e8f760500aa2355581bd2f5425691957e4b365983a0b0,76.27627627627628,74.62462462462463,-1.6516516516516533
CiteSeer,42,0.1,p_graph.yaml,6960baeb1729e0d55ff9,sel_f6960cc7_85e615d4,sel_7376c03f_02ec2e61,False,f852aea51efc476383928aae28d790fd3c4dd1decce16bba0d94ad6e07f3d92f,d137f6898be1b52faa858ab82d99cbc9f3d353ce5f26bcc75b461fc2679e2bd1,76.42642642642643,73.57357357357357,-2.8528528528528607
CiteSeer,42,0.1,p_point.yaml,f4a00056f11de215baa0,sel_d341ad6c_a5eec5d4,sel_f01a8bdc_d7c702b8,False,b40cbf1eaed699dae548a453178ebf5957355c8490cfef9c6eb1d5b0f565ddb2,be8eab0c2b32aff0dc7f73ff3daef16d806a1d0aff9518861d4caae28c4da8cd,76.27627627627628,74.47447447447448,-1.8018018018018056
CiteSeer,42,0.1,gt_full_all_trainable_hops3.yaml,258e045b0e0c2f4f20d3,sel_cb927115_13e12321,sel_6b0a34bc_6806cfb7,False,38ce4b7f861f1e93e669ba0b88a01ea2cf7ddf43d5ae7522d0728ba2a3e4da83,82b7b24ba10a7b71b4c6fb149a8bbc358ace1d6dc587cac46d8a34571ae7a778,76.57657657657657,75.22522522522522,-1.3513513513513487
CiteSeer,42,0.1,gt_full_sgc_all_trainable_hops3.yaml,9203620c17c91bae81af,sel_8b365fb9_5acdfe39,sel_c57392ac_a7060466,False,a43134cd15658be2a3d50a8422bbc16060c191158e78bc0e8aa6b3d937058d35,b3e96a2a30bae9a8995d7dd93c41f777f286064edff2dc9d1221bb399522c162,76.42642642642643,73.42342342342343,-3.003003003003002
CiteSeer,42,0.15,gt_full.yaml,1029994832a091481411,sel_c615ac63_a776f89b,sel_0b573859_4855460d,False,ba565fa1724edf387499582031ee4bdfc286665e5b8f3298fd9710e5aca1c5b4,340a10395e8685da282762162797269e8478ee444656aeaf1344fdda1b2b6b8e,75.67567567567568,73.87387387387388,-1.8018018018018056
CiteSeer,42,0.15,gt_full_all_trainable.yaml,6d33296c0b919502f627,sel_189858a8_339af172,sel_b899c2a8_91d643e7,False,8c65c2ad0a83d08843d0f828191993169c93d94f0c4e73cd73dbdd1e7aa89089,cd5d280342fa884bd6b0f02bd4a5c2490acf3eb7cd55aab4e6d7468c9bac7786,75.82582582582582,75.22522522522522,-0.6006006006005982
CiteSeer,42,0.15,degree.yaml,53321a552b2402b7dae9,sel_0dc22309_c20c50c4,sel_0dc22309_c20c50c4,True,eb3d75b58cf7a466f1e8fbc053fed70022ed057227198ab16da524b8e4aa37b9,89843725cc5bdfdd5fbc2475e4a2b3ec4884c639fc4f705248235759ecb0a11b,75.97597597597597,75.37537537537537,-0.6006006006005982
CiteSeer,42,0.15,random.yaml,300cfb880ff2035ef8f5,sel_3a6161e5_c6693354,sel_3a6161e5_c6693354,True,9dd8c1184452dbeb2d6ac57978da2edc0debc6a482477b8ee73146238097b4bf,91e13cd1f429208037326a86575a3ada4e290e61194118fe7a018d212718f089,76.12612612612612,74.77477477477478,-1.3513513513513487
CiteSeer,42,0.15,gt_simple.yaml,43bd620ccd1b8b6902d3,sel_c6d00ff3_bf38c82b,sel_cdea537a_7ae21e6a,False,bc4f62e1d6146e4c6c16bf621df061d1695a2bd67ff6689229c430e34b54b39b,69a233f4180bd8e84e8f1dababad96c804bf4fb70eaa7a2fc33f62f8247c6a5a,75.82582582582582,74.92492492492492,-0.9009009009008917
CiteSeer,42,0.15,r_point.yaml,5d15e6ec393e32b37ab9,sel_1fea0602_cb1e868c,sel_e0873e97_9a029993,False,5ef0071b3cab07be60eaf75e55cbf9d7609f60bc64237f8b0e973f81afb874e6,4e01b9146903a95378fac40ceb6fafeba66ea51abc75c2155f616ab0ef7e25d9,75.97597597597597,73.87387387387388,-2.102102102102099
CiteSeer,42,0.15,p_graph.yaml,6f4549cbdc90e5acb4da,sel_af467132_26b14d6b,sel_7376c03f_02ec2e61,False,73a99ae616d49c31d80c4048afe529515fd700b9d428049bacf8edd4f89d06eb,e02095a89aa146dd81fd7050d0e1f2afe8bda248ed2034adbfa72cab05d7294f,75.82582582582582,73.57357357357357,-2.2522522522522515
CiteSeer,42,0.15,p_point.yaml,25e4c3c38e6c2d0341f4,sel_68c9f0a0_2a41fb6f,sel_f01a8bdc_d7c702b8,False,c1f9eabc68f919cb590c32a65be179434e033d145a1d0b4117c8c079a41d1bde,12012599223faf36c2380ea8179bac790b511168aba0def19d8f41f1792e17ef,75.97597597597597,74.02402402402403,-1.9519519519519468
CiteSeer,42,0.15,gt_full_all_trainable_hops3.yaml,7b6ccc9e0541dde3ba34,sel_34c6cf97_cce7d031,sel_31c91500_6dcb052c,False,ab88c2d75a6d962d7cf4005ba7ac9fbb5fa55ffe299a9ff80ff9c0cf1e1a1155,549d85c3203a9300f2d298a23f1a6b6c3cdffb57236ba332311f1274ae576486,75.52552552552552,75.52552552552552,0.0
CiteSeer,42,0.15,gt_full_sgc_all_trainable_hops3.yaml,e21196ed42452bbd4e31,sel_867f8746_15cd7b2c,sel_c57392ac_a7060466,False,6791dab71129b872077d8ff66e0d6f7b0ea6c9112bcc9204edd7c76600d46e18,6a4b9f52ef8f5ee0d9f9687e95fcbd42c79a004121913904cef1b9fc117c8477,77.17717717717719,73.57357357357357,-3.603603603603611
CiteSeer,212,0.01,gt_full.yaml,9c2f6ae63f55738a6532,sel_ddde6a49_bac023ad,sel_b0cbd6dd_7af765fd,False,d7224f041a8c8141480e737e3d67612f4ff76ab43d80435a346fb0eed8f71a26,bc2fb13addcadf2bb708b00f3e7af4599634e1be5a84a3e8844a8fb7e6712c16,76.27627627627628,76.42642642642643,0.15015015015015232
CiteSeer,212,0.01,gt_full_all_trainable.yaml,ea5b8cb86f7bcbbd0a40,sel_caab362d_a063b9bc,sel_a71584ad_62802000,False,0b41af64b0c381e3a587a1128da0e5052926c2a8538628984ee1c5fc90cc13f7,8a6bad4821fb8a1bbc7709c3c9144535ec757da52a495b54c290de3f628e2b4e,75.97597597597597,76.12612612612612,0.15015015015015232
CiteSeer,212,0.01,degree.yaml,01a65c29c35453b85788,sel_abe5882c_46b01259,sel_abe5882c_46b01259,True,6480c359545b4f6781c2baed8019b61019bc404d44fd9416bb38b04fff996776,95032f4d9b6f8947b3a578818985e2f5fa03c1e062732e6b47e6a2adf1115764,75.67567567567568,75.67567567567568,0.0
CiteSeer,212,0.01,random.yaml,6b4dee362f67f275338c,sel_ef674bf0_0fd739c0,sel_ef674bf0_0fd739c0,True,cde1c15c0dcb9ef8998d76e8d7e93059daae3a2d2ba88ec773847a4072f5d2d5,3ff63bb025bb021c0f430c5ccd76d7066ba65d9dc8618538ad4975f12ed92cc0,76.72672672672672,75.82582582582582,-0.9009009009009028
CiteSeer,212,0.01,gt_simple.yaml,750d9b5e5476673552eb,sel_e1a35232_20a4c9f9,sel_f7a79cc9_089ddb7a,False,dc91bc99e07c0e8620536cf8f8043a85f9b762104ee56e34426745ad34fdfaa7,ccf6cdfdb8ea5729f88c2c012a6c2b6bd1203df5c0f464639fce29fd683c9bcb,76.12612612612612,74.92492492492492,-1.2012012012011963
CiteSeer,212,0.01,r_point.yaml,2bc93c83939651a7b02f,sel_dc71ab91_f988c519,sel_f0201860_8f35eb3c,False,f7366522c7f106b7070f01d761621cbfaf98154d8f45d177fd1342df1b6e23fd,b649c5b1d6b3a3278d52da2d1afd9461625532ab67e66b5a2b64eebb13473489,76.57657657657657,75.52552552552552,-1.051051051051044
CiteSeer,212,0.01,p_graph.yaml,ae3f125f309948e81cda,sel_49ad3df6_19f3fb88,sel_e406c0d3_db27f739,False,1466a1daa9ad2899ff98c1525f27dc94dcddd04865a19e29e3c5848c237df7de,a7c277825ec3e37ece5def6a6d6896ef4e75565107be88f7d57b4b28563a2e9d,76.12612612612612,76.27627627627628,0.15015015015015232
CiteSeer,212,0.01,p_point.yaml,7c2616ce8ce148a27230,sel_e6ecb127_44b29583,sel_95d1cacc_948cfe8b,False,a07285504bd7f303755a7f0c236a40f982c00ac6eb0fb151ac891a774bc5cad9,300588e0fedb427d9d7a393739caf57a9c15aedad4ec13375989d2e4856deadf,76.57657657657657,75.52552552552552,-1.051051051051044
CiteSeer,212,0.01,gt_full_all_trainable_hops3.yaml,5609557fc099b80a0e0d,sel_65ad0a2b_94cf4966,sel_9e2f09f0_9e3bbe3e,False,db6a9e005e46ff5d03cf3aac1f73835cb176c5406fafa6a535aec0554a7f8971,29ced084be851c1390dc4b21c8991a31e6218d631c3c82803856cbd9a669d24d,75.82582582582582,76.12612612612612,0.30030030030030463
CiteSeer,212,0.01,gt_full_sgc_all_trainable_hops3.yaml,a4744a07ca94e0462f59,sel_9d088475_34668c72,sel_e27377c1_9654f413,False,38309fe34f6394b56f1d0869ee0ed9dad14c9bd4499b93bce78e3a4f17340e2e,a35cca9a072460b2adf9779d20879604a987d3054223bc52a02174589d00994e,76.42642642642643,75.97597597597597,-0.45045045045045695
CiteSeer,212,0.05,gt_full.yaml,75e568889ddd9926754e,sel_ddde6a49_bac023ad,sel_b0cbd6dd_7af765fd,False,5fa995bcbdd2eb4e83e1b1bbfad42f281d22d1c7a3d16943fcbde1fd21a73354,e9a9caecd25a262a185561fd6ed9549e167df88154c3e798fe11c8e9f54a85af,75.82582582582582,76.42642642642643,0.6006006006006093
CiteSeer,212,0.05,gt_full_all_trainable.yaml,aef4ae53e75a420f1f82,sel_845bee73_af04cebc,sel_a71584ad_62802000,False,f4c8493be20d03c130b6606e3e7b80521b74efc045d5ec854057a191deb0528e,92dbb212f1331292443bc28b00258afabaf0ff6f345f7a29a95f9ef59346ff7e,76.12612612612612,75.07507507507508,-1.0510510510510551
CiteSeer,212,0.05,degree.yaml,bd6137ab022731edd9bc,sel_abe5882c_46b01259,sel_abe5882c_46b01259,True,9b8ee03756e8db67e7d1ad0987331169ddd6d4eb5a1cb9f37222378af8e3c53d,22a50c7ef165ff94019dea57d92104a3e9d91894649165818b83bc7bcb3fc17d,75.67567567567568,75.07507507507508,-0.6006006006006093
CiteSeer,212,0.05,random.yaml,123de7c423fd34b3db81,sel_827351f2_3fe2becf,sel_827351f2_3fe2becf,True,494df61758bc4a30e24a8b1b39403fe8546737f13194d35a7173de4eb4e52f72,1f185c1b3a2d643aa5318d974c42d8f0b3808168a95099fc5c936bc0d3d61638,76.57657657657657,74.92492492492492,-1.6516516516516422
CiteSeer,212,0.05,gt_simple.yaml,52074a988585b598e1d9,sel_4a304bb2_b8ec3bbc,sel_f7a79cc9_089ddb7a,False,fb8fa0369f1ec5fcf1442f5207aab7751152b8a18899557bc55328ed2e6ce4bc,b203a337c5868b6a64d42149a68ecf6e1172373d9a23ef4c71307b19915ff2da,76.27627627627628,76.27627627627628,0.0
CiteSeer,212,0.05,r_point.yaml,5afa64277650576ca183,sel_05092c0f_5b06802a,sel_f0201860_8f35eb3c,False,47c9d35d2d7be4729960247a532a5350740febcc1efba7f3ad49ba950eac78bb,dc6df84bc47b22ed892a75431fe838d617cc7acf024b43ef2e4e032ae7dbc3d9,75.97597597597597,75.52552552552552,-0.45045045045044585
CiteSeer,212,0.05,p_graph.yaml,55228c83d10c0acca495,sel_1902fa14_2a6b8ff6,sel_e406c0d3_db27f739,False,f42e14be300126d79106efa1033dd79bf9ebfaa333654b71aa40a6427d8b6537,be536db4562f8152d5f994dddddce84df71c9a49a2238c8270948916a44d1c93,75.82582582582582,75.97597597597597,0.15015015015015232
CiteSeer,212,0.05,p_point.yaml,7c78aeee5a9f248603a8,sel_10f8fa8c_633090b9,sel_95d1cacc_948cfe8b,False,f854483e62d8c3ee0f288368c9e6cf0256975c6528d020f0d444501777d6f2dc,323747e76638b3add253b18fb75dd38350663f34c820ef1c3fcf18686d695292,76.27627627627628,75.52552552552552,-0.7507507507507505
CiteSeer,212,0.05,gt_full_all_trainable_hops3.yaml,f655d69437d85143a5e7,sel_65ad0a2b_94cf4966,sel_9e2f09f0_9e3bbe3e,False,177f501c07e819b92f61fdb4b64fe8ec5013d40c6eaa8a8aa13e84c63b7c9d8e,8d5823851c126ccc97351925e91dfc3f0ae718125eb76371baad56ef7fd02163,76.12612612612612,75.52552552552552,-0.6006006006005982
CiteSeer,212,0.05,gt_full_sgc_all_trainable_hops3.yaml,6dfe11888968bc3e1619,sel_82761279_18c7f250,sel_e27377c1_9654f413,False,8262cb831f8cbe786d3f4b4b15a5a32d7235097c44b6640a8e373666dd6fe918,593d66fcae0916d94fc780244c7095a37cdf1648482764c724f2160ef5d78afa,76.12612612612612,75.22522522522522,-0.9009009009009028
CiteSeer,212,0.1,gt_full.yaml,d5fc2f052fe48ec0f9d5,sel_ddde6a49_bac023ad,sel_b0cbd6dd_7af765fd,False,aea8551f01cadb3c26e862b5759e50e2ca52ceadffd3645b50bfd23f0e46a8ce,330f6db13bc49ab4b37c28f05c8067fa7b86a1808d9232f5ff1ca77e99f700a6,76.12612612612612,74.92492492492492,-1.2012012012011963
CiteSeer,212,0.1,gt_full_all_trainable.yaml,e87f0144196afb4a13d4,sel_52cf2ffe_f8fe1286,sel_a71584ad_62802000,False,9335d3433c9189da9bf0ec9695c95bae5ed6835ecaab3c18e18ac9ef91063e65,3afbeb0d558f16b51d6b32371ba3063439d8b93222cd295a23db9cf1753058f0,75.97597597597597,75.37537537537537,-0.6006006006005982
CiteSeer,212,0.1,degree.yaml,b532e1417b0151cb9596,sel_abe5882c_46b01259,sel_abe5882c_46b01259,True,127e50963a8e605e0fe89294ac22d1253ac1c72fafa79bbe9382f16d891e4052,b0b55314f078bb24c71b985f799f4978f2f644858411d41c0dcac5d3f459605f,75.82582582582582,74.77477477477478,-1.051051051051044
CiteSeer,212,0.1,random.yaml,f843f0a847528a744ffd,sel_c5d5b29a_ceea18e1,sel_c5d5b29a_ceea18e1,True,980644aa7722d62385bcf9f868d4fe9e7288c00d53fb3e6fee3e8f3d0fc62b02,75a5651254b64ae7c31c2d1a811e284f3749ca4f500c5c85f45e2f9e1849c607,76.42642642642643,75.52552552552552,-0.9009009009009028
CiteSeer,212,0.1,gt_simple.yaml,27658e4c5ff51e6e8c96,sel_647c6354_bfb2ac7c,sel_f7a79cc9_089ddb7a,False,13af74fa086dcc9b37341b052cebb0348b0f34f70f46e60d55b0d5a47a154faa,fe583afe2ed43ffbfa6e7a414e0eef268919a86120177c73cf7646a4679006b7,76.27627627627628,75.82582582582582,-0.45045045045045695
CiteSeer,212,0.1,r_point.yaml,67cd6cae157aec0eee83,sel_4f5c5332_39e85ee7,sel_f0201860_8f35eb3c,False,9a7b0d59a30358e63c0372421d5f318e18e7bb7025d6e4cab6a3a0b211082a81,2eb98f847265127628d118363e982166c4ac3f29b7cd2653e143895439294b19,75.82582582582582,74.17417417417418,-1.6516516516516422
CiteSeer,212,0.1,p_graph.yaml,bdbef87bf018826e9dcb,sel_742b3c63_d12d4e4d,sel_e406c0d3_db27f739,False,d5cd58fc730ff05607d59f80375f177b7bbd4eea1343b43b2938de18864e7a25,3206b161545f00b994238144d15ff1842ecba78f4095d2d1c960c1c7bf7addaa,76.12612612612612,74.77477477477478,-1.3513513513513487
CiteSeer,212,0.1,p_point.yaml,f9d48420026da91a1f92,sel_c1de3495_c6ccd841,sel_95d1cacc_948cfe8b,False,8909bcdb69b6bd950c3cf01d94655bd266e2d793c4992b191aac33366ae45e11,19b74537cb33559e6aa3ac3f30804779ace4f8d032ede33d56ada89e66a8fde5,75.82582582582582,74.47447447447448,-1.3513513513513487
CiteSeer,212,0.1,gt_full_all_trainable_hops3.yaml,e5392ac6be9914341d59,sel_65ad0a2b_94cf4966,sel_9e2f09f0_9e3bbe3e,False,f072917e5b091dd5a03c86991b50eb6c2e0286a1a23717a33d406a4a88df1982,a5cc219cf757e4de7ef770640b64b524f8c954c73c03b2df19403f104cb3e2af,75.97597597597597,75.07507507507508,-0.9009009009009028
CiteSeer,212,0.1,gt_full_sgc_all_trainable_hops3.yaml,5363919dc7c28f6bdb90,sel_6f3e41c3_c5206e50,sel_e27377c1_9654f413,False,4009b2b551222da3a438035874466fa492f15bea0531fd85fbff677b91ef8e04,3562f9842ec64d375d69a52750f9c5bd3bc5c115611f00073d1728b2959f55ba,76.12612612612612,74.92492492492492,-1.2012012012011963
CiteSeer,212,0.15,gt_full.yaml,aba6266291724c5f68db,sel_c6e2bfa3_993ae0e0,sel_3cede233_d2923565,False,c53c49f9ff240d0369271299310d6c21d706cd60f4fcc001dbabe812b9015c60,fde3e040d8c03a92834ac29257177ee5c8ed6c0cac95f8c7f0874c6933f25783,75.52552552552552,74.02402402402403,-1.501501501501501
CiteSeer,212,0.15,gt_full_all_trainable.yaml,5e4131e251f129fcd4f7,sel_1d7fc424_2738adfe,sel_a71584ad_62802000,False,0b0064cc124478146b495eb01843276ad406a79823123d502ce426b52b975b3c,e7a8d1e8b12a918657e0348da873308625d324bf064a3b4e4f9ea94df9e0d62a,75.37537537537537,74.77477477477478,-0.6006006006005982
CiteSeer,212,0.15,degree.yaml,842cff3001129d7b30f3,sel_0dc22309_c20c50c4,sel_0dc22309_c20c50c4,True,1b449dfd5ca459ecb4b9d2c3b5175cb7cbae916f7ec4589a80b2f223433e2a00,4fc07c378ffa1827c832c50fe01b031c9f3d88792679c3f7f6c365928ef27086,75.67567567567568,75.37537537537537,-0.30030030030030463
CiteSeer,212,0.15,random.yaml,42bf4791132dde985d6f,sel_3a6161e5_c6693354,sel_3a6161e5_c6693354,True,fc8ed57ed00eacbf6f4fa83cf7c86357be8cf8c36f210bc73f57c55328fb54e6,237d8393070ea29e69b91f2a92a3dee977fc48dd38eeb8dbad5c4fc720420c0b,75.82582582582582,74.77477477477478,-1.051051051051044
CiteSeer,212,0.15,gt_simple.yaml,e88b2751592a8526ef2d,sel_f6d6eaa6_9316ad82,sel_f7a79cc9_089ddb7a,False,a4c296b2734fc1f9d9a938abd9ad728c1be50f6c89907ff8d172c049feab5b8b,a170e2b1ee040eab2b12d584c04b274f28c6645d722628f203e9d6805ff97665,75.52552552552552,74.77477477477478,-0.7507507507507505
CiteSeer,212,0.15,r_point.yaml,1ca9bbffb4211714d637,sel_bdb6ee4c_938ce527,sel_7d405ec0_12a2c912,False,44204ad6119f751a20255cb0ce48475c8fdf9e5011eead0ad6b8a57ecd2e2e39,38db9429a138d917bb4f298c00ec96441f3334c0af3ad1b3a7b612b5d16367f5,75.82582582582582,74.62462462462463,-1.2012012012011963
CiteSeer,212,0.15,p_graph.yaml,501e970934e00c87c6a3,sel_9b28dd61_19ce8a0b,sel_e406c0d3_db27f739,False,2a466e4b4dfba066c3df26ed4f689eb2461c0f72ee621b26bc18afbb78a05aa6,ee5c50481c7281d1106a37648e25a5b16d415ee1e919a41587697f418bcbeebc,75.52552552552552,73.87387387387388,-1.6516516516516533
CiteSeer,212,0.15,p_point.yaml,7712c52065615382bbaf,sel_b2ac4f73_b96556d3,sel_95d1cacc_948cfe8b,False,a37aacde7488d95f5f8bced68b9662c1f17351abb292d1dc9b877f1d059b4c99,0fa65aab82e2e52e7f3f779316787ab0a3ebf6a591d30d55a12f406a17d9f61e,75.82582582582582,74.02402402402403,-1.8018018018017945
CiteSeer,212,0.15,gt_full_all_trainable_hops3.yaml,81bbe6b5aed526b58002,sel_b61e913b_d2ca87b7,sel_1a5bb2f9_6ba4ca36,False,de0199ba71112324b09ee480fa89c96ac272402a0b3406b3f1859773c497148f,2bb297e3a53745e4053e879cdaa8df8f8bbaec216030a334d940fce8a41925b3,76.12612612612612,75.22522522522522,-0.9009009009009028
CiteSeer,212,0.15,gt_full_sgc_all_trainable_hops3.yaml,71263589126239ed72c8,sel_d218325e_028d7672,sel_e27377c1_9654f413,False,d31a9d33bd1234fe8b9999d2a35294e458ba5c12b8b3314b3064aaac7b267c50,48504ba9a8a7e989456f1fe10a9ee12cfbd96626cce73779f5eb64188d2a3dea,75.97597597597597,74.32432432432432,-1.6516516516516533
CiteSeer,2024,0.01,gt_full.yaml,7d9ba8ab7a8dc1126501,sel_3eeb4d81_e7bee0c3,sel_bdc7ddb1_bd4416b3,False,39cadc23b00d2c013936b23631114cdce6b156418936661e477ea13975e3d87f,48d1e501264f89b9f8b045114cb1cf197092842f53c8e473a3373966e9af55ab,76.87687687687688,74.92492492492492,-1.9519519519519468
CiteSeer,2024,0.01,gt_full_all_trainable.yaml,c55a23d06f4d69f7abd7,sel_8629abdf_f870d1ed,sel_876015e5_fe4c78f6,False,cd953065ea9060b681044af75f660792bc34a26746db9d653a2ff404d6ff5308,86a13baf163574ee686f7fcac468926fa1984ad1529f939b0867a72e687460a1,76.72672672672672,75.07507507507508,-1.6516516516516533
CiteSeer,2024,0.01,degree.yaml,86e3423a45381234c987,sel_abe5882c_46b01259,sel_abe5882c_46b01259,True,8c7a8c53f2399a1f23616c8f7bd1c0b958028133e3d5c87cb4817e64a97198a7,cdd8931b7bb42f37233a45a2e3e78b1fb1ac0456e30287262320a7c3c711a248,76.12612612612612,74.77477477477478,-1.3513513513513487
CiteSeer,2024,0.01,random.yaml,780789512436b477f051,sel_ef674bf0_0fd739c0,sel_ef674bf0_0fd739c0,True,3e8c04d9dd9f06dc5e544dcb1e31eaeae10f3aaa27e978c492c098df05dfafa7,a4261920fed34131aaf52b27731fa76945aa71f87eb4b6acdacc297b3da5b1c1,76.87687687687688,74.17417417417418,-2.7027027027026973
CiteSeer,2024,0.01,gt_simple.yaml,cd435e7ec5249474214b,sel_256af8d7_12f04920,sel_586c19de_c339e0bb,False,5acb15b6c0e27bbb5b4b759b959d6d6858bbba726c4eab92f18a0848b1845aac,045f516c398ec1316fbb1e32cc823f21ce99da9c67112cae040e420c5c71796d,76.57657657657657,74.62462462462463,-1.9519519519519468
CiteSeer,2024,0.01,r_point.yaml,717b561a14b743434095,sel_07ade409_a97272b5,sel_be1753da_fff45c4d,False,6d8a5f2e3fa135086182e36f4c8f63e3b215f9e12d869ade6b2a8e9aa89084b9,ea446e22fb48ffd8946a8941d95f0408a5780c59c5195b89e89d2d70c1617cd3,76.87687687687688,75.52552552552552,-1.3513513513513487
CiteSeer,2024,0.01,p_graph.yaml,3c0de9f3c4481b426357,sel_42fcc0bb_be2dcc8b,sel_40e8c57c_8f6450d9,False,78a46887cf39f615a6270fce53ea0c7e6c8ed91a6a3ac0a1db34f9b32a591421,6ec6b71d110a54939ef72595d01e5bfe1b549e7dbc8e293dbf71a238a5bb5251,76.87687687687688,74.77477477477478,-2.102102102102099
CiteSeer,2024,0.01,p_point.yaml,0a5579d84a7eb79c02db,sel_0c5b5202_162ff246,sel_c0de84be_69753919,False,9b58621acf87347527162f8a2517baafc9b93e6f4d871b591ba59e03388e468c,7dac2c1033acd46e911e2d3f7e8f39dcae60991cf3ced9183f688c944dee929f,76.72672672672672,76.27627627627628,-0.45045045045044585
CiteSeer,2024,0.01,gt_full_all_trainable_hops3.yaml,f7530926a79f33f3fa4e,sel_28ea7dfc_37aa6929,sel_ce41c2dd_bd3c300d,False,1da931fd05f690ecf7458cca3a064b0e43f641c422c7f284652d4453c2bf946d,43ddcb3dacf737cc822dbd095996b0b5f54d771177550938af9009503dfb556c,76.72672672672672,75.07507507507508,-1.6516516516516533
CiteSeer,2024,0.01,gt_full_sgc_all_trainable_hops3.yaml,f6347a192bf99dd7bf60,sel_5c8ba4ea_ce3ab60d,sel_48fa8caf_c0d54936,False,a5de12babb3f88fa92e6f656bdf76dca0b2109133e2f89c42659db80d1d2b2f5,6af2fc4e709b7a7e39e97ea850205a84b454a9a7470719dd60e1582e03c7de2d,76.42642642642643,74.17417417417418,-2.2522522522522515
CiteSeer,2024,0.05,gt_full.yaml,92894dcc034691f29029,sel_3eeb4d81_e7bee0c3,sel_bdc7ddb1_bd4416b3,False,91703cd75e89dbfa08e25870b4e3289340d6b0c5ee64a8acf7a5e16c8664d90f,e6a2f2a8c31c836a42f5621c32f628282ce22dd1673fe33fb0fd020a5d91c0a7,76.42642642642643,75.82582582582582,-0.6006006006006093
CiteSeer,2024,0.05,gt_full_all_trainable.yaml,7e922c67ebe421a0d42f,sel_76b92d55_2362ae85,sel_876015e5_fe4c78f6,False,a7a6d5c1d3f2a73022387dde6e0915b53cafc7b15c26c525982ba03c815a3520,c8d2737157ca90292d07554080a0f221c9d4d113fefb9083e9ae67b9712d52e9,76.27627627627628,76.12612612612612,-0.15015015015015232
CiteSeer,2024,0.05,degree.yaml,ac7a72e0aa31078d78a1,sel_abe5882c_46b01259,sel_abe5882c_46b01259,True,0fd86c8cdce5cf99c033e3e571cee8b31c60bcb091fdc5a4e17ef5063e2d3a7d,1a17bfadfd09bce0c7acd0fa90be920d8f39a9169e734232be7e9b03dfad8f9f,76.42642642642643,75.82582582582582,-0.6006006006006093
CiteSeer,2024,0.05,random.yaml,7bf980727ab1d4044e5c,sel_827351f2_3fe2becf,sel_827351f2_3fe2becf,True,8129ac2fb1b7564b65e3c050be8359f587ba3bcf55a4cfc02cdff9fc8cad7c17,77a337521c9e65b03c5df572e9907b53092be7f78796f47b889346598027f1eb,76.87687687687688,74.62462462462463,-2.2522522522522515
CiteSeer,2024,0.05,gt_simple.yaml,5ed874134b1d49b9a27f,sel_30c31d75_c9a03eb6,sel_586c19de_c339e0bb,False,5c573673b05d6db5876d44012a7321972e9583312e5c6d37b18b852ee978d029,1e3a8f29814cd4f2042688beeb6182c4e977987c69bf6dbb73ab65027172f9be,75.97597597597597,75.52552552552552,-0.45045045045044585
CiteSeer,2024,0.05,r_point.yaml,55c2b1f562c00ea3c04e,sel_c9ab9283_1b45818d,sel_be1753da_fff45c4d,False,e5e1fed7c32849567627fcc4b449c73fff176a4af71984a459da90583f187489,944c299402287efb2786ee3221ef2cbfad8db84b513478973d094eab80116803,76.27627627627628,76.12612612612612,-0.15015015015015232
CiteSeer,2024,0.05,p_graph.yaml,089c3f082289e983f4e0,sel_0a03bc2d_4b605e1f,sel_40e8c57c_8f6450d9,False,805466f1904fce0a49249c7216701819b2ad1bbdc60e5efde1cead8334bef1da,1fc1dc5f541bcee0abf929f12ab2cc0ea15bf2f33dc3d6007bf17ed846dda8c9,76.42642642642643,76.27627627627628,-0.15015015015015232
CiteSeer,2024,0.05,p_point.yaml,946ccbee6c72ebe038bd,sel_85a0bd13_330a5591,sel_c0de84be_69753919,False,0661c41cddf9e678d14a15769b92adb031a1b60016da4ac7280ed48232aa8828,63cee7376c4f3e336d5991b9b0ee86bc6f55d5d8afda709bdbdac8fb1801908a,76.42642642642643,76.12612612612612,-0.30030030030030463
CiteSeer,2024,0.05,gt_full_all_trainable_hops3.yaml,1edc6151c9863da4de16,sel_28ea7dfc_37aa6929,sel_ce41c2dd_bd3c300d,False,7b71a998beb8f6f3dd21dad7cdf7f6cc9d62830fde66ebab56bebc62fd2ce264,8727cfe7544b37054564d88e263002432677cfa398d5f6a6caf22e35492ef1d3,76.12612612612612,75.82582582582582,-0.30030030030030463
CiteSeer,2024,0.05,gt_full_sgc_all_trainable_hops3.yaml,0b51f4834e56ffc843c7,sel_cc7fe6f9_382b46dd,sel_48fa8caf_c0d54936,False,9db24b98a992830db3237418eab2cf0d47b41138aa545595f750af8adde94e64,a84c1f19383bfdef386efc44f7dc2bd43b91e4a91baa09564e0c1b92d50bdc82,76.27627627627628,73.72372372372372,-2.552552552552556
CiteSeer,2024,0.1,gt_full.yaml,ac86494bca4b51088909,sel_3eeb4d81_e7bee0c3,sel_bdc7ddb1_bd4416b3,False,9034da3bdc7ae9e829314e13ae817e737117124cfd2ad14e89da1b63cf7352b5,f8fb0944646d663eca8ba323f9343770d2a028e62f36e948f2b84353056160d0,76.12612612612612,76.27627627627628,0.15015015015015232
CiteSeer,2024,0.1,gt_full_all_trainable.yaml,5bf3ae1b6966a48cbf65,sel_b42a2caf_03fafa9b,sel_876015e5_fe4c78f6,False,1db88887b7ff84e112f981b3f18801571cfad4518920fe7dc6124431a7d73312,8f82e5cae71e05768d98ad928077c2df17b5da73152a48681bbb897711a74baa,76.42642642642643,75.97597597597597,-0.45045045045045695
CiteSeer,2024,0.1,degree.yaml,f7685278f8a19df5072c,sel_abe5882c_46b01259,sel_abe5882c_46b01259,True,17a8da11581b3f3076ed91b67caf3a1670f6732f2a75565ee96435513cda59b4,3cee84df39ccb9ee3c73d3cf89e7f8fd5ddce0f1e56bc639c08f961dc620b1ae,75.97597597597597,75.67567567567568,-0.30030030030029353
CiteSeer,2024,0.1,random.yaml,75b6166faade313c2c36,sel_c5d5b29a_ceea18e1,sel_c5d5b29a_ceea18e1,True,a2dddfc31514a7504de588d30875166887f850cdc5707fa89bae83992d5761be,3536682131e1e1d319963919441a1dcf680156b810758c1c71716613af0b7fdf,76.57657657657657,74.62462462462463,-1.9519519519519468
CiteSeer,2024,0.1,gt_simple.yaml,13e77236cc3fb8964697,sel_68d52157_99877e6f,sel_586c19de_c339e0bb,False,e28dd7e210b460b6f35bb43bcebcdbc82e4f1815e6b7040a458bf9316c404740,484826161c5ba692b3b2ec94a55351f185ff51a9ebc3814d0fc5ea5f9b4c288e,76.87687687687688,75.22522522522522,-1.6516516516516533
CiteSeer,2024,0.1,r_point.yaml,786b421faec102a3f025,sel_a9400763_ca2e0b86,sel_be1753da_fff45c4d,False,3d0e180b8d12e0b25ff1e5697712deb7f9b4f0c8f20a61d09117431a8f646595,94625982a98cdad1c2cf0a2fe0afd4eaa0057c5500bd1c4406c03746824b38cd,75.97597597597597,75.97597597597597,0.0
CiteSeer,2024,0.1,p_graph.yaml,cf6bff283df8952a522c,sel_db436d5e_f44e1c61,sel_40e8c57c_8f6450d9,False,961fcf9ad89bfa91986150ca9d307a8c6cb29ef4493ef96b4273927e908a0fc2,e97376854500387046a6bfa7cb87c856d68231a690236e95dcd7d4789ec371af,76.27627627627628,75.82582582582582,-0.45045045045045695
CiteSeer,2024,0.1,p_point.yaml,56856aaff7e0fb67d3d8,sel_fec73c99_56eaf47c,sel_c0de84be_69753919,False,352eca2aa942ed2310ca762e21e9f31e057313f241c40533a21891b93860ecee,d6596958b1f75591670d0b65c0cd87aa206ad7350c857a4aa9f7a122fdbf2390,75.97597597597597,76.12612612612612,0.15015015015015232
CiteSeer,2024,0.1,gt_full_all_trainable_hops3.yaml,3013ee1dc6ad2c1b0ccb,sel_28ea7dfc_37aa6929,sel_ce41c2dd_bd3c300d,False,960eef8fdee5352da78815d2b756ab93c209df18419749b992a83d455c9a0e51,cd49774fd24b0ca2b75823ea2bb6cb743f5b5d70dd76f36746ac1d89b8325025,76.27627627627628,76.12612612612612,-0.15015015015015232
CiteSeer,2024,0.1,gt_full_sgc_all_trainable_hops3.yaml,37070949bc03d16f41c5,sel_7863da40_c43987c7,sel_48fa8caf_c0d54936,False,228d4a8b3f3b221179426dd8558548a2684e4f593390bd9e324ab02ab6bdd27a,21917d6e019b5063d227e492372729dbb1178b2e78657203b9b9a9c615addef9,75.82582582582582,73.72372372372372,-2.102102102102099
CiteSeer,2024,0.15,gt_full.yaml,7f68c1366f3107d04293,sel_10701fd4_64bef0a3,sel_b80e8dff_f04e6437,False,fba8cd5b697151574a9fac5f68ba2715724dc9584676595e5b30660e15c7dc47,c491e36b0bc8b6f28693a69f68d765f6c69b74ff21a55f6f0135628a1a75d8b9,76.12612612612612,74.02402402402403,-2.102102102102099
CiteSeer,2024,0.15,gt_full_all_trainable.yaml,a742ae51fef395c5f55a,sel_7b861a82_c74906c1,sel_876015e5_fe4c78f6,False,63fadd953926556d5fbe021b1ed6dee1c2d7f5e37e57272f332b7f7b9e0c0ebd,c08249eef6a2009f59c1b699a580e72e8f715eec6871a11f3f5e1156d02c949a,75.82582582582582,75.07507507507508,-0.7507507507507505
CiteSeer,2024,0.15,degree.yaml,7d7681e7f20d43ee4a78,sel_0dc22309_c20c50c4,sel_0dc22309_c20c50c4,True,64058bc04991b735851e23d2db765f9fa64749b358ed8a51f607510cd5baac58,417d7e018dbc49c846dea6c64d3bf2a660c8c6d9787dff365361916bcd149ca8,76.12612612612612,75.52552552552552,-0.6006006006005982
CiteSeer,2024,0.15,random.yaml,420913bd691f00ce96d9,sel_3a6161e5_c6693354,sel_3a6161e5_c6693354,True,56d1f321ac89934cbe52cad7e54ceaa31bfc2c46f91bcf05b8d276788a7bc78e,ec8a6bd7d88176773bcdbba484de537e1bf66a1563645221f194111ed9cc162d,76.27627627627628,74.02402402402403,-2.2522522522522515
CiteSeer,2024,0.15,gt_simple.yaml,7bc005b767f75ed7cb19,sel_84be7c7b_b0bd01df,sel_586c19de_c339e0bb,False,57ac5ab20ec3b703ff5f63a96be929f09215e797b3085093c4f464d0e693a631,3bb148baf14716c74065a7213b504a0ee5f3a3c16ed4bc70d1b1e2738cb32dc7,75.97597597597597,75.37537537537537,-0.6006006006005982
CiteSeer,2024,0.15,r_point.yaml,a0caa013e9f2d3c50194,sel_e7b7f183_db913e14,sel_cf0c7bef_9bfa4393,False,bdb822c6baaed6f9bdaa17b510e0bf1883123243aaae58f0ca1840bb20be129e,ef8e8e04c535f644b691e366f193b17b486c9f7642848c23a5a4aedc057b9340,76.12612612612612,73.27327327327328,-2.8528528528528496
CiteSeer,2024,0.15,p_graph.yaml,c98fc46cbd0099f31eb9,sel_17e44333_8cdd10b3,sel_40e8c57c_8f6450d9,False,09d3e584458cddedb65cafeec61e20245b3f82abb9ea8860ff9bee017d548a56,c9d53cf0ed693a24b742a1a048177fb01f82512f768b08a731f735f5c77c769b,76.12612612612612,74.02402402402403,-2.102102102102099
CiteSeer,2024,0.15,p_point.yaml,20aca3f82edfe134fd8c,sel_87a5d9c1_c51301bc,sel_c0de84be_69753919,False,3f114b38da034710691e73ab4ea60bdab7d77511033ade3d976ba02d5c17959b,37bb4ba3e711eefe98189774e8746ffb2c40a2787c2f310218ae2da10e52ad1f,76.12612612612612,73.72372372372372,-2.4024024024024038
CiteSeer,2024,0.15,gt_full_all_trainable_hops3.yaml,94816cf51175c1cd7a65,sel_cd376417_a3cc045c,sel_2febda33_39c0b044,False,2e1d33a0c930e266b01fd4837ef413a26f35b925e2f8dbe3a87d16d191315391,3c588a1d66d9c5801c50a727f1c238b82f321ab87ce5c67a02362e94b4c0f971,75.82582582582582,75.07507507507508,-0.7507507507507505
CiteSeer,2024,0.15,gt_full_sgc_all_trainable_hops3.yaml,6885628fd1bbc2554cdb,sel_a01d0590_6bce2917,sel_48fa8caf_c0d54936,False,f1ac48da80c99d2e6607798a431d298131ebfd9d3b002153125d944cf50cea27,537f9d9411390b54e22fd24274036b933c02a5a0d2557130ba17a41599ccb7c9,76.12612612612612,74.62462462462463,-1.501501501501501
PubMed,42,0.01,gt_full.yaml,ba1a440888e60ffb3cd7,sel_405036af_38d85530,sel_1c7d4683_7b8b89b7,False,d255543e35195882abfefac68d83eba38e7779817691358112f028574971b97d,f17de099bf055ac1d18fe385ae95efe3e625ffb57c25331932239aa8aa8cdf93,85.52231237322515,88.41277890466532,2.890466531440161
PubMed,42,0.01,gt_full_all_trainable.yaml,cbdc6415345b7fcbd23b,sel_8b0d5391_dc5367fe,sel_22d6353b_c0247bfd,False,1ac4c919f9608199c1021d057d917956418ef3d43628a106b2b25abead0e7091,40995831704340b82e51c314748531e2998deaefd816fe2fe00f5468dcc5bc2a,85.31947261663286,88.51419878296146,3.1947261663285986
PubMed,42,0.01,degree.yaml,8aa355c3a89b97a27eb3,sel_435257f7_0fc3e473,sel_435257f7_0fc3e473,True,ded3022a4edd3cf57eb45f72db90a6d6b18c2984c9964b9322ecea2e569e8883,af8ff4bc815063527e1d35278d0f42bc8a46983bf1d1856407518597633b65bc,85.37018255578094,88.43813387423936,3.0679513184584173
PubMed,42,0.01,random.yaml,57bf6e0f4d12cfacd47e,sel_8487e20a_911523e2,sel_8487e20a_911523e2,True,1a9039b2c783ce35e02d224b82a61b26a4be6456c2eaef3e3a77ce6d4952ba9a,8960b7c9f8bc2be22ba3d030b17a3380007092b8a31359ed50674f80b25eee84,85.39553752535497,88.5395537525355,3.144016227180524
PubMed,42,0.01,gt_simple.yaml,d98bf1a8de208661a8e3,sel_3ec541c4_9765aa9b,sel_ed861d83_67f8039e,False,ca8fa412958de7b9fa7a1575a16822bfa41e7adf04d4c45dce8927b6895d11c0,bad6f51e559edf671e6c726c0b63895c745019c8fdccc20d3afaf35759d34fc8,85.5476673427992,88.41277890466532,2.8651115618661183
PubMed,42,0.01,r_point.yaml,e84313bd204c4f600c76,sel_8a135aa4_f6a467cd,sel_97b756d9_95b89a88,False,1f421cb674318f28e51a46a97539a6eabe5324dee6866341de2b2b01c0b484e0,27e9826e26e8214281f55490f5b5ebe3597092b5348121934775f3fe768fb28d,85.31947261663286,88.23529411764706,2.915821501014193
PubMed,42,0.01,p_graph.yaml,64a9c150494158b1614f,sel_11545e5f_cc72aafc,sel_bb47ebe3_13ed3e33,False,667551f3b759dcc41f25a57c613b93db35dbc7643b5f41ff53a8c443b90f6197,1ca61b56b326a15368a5289a1b7ede2e324930087bee11952348544896d25d10,85.49695740365112,88.4634888438134,2.9665314401622678
PubMed,42,0.01,p_point.yaml,68284859c8d406031081,sel_4a0e3b28_685fa60d,sel_2a624cbb_415316d8,False,abed74068a103da91f1e3dfb738bb20d86a77c68749085f4a66627e9c4d7b07b,b9042690cf78cfb514a487a63cf24e518dd3da658dc370027eb28db5a7cddd1b,85.31947261663286,88.36206896551724,3.0425963488843744
PubMed,42,0.01,gt_full_all_trainable_hops3.yaml,def9825f8454c07d35c6,sel_c95e7343_6250f03e,sel_46d15c1b_c424dda7,False,7351f1d23332d84619a79b873dacb76509b022f2dcdbb535d46f9e9d8472d339,6d6aa1f25c73c4b0509fc6665eeba84629e020cf47140fce0197e2f6548f3ae0,85.29411764705883,88.59026369168357,3.296146044624748
PubMed,42,0.01,gt_full_sgc_all_trainable_hops3.yaml,9a501ecbc6321dce2c33,sel_ee164c2d_31294c65,sel_028d7cb7_92991275,False,9513db262947642c5ee0bbedc2eb90099230f7515cfc465630db4994fd04fd92,cd546a4e95a77745eaa4fc2182c4dc82045d71686431448d6b62abceea2bf2b9,85.420892494929,88.66632860040568,3.2454361054766734
PubMed,42,0.05,gt_full.yaml,fbfa3e626f3e0910408e,sel_405036af_38d85530,sel_1c7d4683_7b8b89b7,False,a97439ee6c337e399a4af0f735182a1483c7a1911d86ab95b1d557080b47aa70,ca6fab2aa295659823a450fb4a049fd0d3414cc269ffacd427f0ef6219106229,84.68559837728195,87.88032454361054,3.1947261663285986
PubMed,42,0.05,gt_full_all_trainable.yaml,f0ceacf4467655ae602e,sel_f94cba8a_f8977697,sel_22d6353b_c0247bfd,False,74d3175b52efd82d46ade1defb8ef3e0bf70b48ac925bfc284b5a52f23364573,d66376eb53d1c95dee6d291688f3009512efde61c84929bb66123aba09d2deab,84.63488843813387,87.72819472616634,3.09330628803246
PubMed,42,0.05,degree.yaml,cfd5cea4dbbff1585b36,sel_435257f7_0fc3e473,sel_435257f7_0fc3e473,True,4ae8b21b1c21198ef9915d54b9f1fc144650daa2f59cd12c3b372594d99e5a70,fd514bebe69159a087067af61cd33ac416aff64e2781d3eb6ab25a5e9b389aa3,85.44624746450305,88.64097363083164,3.1947261663285986
PubMed,42,0.05,random.yaml,127ddbcd6d53b5fddbd2,sel_cb685632_c501690e,sel_cb685632_c501690e,True,33b462052a4980f835542f5cc3b866a9b9b1f7fa79746b1d926a56bbdd86fc9d,60417ebff4f60d0e8f16f6c42ca2ffd71327a676ae5533e99154a312a8cefed6,85.420892494929,88.5395537525355,3.118661257606492
PubMed,42,0.05,gt_simple.yaml,40f598e42ab9a922e2d2,sel_38937bbc_cecef945,sel_ed861d83_67f8039e,False,503f3714c0035e295ae7982b0137ba7d2ee357923768007b52c40a7e6f49e131,2e5e647af3355515100a6f46b3867bfdf483142ecaf5bcd14b91fb06f7423605,85.16734279918865,88.4634888438134,3.296146044624748
PubMed,42,0.05,r_point.yaml,ea03d23e947134c5a0df,sel_c5fe06ab_d9e2d377,sel_97b756d9_95b89a88,False,821018ec6adeb55618234d47a274c3e5b5f1c729d9424478956aafad2883d8f3,2fd27df010936a1eb1490f01ef2b2df4f7989dd56609f42a5f96367083f83ead,84.43204868154159,88.03245436105477,3.6004056795131856
PubMed,42,0.05,p_graph.yaml,e2a2a5a1cf407f98e0e1,sel_9d7608c5_b9987599,sel_bb47ebe3_13ed3e33,False,336a22098b4dbc94f46d4bf64dd3f13aac226ba302f5c63d3ca47d6eedd721c0,53f2bb3d133e19ad379942b8a744bffc9398a0cd3696fe3cc6020e0c015c479b,84.63488843813387,87.88032454361054,3.2454361054766734
PubMed,42,0.05,p_point.yaml,25c1d233518ca28177a2,sel_f7879bdd_6f41abd4,sel_2a624cbb_415316d8,False,5a8a7e2b7adaca772bb5302927cf32d4d4e8b7a119557b976efa2adc46afac85,b1e18eebd2552425a30cb5b2d7e36f89627e23300ef0c667cacbb025b3da11de,84.43204868154159,87.67748478701826,3.2454361054766734
PubMed,42,0.05,gt_full_all_trainable_hops3.yaml,e6f33a002d57026d3037,sel_c95e7343_6250f03e,sel_46d15c1b_c424dda7,False,83a171c12c67cb20384f76767f288573dafeed29028f1ff8cf9af04b2db2e8b2,97e1346b0d28b769108378c9e752d5999fab1613d0368f7bb677873617c5a50e,84.68559837728195,88.08316430020284,3.3975659229208977
PubMed,42,0.05,gt_full_sgc_all_trainable_hops3.yaml,d541689bf4aadf7f28d9,sel_8c1bc697_402ea0c3,sel_028d7cb7_92991275,False,194d97f7f7cca83d5f4895b705ede96745b9febb52b07178d763a3408126d8d9,4375d2f1175b73d78f8f1f317a0b9e314ca14f4afdfb00854ecbb473949e4179,85.6997971602434,88.894523326572,3.1947261663285986
PubMed,42,0.1,gt_full.yaml,6b818f619828bdb550ac,sel_405036af_38d85530,sel_1c7d4683_7b8b89b7,False,684285509668a5fb0a251704856f65c55b6e3d52f9e2a839b0a766349365507d,a098338cf9c254e0ec7c6b32b6df84df22224c8f905585f35ac6c5f8db1a65e7,83.5446247464503,86.79006085192698,3.2454361054766734
PubMed,42,0.1,gt_full_all_trainable.yaml,a4985959d66840dc64e3,sel_ca3ba8d6_7f3483b1,sel_22d6353b_c0247bfd,False,832d6cd5e8e13958430485ff6e2aa0701fe22806ac88aef4d384ede714e5762f,592b45b4c338370b5048bb8a0b9595e86b4b757824b537e6c9b33c28bc8221d5,83.59533468559837,87.27180527383366,3.676470588235292
PubMed,42,0.1,degree.yaml,c348ef1ff676668dafed,sel_435257f7_0fc3e473,sel_435257f7_0fc3e473,True,ba14c3e2ccff375ff84c3e57c8f9d0f80a5c0a0212f78284b2f588733dc5bdc8,1fef0309fb7141a0cc56960426b7605ed5a05e6c33cb00773a52a6e81a4272cc,85.37018255578094,88.71703853955376,3.346855983772812
PubMed,42,0.1,random.yaml,1b3156cacdc6ab44992b,sel_2742b014_42ca31c5,sel_2742b014_42ca31c5,True,c8a09655e7488f75054237faad923f72fa3551c7f1101d9ea20b59009b868c01,efea64f5e4b37013cb64843f60b2a3f035c3006c294e2c6a671e50290b0c4476,85.44624746450305,88.69168356997972,3.2454361054766734
PubMed,42,0.1,gt_simple.yaml,83d3869d509e83ed3830,sel_12ed893f_085b3c20,sel_ed861d83_67f8039e,False,70d676e1675692f6e44800269b5edc1c1baea74cec07b08f103cf7b08168c26e,bab820d2fa339bd9f288cebbfb1a2e83b10701bdba386019986842ad48892a68,85.09127789046653,88.03245436105477,2.941176470588236
PubMed,42,0.1,r_point.yaml,2b31161ed6a6e49100b5,sel_01f56b6b_d175dcf4,sel_97b756d9_95b89a88,False,60753fb3f40b48d0d948c9ec4bece5aead4646cd992202888787adde0b7adb89,5920e4657370254732cae044b46af10c41189bc23017c153269958ef21d9a8d0,83.08823529411765,86.7393509127789,3.6511156186612492
PubMed,42,0.1,p_graph.yaml,b96e50e64ac61cdb948b,sel_0ffd7f3b_fcda2231,sel_bb47ebe3_13ed3e33,False,268e13ec781422decab653de629a0bd418bc176a50c55db597af5fa12dae009c,f5dca796d7559086103af59c0cba84a00a14ae57b2637e8475538fdf6db2d619,83.56997971602435,86.99290060851928,3.4229208924949295
PubMed,42,0.1,p_point.yaml,87e80c429032372684cf,sel_722e0ca2_03a5aae9,sel_2a624cbb_415316d8,False,63fd2fec327e4225046844891d5a7dfaffbbbd44959a6dd844c59c857e59ddc0,db048a8e2cb5a518bcf461c383ab2e78ad274d7612d6c490db3bc86f15886ab7,82.9868154158215,86.76470588235294,3.7778904665314417
PubMed,42,0.1,gt_full_all_trainable_hops3.yaml,27b00f2a6290bf084068,sel_c95e7343_6250f03e,sel_46d15c1b_c424dda7,False,c29190be8c86761389ec5c24d575f3b7c2d4ebe6ddb64bbdcbdf6ca94475b895,512e3fc92d15b385b6e7ac0c14bec022ecbd9db0e336109b6d92d5d781c229a4,83.72210953346855,88.13387423935092,4.4117647058823595
PubMed,42,0.1,gt_full_sgc_all_trainable_hops3.yaml,dd6020e4dde2b907fd60,sel_2b14e240_53f05089,sel_028d7cb7_92991275,False,228cf6eb84c3fbb3aaa6f4b5ac4b73eb8be2c9829af502d92eb150bfa62ddf33,12ed4085f2e00f938c855ca55ee7f6e3d352840e44362c9518f77ffcdc628532,85.6237322515213,88.84381338742394,3.2200811359026305
PubMed,42,0.15,gt_full.yaml,73135744d427ab575d82,sel_a921247e_f2ea3cad,sel_958c2f46_45613e78,False,aeb3a55398cdebfc63b5b074192e69e0c46a4193ba545cad07e2773f5e01e57f,c6d8515d7a023c609a14051e0656beecace0c230afbb03bddef0afacc1778f2d,82.27687626774848,85.67444219066938,3.3975659229208977
PubMed,42,0.15,gt_full_all_trainable.yaml,45aa7a3e7bfe521bd3d6,sel_8de6d03a_0e177c63,sel_22d6353b_c0247bfd,False,adfdf7b5d0cf148c72f79781d2ab839659ed0726f2b84cd6ad36006590f86891,c944d1d5474f926a173430117b6ac0f7801e57d623f9b89fd613eea5f8ece0b9,82.47971602434076,87.90567951318458,5.425963488843822
PubMed,42,0.15,degree.yaml,5ae52b0fcb5da67ba239,sel_637cc655_e41e32ad,sel_637cc655_e41e32ad,True,635dcdeb8da6bcbfd5e73730eb235b69451395d8feff88d2ec807b59307fdb0e,a78fe43e0b6c5c47c3452f013859f69c60174c03c8074208d4f305a300fbb34a,85.39553752535497,88.59026369168357,3.1947261663285986
PubMed,42,0.15,random.yaml,0c709ad93395c4b8fc67,sel_f034940a_22d13ed8,sel_f034940a_22d13ed8,True,f688112472018d80804bf91121530239d431d8a6d8f54698fd844aea21085299,959238759563f2b12bc2355d36c18c7525401fa441d07dfd99cd6207ae4b05d5,85.57302231237323,88.64097363083164,3.0679513184584173
PubMed,42,0.15,gt_simple.yaml,c928786b4879faa7449f,sel_64f4635d_ebc17845,sel_ed861d83_67f8039e,False,53b19e19f5a950646f45d7645ecbd6ac5bdb27da9e4dbbdf8f58ac4bd98e64f2,4ffd87c8b9e24492f1f11d499746375b2b7764cf11392dfe7dbf677c3f41f856,85.1419878296146,87.70283975659228,2.560851926977681
PubMed,42,0.15,r_point.yaml,16c3e55511cb24fb9d21,sel_0db715dc_a0c66f7a,sel_440fe37c_867408f4,False,8eecef2268d25161c5f0a97b4af9c77e7a92348420bbea3d794d92938c533d06,3c73a7a763b4ae44cee07844bb879b338d533e53fcfc7354ddffb79c1e7d7a50,81.16125760649088,85.82657200811359,4.665314401622711
PubMed,42,0.15,p_graph.yaml,dafb6534870abe6c5278,sel_3df9d4d5_7201c3c0,sel_bb47ebe3_13ed3e33,False,9b745dd2b4f20e0704f0348fd270f5a8280928b0afde83116c1bc32f7aebf9c1,682a3bd171b32cd0a47e68a3b8a617497c14e9ba13492e485a9b7700f3ae4f38,82.27687626774848,86.5365111561866,4.259634888438136
PubMed,42,0.15,p_point.yaml,f93c0faa51494167e507,sel_553bb852_8dbe8f57,sel_2a624cbb_415316d8,False,d51c36ec1ab327e51e50e6863882cf46cfd76c85d64b4f4cddeb0efd1492ee01,f2e0ec4eac33ca5712aee921ce994e7d3a9a1bbcbc59f64b78c0197f9c2471e8,81.23732251521298,85.95334685598377,4.716024340770786
PubMed,42,0.15,gt_full_all_trainable_hops3.yaml,a86a721a9619f6677bb5,sel_3a7b3874_f0280ef2,sel_7ded97b9_d03e3f7a,False,99572feecdf74212d3f57be4612d56f648d07bc5583f974a61c38dad71b322b0,ccb9a0baec19494ca15a8ef95f2b74648bfc5d5d02f5266d121b3b5e83848274,82.4290060851927,87.39858012170384,4.9695740365111485
PubMed,42,0.15,gt_full_sgc_all_trainable_hops3.yaml,c117d91900bb3a5e6f8a,sel_14ddbbc1_a38ad2ef,sel_028d7cb7_92991275,False,ab5ff08adf6930ab80400ada02d7a52f4134a9204973e58d9a9570be45259f8e,0fd28df41e48b05c6c0404f93faac4e2ff265989dbd30efdea2e95836a384ec5,85.75050709939148,88.64097363083164,2.890466531440161
PubMed,212,0.01,gt_full.yaml,d73a58af28f2bd932fb5,sel_8ef80657_b7c26472,sel_b8abfd33_551dc83d,False,453bc7542d6fb5f748db2ca590ef1ac7debab7546ea2a1522e52788648728a0c,f29cc84f5c8747fa7686fe4d05426392289b98f98abed63bc49f488f0210ed32,85.6237322515213,88.20993914807302,2.5862068965517238
PubMed,212,0.01,gt_full_all_trainable.yaml,8a984026f8af82252960,sel_4a2733b7_22d7af32,sel_262e5a9f_59b7b72b,False,e5d400dd3c39a01d98caed5e86eaa3ae3e20b015b5bc925a50e271977329d1ff,e78a725237d2f0adbb035a440547786f3ece2e0c4756c9021124ea7a6888d647,85.6237322515213,88.43813387423936,2.8144016227180546
PubMed,212,0.01,degree.yaml,806fcd4552b2b24acab1,sel_435257f7_0fc3e473,sel_435257f7_0fc3e473,True,fe0fe089814c6a4924909afb98fbe260ae34593b89b447ada8347f6817b2cfa7,1a59ee4a5d9750781edd5f25dd112cdd361611c2b42cfa546db8ff547e9d1853,85.77586206896551,88.10851926977688,2.332657200811361
PubMed,212,0.01,random.yaml,a27dc22693a2876100b0,sel_8487e20a_911523e2,sel_8487e20a_911523e2,True,52ad17b51a6dbd0211b3735a78059e77778a2b726fd63789242b1a4d080571e9,5ce1e04f5149a5ab7e08ea3dddfe50ce13a293195cbf4388accdad483723c84d,85.72515212981745,88.48884381338742,2.76369168356998
PubMed,212,0.01,gt_simple.yaml,72264c9f1b93f2b1faef,sel_a7cc9bdc_8404c275,sel_fd366789_ba8dcd52,False,d89f279eafb6ecded5884a81524ff767aa7b8fd93bde242ecb7585c82d4b1967,62832c531854e21a2c06f324a63a38248af32c8083b8e632c0b1e62b3ee23266,85.44624746450305,88.48884381338742,3.0425963488843744
PubMed,212,0.01,r_point.yaml,f2316643cb2c7e925a45,sel_5f460b71_252a11d6,sel_61d739bc_e32b6515,False,cb531ee2153b47c770ef5977174f8cc24ededbe50f6e52419b954a33a21c1b8d,7c69b1b43cc777a13831d72ba970e7e86c399cd703904eb1403b9347389a9194,85.6997971602434,88.10851926977688,2.4087221095334677
PubMed,212,0.01,p_graph.yaml,8f1268ef1bdd3031be50,sel_2acec28f_a183de0c,sel_7e918da8_7a0cf86a,False,23eebcd33199c9a82578fb660a000e1b7d1aab0578cee6b824665f8519f0383c,eb277559edb94b5f3c7414537dcdcbbbf7baea22226ad7ecb41a5b155203fdfe,85.67444219066938,88.4634888438134,2.7890466531440117
PubMed,212,0.01,p_point.yaml,ead6b8f9619c176a507a,sel_2f8eb944_347e7201,sel_d579166a_e4cf41d5,False,2d1f862adbc982e664e08bfa4fa89b55d95f7658e0edca400febfa1a26221e6c,a11c1586b6832d51565b1c365aa2d5804cb01dcba6c48c5ba5a49582730f1f0d,85.67444219066938,88.4634888438134,2.7890466531440117
PubMed,212,0.01,gt_full_all_trainable_hops3.yaml,f75b1cd9c9da0590cd88,sel_79ccade9_32dde758,sel_8b887dae_06cbabee,False,771f5685550c846c97a5280cde6cf751a585b500bf47b5ffa17ef3983f9effe2,385b25bca0e8138b40cc1e9052a3fde6a2b6496a6169cc03d8ebf00d228eb389,85.5476673427992,88.61561866125761,3.0679513184584173
PubMed,212,0.01,gt_full_sgc_all_trainable_hops3.yaml,4a2b0b59f81850dac5d6,sel_b4bb0c50_f3ab86ad,sel_30fff4e9_622654f3,False,3ba44ec69c97b364897ebf35502b535128907444f12ad993d55dfa00f770244c,c86b4e43566066ec806e9fd478d4b4470ed98ff3e494ae152c8bfb9fa363ff51,85.82657200811359,88.71703853955376,2.890466531440161
PubMed,212,0.05,gt_full.yaml,da75d56b3ff6f7f840c1,sel_8ef80657_b7c26472,sel_b8abfd33_551dc83d,False,d90ec9af96da5e8b181bf2a9e73036ff99ee4640dbb46ba85299a1cca81ba6f6,89caacc306248864f792fefbc380bd0de2219464faeb6434abaed593097ad2ed,85.09127789046653,87.37322515212982,2.2819472616632863
PubMed,212,0.05,gt_full_all_trainable.yaml,30fe261340e8f26a0581,sel_f9677d00_8e7cdbd8,sel_262e5a9f_59b7b72b,False,e8b3bfda475f2c98e85821dcc1655cc089634a22f39725748c98b75b916a0004,fe512269e51c0c17b8200fd8ebe165e1b6a212bc19390fda8bb5cb9575f8933e,84.88843813387425,88.20993914807302,3.32150101419878
PubMed,212,0.05,degree.yaml,28b1ca21b452de79fc7d,sel_435257f7_0fc3e473,sel_435257f7_0fc3e473,True,a3b6cdcbca9ab42aa14a0b44ba8a118ebc51e6035650195701d1e8f5520f0c18,4d03fbc5acada14f733ed886dbc238c4626f8e181f41338d04f6a058b054c411,85.52231237322515,88.2606490872211,2.738336713995948
PubMed,212,0.05,random.yaml,893bc5974a8e37a97160,sel_cb685632_c501690e,sel_cb685632_c501690e,True,b3a632afebfc1cf08e29ab3b9a7732beafc7217a474b66befb31f96a924c1153,7bb9ac116f679a4bda099d0666fa59bf4179a5ad3657d323b8f964eed813ab87,85.75050709939148,88.3367139959432,2.5862068965517238
PubMed,212,0.05,gt_simple.yaml,805a424cf08ec143a0db,sel_ce34a7df_9ed4f3e4,sel_fd366789_ba8dcd52,False,d9c212c42cdf143d6ac7af500d2dd241f06b630e92fb1515fd9e63655824db44,16bcf6d6fe99f37d8b7abedf2dc7d63addd1a24caaca823ce6ce4faefd03d67e,85.67444219066938,88.43813387423936,2.76369168356998
PubMed,212,0.05,r_point.yaml,cff24d04e8345dca0b46,sel_920be107_b23ebb55,sel_61d739bc_e32b6515,False,f62c32424e3be82ebf493f00dcba4cdf3e7c414e226dfdb2b27c571400aae784,fdb4f9684960085d9ff45a9b4d1c5ff643586f43e870c75644890d05e0278dbe,84.83772819472617,87.37322515212982,2.535496957403649
PubMed,212,0.05,p_graph.yaml,31d1316a8f5ec0492140,sel_bab5f7bb_fd29c532,sel_7e918da8_7a0cf86a,False,ccc0817e68a83a39113e9d5e5133123be962b4b1c2b9cae55e535b25280e158d,6d35520f7de4ba98551f851ca2d2ac51c3e629271a71f75a0150486e53389520,84.96450304259635,88.00709939148072,3.0425963488843744
PubMed,212,0.05,p_point.yaml,f43a7881bee0b8f2e86c,sel_cda7a808_eb9489d0,sel_d579166a_e4cf41d5,False,cfb2e395e2204890da0cee7756763b77699ed324c1afa742e5f59310a4db264d,614dac41c1940b2417e549602b6c1ed90466eccf4e8c15237d53748b9bf692ad,84.83772819472617,87.27180527383366,2.4340770791074995
PubMed,212,0.05,gt_full_all_trainable_hops3.yaml,3e362d773756b9e68afd,sel_79ccade9_32dde758,sel_8b887dae_06cbabee,False,a7550170ee344407b2a4b0e284daf668d035d3d060ace7ea8b0e259442967cc7,bda4db540915d17e9bbbafea0ab2635a9459824b059de08dcfdb0ce358bdb6f4,84.91379310344827,88.23529411764706,3.32150101419878
PubMed,212,0.05,gt_full_sgc_all_trainable_hops3.yaml,3e7078307ee95ec29d43,sel_e7467061_3c8da094,sel_30fff4e9_622654f3,False,e2ccc79be541b467368e32f7e00f4b0276efa6045e13bf246022d0c1729e652e,74823cc388f17a124ea81ebeb507b90448ebb8311ae0d6362fb6a27df0366998,85.80121703853956,88.84381338742394,3.0425963488843744
PubMed,212,0.1,gt_full.yaml,e772a84c4b16ec0977b3,sel_8ef80657_b7c26472,sel_b8abfd33_551dc83d,False,641db5874dabe39985c0e3702dddb10f5b3bf7f71c2c48d2eb364824aec66c23,8bb15b1384fb16fd26d16dab1dbd64e5bc2dc0e532576f8dd81db816c4bd9ceb,83.84888438133873,85.67444219066938,1.8255578093306357
PubMed,212,0.1,gt_full_all_trainable.yaml,efb3e6a1b31a0e9137fd,sel_026f2b8c_fbaf9b66,sel_262e5a9f_59b7b72b,False,c0b89f6d3b3371b487cb1757d8935629b5e78b468dd77e6bd6d5f94ddaca07d5,d5a1887f5be3c367a6b4b0f42da572de8aab16873a63765d7607bc399b27e615,83.92494929006085,87.32251521298174,3.3975659229208865
PubMed,212,0.1,degree.yaml,94b34c7076dc224c18ac,sel_435257f7_0fc3e473,sel_435257f7_0fc3e473,True,388def8453c4f3b3ebeabacccff9d93861875a6a4bb7b962cb8cb587773542c7,9cdf0a5c530e0a7e8eafac940abd6e849aad6c4cef7b64af559f2492981129af,85.49695740365112,88.7423935091278,3.2454361054766734
PubMed,212,0.1,random.yaml,7fc6e0078776ce8a467d,sel_2742b014_42ca31c5,sel_2742b014_42ca31c5,True,9b2aa75b5adc6b973ee360b1afbb0160b4ac78da9439c39d500c11c132d5ead0,999cdc57d95b5e74e189eafedf60508fbe914eaf0173d2362609b07d3a793091,85.67444219066938,88.61561866125761,2.941176470588236
PubMed,212,0.1,gt_simple.yaml,46cca7bd002e357e0d86,sel_4b4668c9_1940e171,sel_fd366789_ba8dcd52,False,a416e5b6ddb8ae0b777521e0a6dd0d209181cdb461293e63da29da67a8f013f5,e32a10e32a66e0f95582f82c36c7726129e64709f8243f35a871f670d31d2cec,85.52231237322515,87.70283975659228,2.180527383367137
PubMed,212,0.1,r_point.yaml,721fd23e553575fda6a6,sel_efef2843_5df6ab02,sel_61d739bc_e32b6515,False,c34c84a8d5ec10ca5d41a19e77230109fc663e0c661735a96f4908f13bb5a533,94f9d8d8e698436c842f9c543be01c38964b28bf3dc2ff004633e16d7eb0cae4,83.62068965517241,86.105476673428,2.4847870182555853
PubMed,212,0.1,p_graph.yaml,5aa751ca8677d38090c1,sel_678740c9_86cb4fc3,sel_7e918da8_7a0cf86a,False,5880cf1ebceaad086cf291e0fb13b6d5ba17ad562b91c12a192c5d3879d1ac14,e18ee675b45a42fe053255115852685fd21c7a6faa395aebc83fe4a13ee037f5,84.00101419878297,86.13083164300203,2.129817444219062
PubMed,212,0.1,p_point.yaml,3b0ae7b0722ca4efef26,sel_15f8f34c_b40c9d67,sel_d579166a_e4cf41d5,False,f48ed790d8c35a7b0d4ea16153b560180c08e4c4998cfeed09d1ecd0ace9b94c,82b23806777812599401db5cb6a5d93084fe3880e14251a9f13781c0df71a899,83.4685598377282,85.72515212981745,2.2565922920892434
PubMed,212,0.1,gt_full_all_trainable_hops3.yaml,025fe6b3383df2201d1a,sel_79ccade9_32dde758,sel_8b887dae_06cbabee,False,7aae9a26ceb43a8203fa66b457b39c813db53017d0e8323b8f73a99d68c1b378,d6fcf3fe0469757c8acaca665384c0d08f975135663f7b4cf4d4bcbc948d98b3,84.05172413793103,86.99290060851928,2.941176470588236
PubMed,212,0.1,gt_full_sgc_all_trainable_hops3.yaml,7d4bcd4ee540a15af34d,sel_c75f36e3_7fc1af02,sel_30fff4e9_622654f3,False,eac0eaf036dc8c8841352d8ebd88a634fa500ede9bce535647c457d1f80fa5db,c03a67fe8360304d1f39cbcfd939142c385619feb34507f9594331c014954d02,85.90263691683569,88.00709939148072,2.1044624746450302
PubMed,212,0.15,gt_full.yaml,9f20dc019892a4cc60d5,sel_31548d4a_a6136180,sel_c261ea1f_b3e0ac47,False,a87d1a3260d78a80feab568fc52138476523c740312762d3db6aba2de19250bc,0d6ffccd4f6c0627aaecea31aee8bb622a82878d550070f24749943f815a7508,82.60649087221095,85.49695740365112,2.890466531440161
PubMed,212,0.15,gt_full_all_trainable.yaml,e2774ce4221213b71b78,sel_e33f34c2_4b8c4203,sel_262e5a9f_59b7b72b,False,24fb7d917f229bf5d1ccc02339de91c28ee860016206a9b476d88592a993185a,52bc99845875f2e7c8454ec834883bcbccfb5e294b78cc1a2ae990c0bc548013,82.96146044624746,86.13083164300203,3.169371196754567
PubMed,212,0.15,degree.yaml,465dd9a3ed7cd1e129dc,sel_637cc655_e41e32ad,sel_637cc655_e41e32ad,True,ba45febf316ee760a7ea57e96efee1879edc666a2959d35783dcafdc79575663,8c34c1ea32b7ff839ad470c01e003fb79af60e505afcb56ccf5ecd560a40c7c9,85.59837728194725,88.28600405679514,2.6876267748478733
PubMed,212,0.15,random.yaml,ee00b926dff8a08a611a,sel_f034940a_22d13ed8,sel_f034940a_22d13ed8,True,782d1d4b13dfb72b956b6029904484d680e4b2a81de1aee3a3e9658b1bd7acb1,77e10c76747103c9fd53a61bd7050fec95cb0dc7fd159822db7ddace4653da8d,85.64908722109533,88.23529411764706,2.5862068965517238
PubMed,212,0.15,gt_simple.yaml,7245686fa684d241778d,sel_9f405dde_0965d827,sel_fd366789_ba8dcd52,False,3d7d7f8c0d0d8e3f6432ff3870b70c1743f1e6694597ecf52f6ec2932b0e3a76,23334ab974f63ee0829de3128d2f273e0da263ec57e047603b574d8db9ee6b75,85.44624746450305,88.31135902636917,2.8651115618661294
PubMed,212,0.15,r_point.yaml,741068d2490846d7c8b9,sel_6046c8e6_16a39ca9,sel_516b2a07_3a9d1a19,False,fba8c2369c9c9792bfa876b70a04b29c9897cd62c747fb1029f29a6d57c1a594,24fea241071ce8e1f07f15443bd56c660b400e0aeb041159fc2ae583c2aa85fb,81.51622718052738,85.01521298174443,3.498985801217047
PubMed,212,0.15,p_graph.yaml,527fceef86cfe9f5308e,sel_e55ce245_a090b55c,sel_7e918da8_7a0cf86a,False,baa02b00123ede0da55a1074f611cb9cab8d7c0e57105cb411a6090c84955385,2c99c25eaa89796f8626874f4a2521aea2136f6cd077e24ec4d075386bfed241,82.60649087221095,85.11663286004057,2.510141987829606
PubMed,212,0.15,p_point.yaml,53c849c5c1587eed0e90,sel_3dec83a6_ce297016,sel_d579166a_e4cf41d5,False,4bbc106a5a1ef092b26a4e9727e24633459472e08f378cc7c3aaa5cb24d96b5f,472d11e31621bd4bcd45de7f92f355987531f99427e3d823f26deebde5ca94b9,81.41480730223124,84.81237322515213,3.3975659229208865
PubMed,212,0.15,gt_full_all_trainable_hops3.yaml,5d628ec0b32339689fa8,sel_4a5956e4_e2d2273c,sel_5a279121_31cde561,False,fe7c6382c8eb14a30347a59fae3dbe385ffcb0307f9c081fe395976c030ee277,694cdddf103b461f864ac2ea1e6a941fd898e93619cdbab1ece93eda39fb84bc,82.9868154158215,86.20689655172413,3.2200811359026305
PubMed,212,0.15,gt_full_sgc_all_trainable_hops3.yaml,caf10f777cabe2430321,sel_99b5e05f_cd32493b,sel_30fff4e9_622654f3,False,124ce5cccbb9772d94e7c03d2f3a19efb0c7b4e9176a35057e98ec129c5b79dc,6e22e81326f959d9907cc7c16f4ba11d99de22ccd917c3e2d90c8e6b842e6783,85.80121703853956,88.71703853955376,2.915821501014193
PubMed,2024,0.01,gt_full.yaml,650f975a900b7014077c,sel_d9225176_b9e5e271,sel_c67c0c28_0b7bf856,False,d219990a660fd07d90c1876d8f019f60ab0ba4d99ba6d6be1340f3589989d6d9,208af12491b6b4d171e04ce48c428fa989a14484066aba80be2390021729c651,85.44624746450305,88.31135902636917,2.8651115618661294
PubMed,2024,0.01,gt_full_all_trainable.yaml,2528fa35e3f10a1d2bf9,sel_2bedb074_b5e04d40,sel_bc59970e_8b2ac16a,False,115bc3e59af79288cae9d7359de52e863f10755eb45ab43a8600f621b6429a01,f53152b44d9ff17e0016d082ebf5c6868753d5ed83d6020f40c257a3b9bcfdac,85.44624746450305,88.51419878296146,3.0679513184584173
PubMed,2024,0.01,degree.yaml,a6c8a9fdccd7edd4e855,sel_435257f7_0fc3e473,sel_435257f7_0fc3e473,True,8eaa169e437cb844c20b1f4cf2709f4cf8e98b3ee2631fb94540334c108d01c2,11f0f801a8e73863ebf779792dd08b2bb7e5483ba2d1f6e55828a2157f9eb666,85.47160243407707,88.61561866125761,3.144016227180535
PubMed,2024,0.01,random.yaml,42fc7e5cc3b0afe3ded4,sel_8487e20a_911523e2,sel_8487e20a_911523e2,True,9e182ad8910eaeb3cde31e43f2d1781644036f86c54ceabe9b3972ba570f2987,5707bb7e68c7b818dba2103f31cc06a6eac9d17d871f314459cb697e0954faf9,85.49695740365112,88.38742393509128,2.890466531440161
PubMed,2024,0.01,gt_simple.yaml,181ad93acff0732e54e0,sel_aacf4042_d5d99462,sel_f2c9d4ac_ab4c2bc2,False,ba8b9347d27856c1f3816206128699c9c39e3c408de0e2e7d96daf727a8e9d3f,6770a11e42d33090807584e4f9a33bf7aefe51177593ea7bd56b9515cf66d7ac,85.52231237322515,88.2606490872211,2.738336713995948
PubMed,2024,0.01,r_point.yaml,17e63db9285d06748a3c,sel_f9c40fef_e677793d,sel_a3452bd1_a882b2b4,False,2a197ba266b7c7aaa605630706c4939c9cd567631662e3e7cd37266319beeba5,ef92fb2068c5557780c97a03eb7f67a6ca2aa2345314614afa696224aa174c99,85.420892494929,88.43813387423936,3.0172413793103536
PubMed,2024,0.01,p_graph.yaml,8cd3106b0b00d8b587b2,sel_e0ab40b5_dc7e07d7,sel_c194a0b6_dff5d0d5,False,93e1374afacc5d03ea324f105b908d91a239bf4e1105d57e5cc071d8c8c451c2,b84935f9fa5bbdd27fd2f631ee39b83ff65ebaa5a4631ca042fb2e9f98ca7d19,85.47160243407707,87.90567951318458,2.4340770791075106
PubMed,2024,0.01,p_point.yaml,87a7b23087d8e48591a6,sel_501926ba_54d107a9,sel_6314294f_4f2b312b,False,f015862ebbf58cec4e0ee519301305c48e0e6dfd9a9d890a69b9073e22a234f4,e19ec1603723c918757db2b1cf2304772dbb0698b14c2f3b2ea2eed65aa3f809,85.420892494929,88.64097363083164,3.2200811359026416
PubMed,2024,0.01,gt_full_all_trainable_hops3.yaml,782d61a90abc220b6ba4,sel_9c07d370_cc5331ef,sel_1e25c8bc_6dd8ded3,False,e1943d3d8628db9223c6d154f5c627bdf32eff50b28dfec2f4a6d2e3f3b9d993,6829d47fb8e4555339857a88554f55ea04ccc8b81d8b0b0bf489f6a90cca9413,85.49695740365112,88.61561866125761,3.118661257606492
PubMed,2024,0.01,gt_full_sgc_all_trainable_hops3.yaml,b98846f9fee768943d5a,sel_4e1dfdba_9f1c28dc,sel_ee0894b9_04fece54,False,21591ef5d785d4aee88cc56414e5af778d8c3e7a10200ae271cbe69e9ce72bb4,531bbbd233896442434b256c4c608e6967ca74e6cf3222c0d4146881579ce1cc,85.6237322515213,88.64097363083164,3.0172413793103425
PubMed,2024,0.05,gt_full.yaml,c5f046a4e598f1b97e60,sel_d9225176_b9e5e271,sel_c67c0c28_0b7bf856,False,2901f2f485add6c36f2970112b9368af42ef05bcca51abb70bea6faadf8fe9c1,18527b8c2ef9f1e6c04bd76944781a55affdf5749a461df5f0ea224f534216fd,84.66024340770791,88.03245436105477,3.3722109533468547
PubMed,2024,0.05,gt_full_all_trainable.yaml,b511092f058ff23692e9,sel_e4fb573b_1b253a07,sel_bc59970e_8b2ac16a,False,448344cd0acbe655eec6232d7b5769f954157eeb341069e26c6cede576820888,ce7737d4a377bb5737db45d46400ad3ef3ecf185e0b2813577dc1d254f18b9bb,84.81237322515213,88.48884381338742,3.676470588235292
PubMed,2024,0.05,degree.yaml,05eea482e2db45433a36,sel_435257f7_0fc3e473,sel_435257f7_0fc3e473,True,2383e0dac5f362d3369d9cdaa358254b75542b94a6ba6744ff97609346baad9b,0133e0906f8936e3274d6817818148c09ad6ecaa4a227fab3866bb227eeed664,85.420892494929,88.64097363083164,3.2200811359026416
PubMed,2024,0.05,random.yaml,5a34b1912bd5daccabc9,sel_cb685632_c501690e,sel_cb685632_c501690e,True,f1ade86df954c0ffe40702c01219a5971735ac69b634416c719b16fa242198b4,3b2f7045cefedea9c9364129f1fbabdc372db912025792e1c726805e66952127,85.57302231237323,88.20993914807302,2.6369168356997985
PubMed,2024,0.05,gt_simple.yaml,8e7f401b463a53eac58d,sel_a8ea8a78_8573a27e,sel_f2c9d4ac_ab4c2bc2,False,b7c4645cab4de96b3caf5ca456d03a541884a906a140b53d0c2ff12ab7bf481f,88fefd2b1b4bd10ff4bc800e245c34755daafedfe4816d8c1cb61cf5cda63ab6,85.44624746450305,88.03245436105477,2.5862068965517238
PubMed,2024,0.05,r_point.yaml,f4c57d1b2407fc59a0d7,sel_d8cb0375_d7cbcfb8,sel_a3452bd1_a882b2b4,False,af277e5ff0a9da57140b327ed17d2cd9f12c5d37d838770b48ec83d82c4a78e6,25f989416d07883ee761a084a08b1c210f9386677842447b977299ea41f9c267,85.01521298174443,87.80425963488844,2.7890466531440117
PubMed,2024,0.05,p_graph.yaml,5302f32aa576a42910da,sel_65d1739a_822fff35,sel_c194a0b6_dff5d0d5,False,b2a73faa6a92698499bff1cef58df794de48ac607de2e6377ef34fcdd71ba0e5,263e69650db470a8a1a7e233e5cf27226557aa2879df235dd64f413eb9215eb9,84.78701825557809,87.93103448275862,3.144016227180524
PubMed,2024,0.05,p_point.yaml,11a90c52ac3603fc3b4a,sel_3ec1ef9e_b00b683d,sel_6314294f_4f2b312b,False,72392031d17ae3b9939ad1748bb16d05e5bc5d095bf26f481ee7fadbe10da517,a761c0e06b1c10436d5d0fe00e5cecf9ffc1dc4d4ea1a3ca497b09d5780d324e,84.96450304259635,87.85496957403652,2.890466531440161
PubMed,2024,0.05,gt_full_all_trainable_hops3.yaml,7003c0b24a6f5f106b95,sel_9c07d370_cc5331ef,sel_1e25c8bc_6dd8ded3,False,46128dedcb9d7c4f6739e8640e07a744ca25dd04d3f27804603af793a09fd30c,ed608fa5b37dd6938f30aacc6b78841f2d64c134c6eea0ea771d692dc79b7567,84.78701825557809,88.41277890466532,3.6257606490872174
PubMed,2024,0.05,gt_full_sgc_all_trainable_hops3.yaml,f11541eec49a9fe793d8,sel_19bf0dc5_2ce61e5a,sel_ee0894b9_04fece54,False,5fe3c2d5e573420f7474a6ebc007cccaf8dc0b033de851ef95bcf338a6ff75c2,e41c89bc85aaa396805968910aa4234fc966b0fb48eb72b427e4ead97337196f,85.64908722109533,88.66632860040568,3.0172413793103425
PubMed,2024,0.1,gt_full.yaml,80b525cbe2e24e6edc06,sel_d9225176_b9e5e271,sel_c67c0c28_0b7bf856,False,da04aad6fe1ee50ee245af9e50e3929eeaa27208ce27ce490a41e6a987f53751,b782101fc0a5336152e2fbb5734c5ddfc695dd6f5d4897d1062cf75c5ea110bd,83.97565922920892,86.99290060851928,3.0172413793103536
PubMed,2024,0.1,gt_full_all_trainable.yaml,3506c5aea70024c673c1,sel_1ff340a9_e22e1984,sel_bc59970e_8b2ac16a,False,ea6dae19dd85ae24627351b6fe03af1821956cb51557aa1a27e7ff2e353d4d3e,f80e7266ac1be90dd09d893c8b08e102f540dde84be7a44513a84924871cb62a,83.92494929006085,87.67748478701826,3.7525354969573987
PubMed,2024,0.1,degree.yaml,203adf3c6c623d3ddca0,sel_435257f7_0fc3e473,sel_435257f7_0fc3e473,True,5aba16f3ccc12e3c134b5163eeee8f3e76f19b5aaee9163cb427a6aade082637,9982f0dd940ec7d98b83c5669204e1259decaa7954ebad5af49aaac82e1b64e1,85.37018255578094,88.79310344827587,3.4229208924949295
PubMed,2024,0.1,random.yaml,cbe3b0861989fe33a9d5,sel_2742b014_42ca31c5,sel_2742b014_42ca31c5,True,45650a3968e39555d1340cc214e917a4610e206df41ffd604d9812cef84582f0,678d0dc26659d191b5183527f66a9ae102f4ca37ce71294f1a56280ba3744af2,85.49695740365112,88.97058823529412,3.473630831642993
PubMed,2024,0.1,gt_simple.yaml,a48ab3ad5f2d5083fbe4,sel_46852cf1_3cd2454e,sel_f2c9d4ac_ab4c2bc2,False,cb475eef3318b61b4a6aec2bdce43acb95f672e66ccfc12bb0c29a5951499bd2,84b6613879f88cb7898097e9b195f77361d2ededf2a51b06d100b1d9d55056ab,85.6237322515213,88.28600405679514,2.6622718052738303
PubMed,2024,0.1,r_point.yaml,28ffa1b909251a1b87f3,sel_eb4b38df_4ac43ab4,sel_a3452bd1_a882b2b4,False,72a66e5691596fdbb736dde8e45d810c4ce88f3583c475ce2286ab97e673b002,66e26dcf44c243ad431063c0e58798d990d4dade12d293be4251b97e078db05d,83.51926977687627,85.49695740365112,1.9776876267748489
PubMed,2024,0.1,p_graph.yaml,26ac93785d6afab544a8,sel_5b721ad1_8b902906,sel_c194a0b6_dff5d0d5,False,39cf44b7dc5c8214db315df94cd1b03c0b9aed014ee9a843b82ffbf7d83c0082,8e3fa1c9c04298d711f73700fed0ba95f3cbff9b73eb89f39f3fe1c5fd9c151c,83.95030425963489,87.0182555780933,3.0679513184584173
PubMed,2024,0.1,p_point.yaml,6c5b7fdf4d174f662156,sel_1e8c1abd_1fed8cd8,sel_6314294f_4f2b312b,False,f98d01944d11f96030467e27dba921a0d317172e2c47f0c3898b408e7e4eac31,dc87cd2361537e242cd4208c9c008274297ca9d06782cafb62572755399890d4,83.4685598377282,85.87728194726166,2.4087221095334677
PubMed,2024,0.1,gt_full_all_trainable_hops3.yaml,918dc51aa57dedd731a3,sel_9c07d370_cc5331ef,sel_1e25c8bc_6dd8ded3,False,742c20b5a3ab976ec5706c45a4961071805406d7143db5c2c1b22fe3c97fab1b,1549d31617c8ced6f10ecb1d0e0b01aae3b81d3e057114a5250dbef951613fc8,83.95030425963489,87.90567951318458,3.9553752535496978
PubMed,2024,0.1,gt_full_sgc_all_trainable_hops3.yaml,5b51ea7e21bfd5d25822,sel_a9aed5a0_86c202d6,sel_ee0894b9_04fece54,False,ede9352442dc272c45bca33fde5c711bd9b217150055a325012ccd4e3068eefc,20e51f8e1eddabae2bb20b3ba967f78a517b3c94ecf2482ca1e4823527d9a99f,85.57302231237323,88.51419878296146,2.941176470588236
PubMed,2024,0.15,gt_full.yaml,795cc2c46a219aaf001e,sel_1302f11f_7d769b3f,sel_e26f0b48_5f79c9a9,False,0aa41cfffc6141ed7a4cbeaa00a49cf5fa7767cc45a7ae52e8b9df306271ce3a,0359839ac96424059aaa83661b2a1adba592aca0533db57cf92b6493d7e179d3,83.08823529411765,86.30831643002028,3.2200811359026305
PubMed,2024,0.15,gt_full_all_trainable.yaml,72535cea90902cdbfc74,sel_92aef52a_d265526d,sel_bc59970e_8b2ac16a,False,acc99411e176974ccb41d894ace73ff2e09a889dd25bb3784762ad2ab06bbb5e,a819865c91693c248ea3604f0f04e8347839bae160b9a4c4ae6762b055f7df63,83.03752535496957,87.5760649087221,4.53853955375253
PubMed,2024,0.15,degree.yaml,2a322f81f3a1ad351105,sel_637cc655_e41e32ad,sel_637cc655_e41e32ad,True,fcfc4744f3509d507c09c85a66ed130f8d3a06f9505e63b6734e37909242525e,b7fb06b8deecbd84f19c56786cab6495318b9dd6b6d2cefa63949da93d3025d9,85.44624746450305,88.4634888438134,3.0172413793103425
PubMed,2024,0.15,random.yaml,b2d1cceb04e54b6cd021,sel_f034940a_22d13ed8,sel_f034940a_22d13ed8,True,6bd3b55e207b6cffa0aa5f35d9a39d982b7293d2a4d64521ca829a86993e415b,4d5477d7592997089202bc5ee08684b0da05beba3051ac25c1c16f52d7c6934a,85.44624746450305,88.97058823529412,3.524340770791068
PubMed,2024,0.15,gt_simple.yaml,5d172ee44e3048baa94d,sel_7d53a76f_db2e4def,sel_f2c9d4ac_ab4c2bc2,False,a57d1ee9fde43a4bee74119d89b61e10c80def080d083855fb2d57d7fed179d6,267817a51e33281e9cc025ca8da558e6f86b551a69fe5655fba2f3bc9fb67b90,85.44624746450305,87.82961460446246,2.3833671399594247
PubMed,2024,0.15,r_point.yaml,984eb11c4c2b810d5260,sel_7e771802_e21633ff,sel_5992dac0_72708a9a,False,a913b6b3a6212948974850516a4b5b53eb3cdd34385e4c27cf28ec3b26e0a606,9a4d8520d7c5cad950e7e98a1ab7ff6f7deddd80b132290e886f2116796d30b2,82.35294117647058,84.43204868154159,2.0791075050709984
PubMed,2024,0.15,p_graph.yaml,d12a75fae6847d93479c,sel_76e4843e_d503b50e,sel_c194a0b6_dff5d0d5,False,790aa792a6ac194ff1276a524736dbc5fb028e82bf598e92c25207da2462dc4a,bd6613d551b46a76f80994c10f746677db8715d09cd0e62c2683a69a9277614c,82.9107505070994,86.13083164300203,3.2200811359026305
PubMed,2024,0.15,p_point.yaml,67ae33e59536af14188b,sel_2ffedfbb_e9f6f76e,sel_6314294f_4f2b312b,False,c45e3dd5468768554a830e7615e2bd59aeda5fe1343b62e21960c21c296ca157,02b80c0aec39d21152cbc8bc29c9c2e80a6b42814d5640ed5f1b0b4569cd6233,82.30223123732252,84.63488843813387,2.33265720081135
PubMed,2024,0.15,gt_full_all_trainable_hops3.yaml,6d77bacdc8039801d4d2,sel_b728dbd8_260856f3,sel_35419d9a_646bd964,False,e5a1cef78955ba949e799acc03bb426eb71be339b35cc1ddb8a6403a96e34d79,866a30876cca0b3b0b901b299513e11931ba695afcb85ee692a8008eb6e77004,82.96146044624746,87.5760649087221,4.614604462474647
PubMed,2024,0.15,gt_full_sgc_all_trainable_hops3.yaml,8777a12bad82be768b77,sel_2de31391_ffc7dc58,sel_ee0894b9_04fece54,False,af645225880ac5233e0bca25686ececae0419e7b1c04f6813978a400e8a89941,5fa2d5da97e5eedf4656e1306cd8e110b39e83e9be743dba726a4886bf01720a,85.6237322515213,88.76774847870182,3.144016227180524
