{
  "config": {
    "dataset_name": "cora",
    "base_model": "GAT",
    "unlearning_methods": "IDEA",
    "unlearn_ratio": 0.05,
    "random_seed": 212,
    "strategies_requested": [
      "random",
      "tracin",
      "im",
      "hybrid"
    ]
  },
  "results": [
    {
      "strategy": "random",
      "perf_before": 0.8856088560885609,
      "perf_retrain": 0.8856088560885609,
      "perf_unlearn": 0.8892988929889298,
      "drop_retrain": 0.0,
      "gap": -0.0036900369003689537,
      "gap_pct": -0.416666666666661,
      "mean_pred_shift": 0.028046831488609314,
      "max_pred_shift": 0.7608712911605835,
      "fraction_flipped": 0.027629666030406952
    },
    {
      "strategy": "tracin",
      "perf_before": 0.8745387453874539,
      "perf_retrain": 0.8616236162361623,
      "perf_unlearn": 0.8856088560885609,
      "drop_retrain": 0.01291512915129156,
      "gap": -0.023985239852398532,
      "gap_pct": -2.783725910064241,
      "mean_pred_shift": 0.029219765216112137,
      "max_pred_shift": 0.8524920344352722,
      "fraction_flipped": 0.013293944299221039
    },
    {
      "strategy": "im",
      "perf_before": 0.8911439114391144,
      "perf_retrain": 0.8837638376383764,
      "perf_unlearn": 0.8892988929889298,
      "drop_retrain": 0.0073800738007380184,
      "gap": -0.0055350553505534306,
      "gap_pct": -0.6263048016701377,
      "mean_pred_shift": 0.028274590149521828,
      "max_pred_shift": 0.6039586663246155,
      "fraction_flipped": 0.023633677512407303
    },
    {
      "strategy": "hybrid",
      "perf_before": 0.8837638376383764,
      "perf_retrain": 0.8837638376383764,
      "perf_unlearn": 0.8763837638376384,
      "drop_retrain": 0.0,
      "gap": 0.0073800738007380184,
      "gap_pct": 0.8350730688935295,
      "mean_pred_shift": 0.02679729461669922,
      "max_pred_shift": 0.7211834192276001,
      "fraction_flipped": 0.02117183618247509
    }
  ],
  "timestamp": "2026-02-22T19:05:35.850747",
  "repair_meta": {
    "repair_mode": true,
    "dry_run": false,
    "requested": 4,
    "completed_before": 0,
    "executed_now": 4,
    "missing_before": 4
  }
}