{
  "config": {
    "dataset_name": "cora",
    "base_model": "GAT",
    "unlearning_methods": "IDEA",
    "unlearn_ratio": 0.05,
    "random_seed": 2024,
    "strategies_requested": [
      "random",
      "tracin",
      "im_v4",
      "hybrid_v4"
    ]
  },
  "results": [
    {
      "strategy": "random",
      "perf_before": 0.8800738007380073,
      "perf_retrain": 0.8892988929889298,
      "perf_unlearn": 0.8892988929889298,
      "drop_retrain": -0.009225092250922495,
      "gap": 0.0,
      "gap_pct": 0.0,
      "mean_pred_shift": 0.03079112060368061,
      "max_pred_shift": 0.5753633975982666,
      "fraction_flipped": 0.02083333395421505
    },
    {
      "strategy": "tracin",
      "perf_before": 0.8874538745387455,
      "perf_retrain": 0.8819188191881918,
      "perf_unlearn": 0.8800738007380073,
      "drop_retrain": 0.005535055350553653,
      "gap": 0.0018450184501844769,
      "gap_pct": 0.20920502092049925,
      "mean_pred_shift": 0.03729230910539627,
      "max_pred_shift": 0.8316835165023804,
      "fraction_flipped": 0.021664204075932503
    },
    {
      "strategy": "hybrid",
      "perf_before": 0.8911439114391144,
      "perf_retrain": 0.8892988929889298,
      "perf_unlearn": 0.8874538745387455,
      "drop_retrain": 0.0018450184501845879,
      "gap": 0.0018450184501843658,
      "gap_pct": 0.20746887966803454,
      "mean_pred_shift": 0.0320872999727726,
      "max_pred_shift": 0.9567164182662964,
      "fraction_flipped": 0.029542097821831703
    },
    {
      "strategy": "im",
      "perf_before": 0.8782287822878229,
      "perf_retrain": 0.8745387453874539,
      "perf_unlearn": 0.8874538745387455,
      "drop_retrain": 0.0036900369003689537,
      "gap": -0.01291512915129156,
      "gap_pct": -1.476793248945153,
      "mean_pred_shift": 0.02628456987440586,
      "max_pred_shift": 0.6910887956619263,
      "fraction_flipped": 0.02117183618247509
    }
  ],
  "timestamp": "2026-02-24T18:59:19.065232",
  "repair_meta": {
    "repair_mode": true,
    "dry_run": false,
    "requested": 4,
    "completed_before": 2,
    "executed_now": 0,
    "missing_before": 2
  }
}