{
  "config": {
    "dataset_name": "cora",
    "base_model": "GAT",
    "unlearning_methods": "IDEA",
    "unlearn_ratio": 0.05,
    "random_seed": 722,
    "strategies_requested": [
      "random",
      "tracin",
      "im",
      "hybrid"
    ]
  },
  "results": [
    {
      "strategy": "random",
      "perf_before": 0.8874538745387455,
      "perf_retrain": 0.8911439114391144,
      "perf_unlearn": 0.8874538745387455,
      "drop_retrain": -0.0036900369003689537,
      "gap": 0.0036900369003689537,
      "gap_pct": 0.4140786749482346,
      "mean_pred_shift": 0.026966966688632965,
      "max_pred_shift": 0.7836006879806519,
      "fraction_flipped": 0.020398251712322235
    },
    {
      "strategy": "tracin",
      "perf_before": 0.8892988929889298,
      "perf_retrain": 0.8653136531365314,
      "perf_unlearn": 0.8892988929889298,
      "drop_retrain": 0.02398523985239842,
      "gap": -0.02398523985239842,
      "gap_pct": -2.771855010660969,
      "mean_pred_shift": 0.03620724007487297,
      "max_pred_shift": 0.9413396120071411,
      "fraction_flipped": 0.023633677512407303
    },
    {
      "strategy": "im",
      "perf_before": 0.8856088560885609,
      "perf_retrain": 0.8856088560885609,
      "perf_unlearn": 0.8763837638376384,
      "drop_retrain": 0.0,
      "gap": 0.009225092250922495,
      "gap_pct": 1.041666666666665,
      "mean_pred_shift": 0.03390849754214287,
      "max_pred_shift": 0.7191212177276611,
      "fraction_flipped": 0.028064992278814316
    },
    {
      "strategy": "hybrid",
      "perf_before": 0.8874538745387455,
      "perf_retrain": 0.8819188191881918,
      "perf_unlearn": 0.8819188191881918,
      "drop_retrain": 0.005535055350553653,
      "gap": 0.0,
      "gap_pct": 0.0,
      "mean_pred_shift": 0.031931206583976746,
      "max_pred_shift": 0.7377995848655701,
      "fraction_flipped": 0.024126045405864716
    }
  ],
  "timestamp": "2026-02-22T19:06:01.559567",
  "repair_meta": {
    "repair_mode": true,
    "dry_run": false,
    "requested": 4,
    "completed_before": 0,
    "executed_now": 4,
    "missing_before": 4
  }
}