{
  "config": {
    "dataset_name": "citeseer",
    "base_model": "GCN",
    "unlearning_methods": "IDEA",
    "unlearn_ratio": 0.05,
    "random_seed": 212,
    "strategies_requested": [
      "random",
      "tracin",
      "im_v4",
      "hybrid_v4"
    ]
  },
  "results": [
    {
      "strategy": "random",
      "perf_before": 0.7312312312312313,
      "perf_retrain": 0.7267267267267268,
      "perf_unlearn": 0.7297297297297297,
      "drop_retrain": 0.0045045045045045695,
      "gap": -0.0030030030030029353,
      "gap_pct": -0.4132231404958584,
      "mean_pred_shift": 0.025331692770123482,
      "max_pred_shift": 0.7989023923873901,
      "fraction_flipped": 0.037854891270399094
    },
    {
      "strategy": "tracin",
      "perf_before": 0.7267267267267268,
      "perf_retrain": 0.7237237237237237,
      "perf_unlearn": 0.7342342342342343,
      "drop_retrain": 0.0030030030030030463,
      "gap": -0.010510510510510551,
      "gap_pct": -1.452282157676354,
      "mean_pred_shift": 0.03626985847949982,
      "max_pred_shift": 0.8067929744720459,
      "fraction_flipped": 0.02605210430920124
    },
    {
      "strategy": "hybrid",
      "perf_before": 0.7312312312312313,
      "perf_retrain": 0.7267267267267268,
      "perf_unlearn": 0.7327327327327328,
      "drop_retrain": 0.0045045045045045695,
      "gap": -0.006006006006005982,
      "gap_pct": -0.8264462809917321,
      "mean_pred_shift": 0.028432199731469154,
      "max_pred_shift": 0.5186892747879028,
      "fraction_flipped": 0.032464928925037384
    },
    {
      "strategy": "im",
      "perf_before": 0.7282282282282283,
      "perf_retrain": 0.7297297297297297,
      "perf_unlearn": 0.7387387387387387,
      "drop_retrain": -0.0015015015015014122,
      "gap": -0.009009009009009028,
      "gap_pct": -1.2345679012345707,
      "mean_pred_shift": 0.02717871591448784,
      "max_pred_shift": 0.6205569505691528,
      "fraction_flipped": 0.032064128667116165
    }
  ],
  "timestamp": "2026-02-24T18:57:16.570558",
  "repair_meta": {
    "repair_mode": true,
    "dry_run": false,
    "requested": 4,
    "completed_before": 2,
    "executed_now": 0,
    "missing_before": 2
  }
}