{
  "config": {
    "dataset_name": "citeseer",
    "base_model": "GCN",
    "unlearning_methods": "IDEA",
    "unlearn_ratio": 0.05,
    "random_seed": 1337,
    "strategies_requested": [
      "random",
      "tracin",
      "im",
      "hybrid"
    ]
  },
  "results": [
    {
      "strategy": "random",
      "perf_before": 0.7237237237237237,
      "perf_retrain": 0.7207207207207207,
      "perf_unlearn": 0.7387387387387387,
      "drop_retrain": 0.0030030030030030463,
      "gap": -0.018018018018018056,
      "gap_pct": -2.5000000000000053,
      "mean_pred_shift": 0.026918895542621613,
      "max_pred_shift": 0.6729980707168579,
      "fraction_flipped": 0.03878116235136986
    },
    {
      "strategy": "tracin",
      "perf_before": 0.7312312312312313,
      "perf_retrain": 0.7162162162162162,
      "perf_unlearn": 0.7327327327327328,
      "drop_retrain": 0.01501501501501512,
      "gap": -0.016516516516516533,
      "gap_pct": -2.306079664570233,
      "mean_pred_shift": 0.04008932784199715,
      "max_pred_shift": 0.8780776262283325,
      "fraction_flipped": 0.024849699810147285
    },
    {
      "strategy": "im",
      "perf_before": 0.7327327327327328,
      "perf_retrain": 0.7237237237237237,
      "perf_unlearn": 0.7297297297297297,
      "drop_retrain": 0.009009009009009028,
      "gap": -0.006006006006005982,
      "gap_pct": -0.8298755186721959,
      "mean_pred_shift": 0.0246882326900959,
      "max_pred_shift": 0.7102581858634949,
      "fraction_flipped": 0.034068137407302856
    },
    {
      "strategy": "hybrid",
      "perf_before": 0.7327327327327328,
      "perf_retrain": 0.7312312312312313,
      "perf_unlearn": 0.7342342342342343,
      "drop_retrain": 0.0015015015015014122,
      "gap": -0.0030030030030029353,
      "gap_pct": -0.41067761806980585,
      "mean_pred_shift": 0.02568845823407173,
      "max_pred_shift": 0.7211612462997437,
      "fraction_flipped": 0.032464928925037384
    }
  ],
  "timestamp": "2026-02-22T19:02:37.182252",
  "repair_meta": {
    "repair_mode": true,
    "dry_run": false,
    "requested": 4,
    "completed_before": 0,
    "executed_now": 4,
    "missing_before": 4
  }
}