{
  "f1_after": 0.8796125461254612,
  "f1_after_std": 0.004202229510675446,
  "f1_before": 0.8819188191881919,
  "f1_drop": 0.002306273062730624,
  "n_seeds": 4,
  "seeds_used": [
    111,
    333,
    777,
    999
  ],
  "per_seed_details": [
    {
      "seed": 111,
      "f1_after": 0.8819188191881919,
      "f1_before": 0.8837638376383764,
      "f1_drop": 0.0018450184501844769
    },
    {
      "seed": 333,
      "f1_after": 0.8800738007380073,
      "f1_before": 0.8819188191881918,
      "f1_drop": 0.0018450184501844769
    },
    {
      "seed": 777,
      "f1_after": 0.8837638376383764,
      "f1_before": 0.8856088560885609,
      "f1_drop": 0.0018450184501844769
    },
    {
      "seed": 999,
      "f1_after": 0.8726937269372693,
      "f1_before": 0.8763837638376384,
      "f1_drop": 0.0036900369003690647
    }
  ],
  "config": {
    "dataset_name": "cora",
    "base_model": "GAT",
    "unlearning_methods": "GNNDelete",
    "k": 5,
    "strategy": "random",
    "averaged": true,
    "timestamp": "2026-02-27T07:43:15.125170"
  }
}