{
  "V0: Baseline": {
    "time": 652.9745743274689,
    "selected": [
      0,
      23,
      84,
      26,
      168,
      635,
      1001,
      1554,
      44,
      369,
      380,
      585,
      953,
      2635,
      117,
      292,
      404,
      431,
      939,
      954,
      1439,
      3,
      7,
      31,
      66,
      106,
      187,
      222,
      225,
      247,
      250,
      287,
      307,
      390,
      422,
      462,
      474,
      520,
      538,
      587,
      611,
      625,
      641,
      662,
      692,
      700,
      713,
      721,
      780,
      786,
      832,
      917,
      967,
      974,
      986,
      1005,
      1059,
      1210,
      1231,
      1233,
      1236,
      1263,
      1298,
      1310,
      1371,
      1375,
      1563,
      1673,
      2410,
      2431,
      2602,
      2618,
      2664,
      2665,
      1,
      2,
      4,
      5,
      6,
      9,
      10,
      11,
      13,
      14,
      15,
      16,
      19,
      20,
      21,
      22,
      24,
      25,
      27,
      28,
      29,
      32,
      33,
      34,
      36,
      38,
      39,
      40,
      41,
      42,
      43,
      48,
      49,
      51,
      52,
      53,
      54,
      55,
      56,
      57,
      58,
      59,
      60,
      61,
      62,
      63,
      64,
      65,
      68,
      69,
      70,
      71,
      72,
      73,
      74,
      76,
      77,
      78,
      81,
      82,
      83
    ],
    "spread": 2700.0
  },
  "V2: Top-K": {
    "time": 10.122879981994629,
    "selected": [
      0,
      1,
      2,
      2547,
      4,
      5,
      6,
      2548,
      9,
      10,
      11,
      13,
      14,
      15,
      16,
      19,
      20,
      21,
      22,
      2549,
      24,
      25,
      2550,
      27,
      28,
      29,
      2551,
      32,
      33,
      34,
      36,
      38,
      39,
      40,
      41,
      42,
      43,
      2553,
      48,
      49,
      51,
      52,
      53,
      54,
      55,
      56,
      57,
      58,
      59,
      60,
      61,
      62,
      63,
      64,
      65,
      2554,
      68,
      69,
      70,
      71,
      72,
      73,
      74,
      76,
      77,
      78,
      81,
      82,
      83,
      2556,
      85,
      86,
      87,
      89,
      90,
      91,
      93,
      94,
      95,
      96,
      97,
      2557,
      100,
      101,
      102,
      103,
      104,
      105,
      2558,
      107,
      2560,
      109,
      112,
      114,
      115,
      2561,
      118,
      119,
      120,
      121,
      2563,
      125,
      126,
      2564,
      129,
      130,
      132,
      133,
      134,
      135,
      136,
      137,
      138,
      139,
      141,
      142,
      143,
      2568,
      2570,
      146,
      148,
      149,
      150,
      151,
      152,
      153,
      154,
      156,
      157,
      159,
      160,
      161,
      162,
      163,
      164
    ],
    "spread": 2485.0
  },
  "V3: Pruning (M=400)": {
    "time": 197.70907878875732,
    "selected": [
      2,
      145,
      84,
      26,
      4,
      14,
      20,
      22,
      24,
      33,
      36,
      39,
      43,
      48,
      51,
      52,
      55,
      59,
      61,
      65,
      69,
      73,
      74,
      89,
      91,
      94,
      95,
      99,
      102,
      103,
      109,
      118,
      119,
      120,
      121,
      126,
      132,
      133,
      139,
      153,
      154,
      156,
      160,
      180,
      186,
      191,
      210,
      218,
      231,
      236,
      239,
      251,
      258,
      279,
      281,
      284,
      306,
      310,
      316,
      350,
      364,
      368,
      371,
      374,
      379,
      389,
      392,
      401,
      402,
      408,
      426,
      429,
      436,
      440,
      441,
      444,
      454,
      456,
      458,
      476,
      480,
      482,
      484,
      487,
      492,
      498,
      515,
      525,
      541,
      544,
      553,
      558,
      565,
      567,
      580,
      581,
      596,
      598,
      603,
      606,
      609,
      610,
      623,
      640,
      644,
      645,
      650,
      651,
      657,
      661,
      687,
      695,
      702,
      704,
      711,
      733,
      735,
      736,
      739,
      743,
      745,
      756,
      760,
      779,
      812,
      816,
      819,
      831,
      833,
      836,
      838,
      854,
      857,
      859,
      863
    ],
    "spread": 2528.0
  },
  "V4: Batch (B=5)": {
    "time": 18.897897481918335,
    "selected": [
      0,
      1,
      2,
      4,
      5,
      23,
      108,
      144,
      145,
      213,
      495,
      898,
      1327,
      1328,
      1504,
      1647,
      1836,
      2157,
      2158,
      2159,
      2161,
      2209,
      2622,
      84,
      284,
      2222,
      2223,
      2224,
      2225,
      2226,
      26,
      99,
      122,
      127,
      168,
      1056,
      2437,
      2438,
      2482,
      635,
      1001,
      1318,
      1378,
      1544,
      1554,
      1657,
      2058,
      2150,
      2661,
      2662,
      2686,
      2687,
      2688,
      44,
      369,
      380,
      385,
      477,
      585,
      930,
      953,
      1582,
      2483,
      2484,
      2565,
      2566,
      2567,
      2569,
      2635,
      2636,
      2701,
      117,
      259,
      292,
      404,
      431,
      939,
      954,
      1170,
      1439,
      1476,
      2173,
      2174,
      2537,
      2562,
      2676,
      2695,
      3,
      7,
      31,
      66,
      106,
      187,
      208,
      222,
      225,
      247,
      250,
      287,
      307,
      390,
      422,
      462,
      474,
      520,
      538,
      545,
      587,
      611,
      625,
      641,
      662,
      692,
      700,
      713,
      721,
      780,
      786,
      821,
      832,
      917,
      932,
      947,
      967,
      974,
      986,
      991,
      1005,
      1024,
      1034,
      1044,
      1048,
      1059,
      1108,
      1181
    ],
    "spread": 2666.0
  }
}