cell_id,dataset,method,seed,random_seed,source,selector,selector_ref,split,selection_id,output_id,after,before,U,G,flip,retrain,baseline_id
98296b23b75d8647cea6,Cora,GNNDelete,42,,GCN,r_point,r_point.yaml,82741ce023ece70893d0f739fb2c7a06e8e81ec4afcb015b97fbd5b504a41dc7,sel_eec26e28_e33f74ac,pred_534cb726_1c510828,75.83025830258303,90.22140221402213,14.391143911439109,12.54612546125461,22.14022140221402,88.37638376383764,pred_5b523831_f7959bae
848d9a7b0603cdbe8a94,Cora,GNNDelete,42,,GCN,gt_full,gt_full.yaml,82741ce023ece70893d0f739fb2c7a06e8e81ec4afcb015b97fbd5b504a41dc7,sel_6131e07a_031bcfdd,pred_be90c3c5_7ed70102,68.26568265682657,90.22140221402213,21.955719557195575,21.771217712177126,29.520295202952028,90.03690036900369,pred_97312ba9_e28ce3b6
db2b7252b242c37c1088,Cora,GNNDelete,42,,SGC,r_point,./selectors/r_point_sgc.yaml,82741ce023ece70893d0f739fb2c7a06e8e81ec4afcb015b97fbd5b504a41dc7,sel_863e24ef_1b42fdb8,pred_501a6889_d6678d5d,79.88929889298892,90.22140221402213,10.332103321033214,8.11808118081181,18.081180811808117,88.00738007380073,pred_b1ac10ef_71b11afa
f1a9471b5e65f9c8152d,Cora,GNNDelete,42,,SGC,gt_full,./selectors/gt_full_sgc.yaml,82741ce023ece70893d0f739fb2c7a06e8e81ec4afcb015b97fbd5b504a41dc7,sel_300e729d_dfd2f5a2,pred_b9a86ea2_6fd276d1,72.32472324723247,90.22140221402213,17.89667896678967,17.527675276752774,25.092250922509223,89.85239852398524,pred_698ecfb9_2f228180
9d10ae3f4a1dd6a4aa9e,Cora,GNNDelete,42,,GAT,r_point,./selectors/r_point_gat.yaml,82741ce023ece70893d0f739fb2c7a06e8e81ec4afcb015b97fbd5b504a41dc7,sel_bdb77e40_10c8472c,pred_a36876ed_41d7f5f7,83.39483394833948,90.22140221402213,6.826568265682653,4.243542435424352,14.575645756457565,87.63837638376384,pred_e66d73a2_5d884d44
09b88dd79e94145bdc90,Cora,GNNDelete,42,,GAT,gt_full,./selectors/gt_full_gat.yaml,82741ce023ece70893d0f739fb2c7a06e8e81ec4afcb015b97fbd5b504a41dc7,sel_19781896_b41653f3,pred_65a75083_ee30f9ba,69.92619926199262,90.22140221402213,20.295202952029523,19.74169741697417,28.413284132841326,89.66789667896678,pred_d821ee1c_2c1267d4
4cd7963281c8bf945d93,Cora,GNNDelete,42,,GIN,r_point,./selectors/r_point_gin.yaml,82741ce023ece70893d0f739fb2c7a06e8e81ec4afcb015b97fbd5b504a41dc7,sel_1058609e_8fcc5e37,pred_d6a2373c_3591b11d,79.88929889298892,90.22140221402213,10.332103321033214,9.409594095940966,17.52767527675277,89.2988929889299,pred_baa394a0_2e355d5c
345c596c02b09aa1973b,Cora,GNNDelete,42,,GIN,gt_full,./selectors/gt_full_gin.yaml,82741ce023ece70893d0f739fb2c7a06e8e81ec4afcb015b97fbd5b504a41dc7,sel_4c1d37c6_3b7ff40c,pred_6600cda6_c10a0c88,69.00369003690037,90.22140221402213,21.217712177121772,20.479704797047972,26.383763837638373,89.48339483394834,pred_14031634_2da39dbf
b58ceb2e2b88abcfdce8,Cora,GNNDelete,42,,baseline,degree,degree.yaml,82741ce023ece70893d0f739fb2c7a06e8e81ec4afcb015b97fbd5b504a41dc7,sel_ff46e44a_c86d7141,pred_54f2a680_2c037de4,66.97416974169742,90.22140221402213,23.24723247232472,23.062730627306273,28.044280442804425,90.03690036900369,pred_2bd7be24_a1465fea
ed1f542e632c7a6011fb,Cora,GIF,42,,GCN,r_point,r_point.yaml,82741ce023ece70893d0f739fb2c7a06e8e81ec4afcb015b97fbd5b504a41dc7,sel_eec26e28_e33f74ac,pred_44ed9369_bbf0396d,90.03690036900369,90.22140221402213,0.18450184501844769,-1.6605166051660514,5.904059040590406,88.37638376383764,pred_5b523831_f7959bae
4108df228e34d694c1bc,Cora,GIF,42,,GCN,gt_full,gt_full.yaml,82741ce023ece70893d0f739fb2c7a06e8e81ec4afcb015b97fbd5b504a41dc7,sel_6131e07a_031bcfdd,pred_692f5e9d_8f501b74,90.22140221402213,90.22140221402213,0.0,-0.18450184501844769,4.428044280442804,90.03690036900369,pred_97312ba9_e28ce3b6
3db2003b42e2412b4cd8,Cora,GIF,42,,SGC,r_point,./selectors/r_point_sgc.yaml,82741ce023ece70893d0f739fb2c7a06e8e81ec4afcb015b97fbd5b504a41dc7,sel_863e24ef_1b42fdb8,pred_fcb3e56f_169a40b3,90.40590405904058,90.22140221402213,-0.18450184501844769,-2.398523985239853,6.088560885608856,88.00738007380073,pred_b1ac10ef_71b11afa
035e474a41290ebe93a2,Cora,GIF,42,,SGC,gt_full,./selectors/gt_full_sgc.yaml,82741ce023ece70893d0f739fb2c7a06e8e81ec4afcb015b97fbd5b504a41dc7,sel_300e729d_dfd2f5a2,pred_d2b8612c_86f8747e,90.59040590405904,90.22140221402213,-0.3690036900369065,-0.7380073800738018,3.136531365313653,89.85239852398524,pred_698ecfb9_2f228180
3640db5ed63577bd3ec6,Cora,GIF,42,,GAT,r_point,./selectors/r_point_gat.yaml,82741ce023ece70893d0f739fb2c7a06e8e81ec4afcb015b97fbd5b504a41dc7,sel_bdb77e40_10c8472c,pred_c4e94db4_bb589769,90.03690036900369,90.22140221402213,0.18450184501844769,-2.398523985239853,6.4575645756457565,87.63837638376384,pred_e66d73a2_5d884d44
7ddb20e597083b389c86,Cora,GIF,42,,GAT,gt_full,./selectors/gt_full_gat.yaml,82741ce023ece70893d0f739fb2c7a06e8e81ec4afcb015b97fbd5b504a41dc7,sel_19781896_b41653f3,pred_1b3f1af0_d7092d2e,90.59040590405904,90.22140221402213,-0.3690036900369065,-0.9225092250922606,4.243542435424354,89.66789667896678,pred_d821ee1c_2c1267d4
e0abb3f30f86266f77ea,Cora,GIF,42,,GIN,r_point,./selectors/r_point_gin.yaml,82741ce023ece70893d0f739fb2c7a06e8e81ec4afcb015b97fbd5b504a41dc7,sel_1058609e_8fcc5e37,pred_78f8aca0_5f95224f,90.22140221402213,90.22140221402213,0.0,-0.9225092250922495,4.797047970479705,89.2988929889299,pred_baa394a0_2e355d5c
671db42a4d0ea17f8b0b,Cora,GIF,42,,GIN,gt_full,./selectors/gt_full_gin.yaml,82741ce023ece70893d0f739fb2c7a06e8e81ec4afcb015b97fbd5b504a41dc7,sel_4c1d37c6_3b7ff40c,pred_1e3a46c8_138d70cb,90.03690036900369,90.22140221402213,0.18450184501844769,-0.5535055350553542,4.428044280442804,89.48339483394834,pred_14031634_2da39dbf
f87bc201252925f17269,Cora,GIF,42,,baseline,degree,degree.yaml,82741ce023ece70893d0f739fb2c7a06e8e81ec4afcb015b97fbd5b504a41dc7,sel_ff46e44a_c86d7141,pred_8a22245e_f40964dc,90.40590405904058,90.22140221402213,-0.18450184501844769,-0.36900369003689537,2.952029520295203,90.03690036900369,pred_2bd7be24_a1465fea
72c37212cf5317281a72,Cora,IDEA,42,,GCN,r_point,r_point.yaml,82741ce023ece70893d0f739fb2c7a06e8e81ec4afcb015b97fbd5b504a41dc7,sel_eec26e28_e33f74ac,pred_7f758d62_7a3ddc6e,90.03690036900369,90.22140221402213,0.18450184501844769,-1.6605166051660514,5.904059040590406,88.37638376383764,pred_5b523831_f7959bae
1805ce9286d6bbec0761,Cora,IDEA,42,,GCN,gt_full,gt_full.yaml,82741ce023ece70893d0f739fb2c7a06e8e81ec4afcb015b97fbd5b504a41dc7,sel_6131e07a_031bcfdd,pred_1aa9e5d5_d4a2d12c,90.22140221402213,90.22140221402213,0.0,-0.18450184501844769,4.428044280442804,90.03690036900369,pred_97312ba9_e28ce3b6
7a587bd8878ed1b04762,Cora,IDEA,42,,SGC,r_point,./selectors/r_point_sgc.yaml,82741ce023ece70893d0f739fb2c7a06e8e81ec4afcb015b97fbd5b504a41dc7,sel_863e24ef_1b42fdb8,pred_12389e8e_3cf2eb78,90.40590405904058,90.22140221402213,-0.18450184501844769,-2.398523985239853,6.088560885608856,88.00738007380073,pred_b1ac10ef_71b11afa
d8008f9eaac7f6fae017,Cora,IDEA,42,,SGC,gt_full,./selectors/gt_full_sgc.yaml,82741ce023ece70893d0f739fb2c7a06e8e81ec4afcb015b97fbd5b504a41dc7,sel_300e729d_dfd2f5a2,pred_19d6aa18_bc7c5153,90.59040590405904,90.22140221402213,-0.3690036900369065,-0.7380073800738018,3.136531365313653,89.85239852398524,pred_698ecfb9_2f228180
279e780c52841d960119,Cora,IDEA,42,,GAT,r_point,./selectors/r_point_gat.yaml,82741ce023ece70893d0f739fb2c7a06e8e81ec4afcb015b97fbd5b504a41dc7,sel_bdb77e40_10c8472c,pred_44bc1857_55d777ec,90.03690036900369,90.22140221402213,0.18450184501844769,-2.398523985239853,6.4575645756457565,87.63837638376384,pred_e66d73a2_5d884d44
b245b7b54226d3fea374,Cora,IDEA,42,,GAT,gt_full,./selectors/gt_full_gat.yaml,82741ce023ece70893d0f739fb2c7a06e8e81ec4afcb015b97fbd5b504a41dc7,sel_19781896_b41653f3,pred_5813ea53_2b862406,90.59040590405904,90.22140221402213,-0.3690036900369065,-0.9225092250922606,4.243542435424354,89.66789667896678,pred_d821ee1c_2c1267d4
5410b2bdeba78405e502,Cora,IDEA,42,,GIN,r_point,./selectors/r_point_gin.yaml,82741ce023ece70893d0f739fb2c7a06e8e81ec4afcb015b97fbd5b504a41dc7,sel_1058609e_8fcc5e37,pred_6d598406_bc11672b,90.22140221402213,90.22140221402213,0.0,-0.9225092250922495,4.797047970479705,89.2988929889299,pred_baa394a0_2e355d5c
0a410cc181d975c04dfc,Cora,IDEA,42,,GIN,gt_full,./selectors/gt_full_gin.yaml,82741ce023ece70893d0f739fb2c7a06e8e81ec4afcb015b97fbd5b504a41dc7,sel_4c1d37c6_3b7ff40c,pred_4ace6c80_54907a92,90.03690036900369,90.22140221402213,0.18450184501844769,-0.5535055350553542,4.428044280442804,89.48339483394834,pred_14031634_2da39dbf
defb4d6ce27c8414cb95,Cora,IDEA,42,,baseline,degree,degree.yaml,82741ce023ece70893d0f739fb2c7a06e8e81ec4afcb015b97fbd5b504a41dc7,sel_ff46e44a_c86d7141,pred_1a31c54a_ac4afe46,90.40590405904058,90.22140221402213,-0.18450184501844769,-0.36900369003689537,2.952029520295203,90.03690036900369,pred_2bd7be24_a1465fea
aabeb14fe5df4447cb78,Cora,MEGU,42,,GCN,r_point,r_point.yaml,82741ce023ece70893d0f739fb2c7a06e8e81ec4afcb015b97fbd5b504a41dc7,sel_eec26e28_e33f74ac,pred_7100e20b_32faa517,90.22140221402213,90.22140221402213,0.0,-1.845018450184499,6.273062730627306,88.37638376383764,pred_5b523831_f7959bae
377868ae237adaef1226,Cora,MEGU,42,,GCN,gt_full,gt_full.yaml,82741ce023ece70893d0f739fb2c7a06e8e81ec4afcb015b97fbd5b504a41dc7,sel_6131e07a_031bcfdd,pred_a6e3ecfb_a0d44b18,90.22140221402213,90.22140221402213,0.0,-0.18450184501844769,6.273062730627306,90.03690036900369,pred_97312ba9_e28ce3b6
b63511d9ce584e1a9870,Cora,MEGU,42,,SGC,r_point,./selectors/r_point_sgc.yaml,82741ce023ece70893d0f739fb2c7a06e8e81ec4afcb015b97fbd5b504a41dc7,sel_863e24ef_1b42fdb8,pred_c6da134f_e5695307,90.7749077490775,90.22140221402213,-0.5535055350553542,-2.7675276752767597,6.088560885608856,88.00738007380073,pred_b1ac10ef_71b11afa
9afef97829f8c7f882c7,Cora,MEGU,42,,SGC,gt_full,./selectors/gt_full_sgc.yaml,82741ce023ece70893d0f739fb2c7a06e8e81ec4afcb015b97fbd5b504a41dc7,sel_300e729d_dfd2f5a2,pred_5ed17913_c01a5433,90.22140221402213,90.22140221402213,0.0,-0.36900369003689537,4.428044280442804,89.85239852398524,pred_698ecfb9_2f228180
5282e048213bb68efca7,Cora,MEGU,42,,GAT,r_point,./selectors/r_point_gat.yaml,82741ce023ece70893d0f739fb2c7a06e8e81ec4afcb015b97fbd5b504a41dc7,sel_bdb77e40_10c8472c,pred_390962da_cd20d505,89.85239852398524,90.22140221402213,0.36900369003689537,-2.2140221402214055,6.088560885608856,87.63837638376384,pred_e66d73a2_5d884d44
b4d981b3be89aa6c4fa1,Cora,MEGU,42,,GAT,gt_full,./selectors/gt_full_gat.yaml,82741ce023ece70893d0f739fb2c7a06e8e81ec4afcb015b97fbd5b504a41dc7,sel_19781896_b41653f3,pred_80e73265_6c9c17c6,90.40590405904058,90.22140221402213,-0.18450184501844769,-0.7380073800738018,5.166051660516605,89.66789667896678,pred_d821ee1c_2c1267d4
94400b9ccd68ec950c8e,Cora,MEGU,42,,GIN,r_point,./selectors/r_point_gin.yaml,82741ce023ece70893d0f739fb2c7a06e8e81ec4afcb015b97fbd5b504a41dc7,sel_1058609e_8fcc5e37,pred_92b69f80_797c8013,90.03690036900369,90.22140221402213,0.18450184501844769,-0.7380073800738018,5.350553505535055,89.2988929889299,pred_baa394a0_2e355d5c
b751fc53113bb8601447,Cora,MEGU,42,,GIN,gt_full,./selectors/gt_full_gin.yaml,82741ce023ece70893d0f739fb2c7a06e8e81ec4afcb015b97fbd5b504a41dc7,sel_4c1d37c6_3b7ff40c,pred_d169db7c_0680cb66,89.85239852398524,90.22140221402213,0.36900369003689537,-0.3690036900369065,4.797047970479705,89.48339483394834,pred_14031634_2da39dbf
b4ca47ec5b7eec7b3557,Cora,MEGU,42,,baseline,degree,degree.yaml,82741ce023ece70893d0f739fb2c7a06e8e81ec4afcb015b97fbd5b504a41dc7,sel_ff46e44a_c86d7141,pred_a4d4d85a_1d37a0c3,90.03690036900369,90.22140221402213,0.18450184501844769,0.0,5.350553505535055,90.03690036900369,pred_2bd7be24_a1465fea
4d123854c96e3dbce3e5,Cora,GraphEraser,42,,GCN,r_point,r_point.yaml,82741ce023ece70893d0f739fb2c7a06e8e81ec4afcb015b97fbd5b504a41dc7,sel_eec26e28_e33f74ac,pred_08713a71_7ab2f041,85.60885608856088,86.71586715867159,1.1070110701107083,2.7675276752767597,10.885608856088561,88.37638376383764,pred_5b523831_f7959bae
77a214a56202a790452f,Cora,GraphEraser,42,,GCN,gt_full,gt_full.yaml,82741ce023ece70893d0f739fb2c7a06e8e81ec4afcb015b97fbd5b504a41dc7,sel_6131e07a_031bcfdd,pred_6637d6a9_22724065,85.97785977859779,86.71586715867159,0.7380073800738018,4.059040590405905,12.915129151291513,90.03690036900369,pred_97312ba9_e28ce3b6
c2b14391531e30622736,Cora,GraphEraser,42,,SGC,r_point,./selectors/r_point_sgc.yaml,82741ce023ece70893d0f739fb2c7a06e8e81ec4afcb015b97fbd5b504a41dc7,sel_863e24ef_1b42fdb8,pred_378d56fa_bc083ab2,84.31734317343174,86.71586715867159,2.398523985239853,3.690036900368998,15.867158671586715,88.00738007380073,pred_b1ac10ef_71b11afa
8d44a232103b136e97d5,Cora,GraphEraser,42,,SGC,gt_full,./selectors/gt_full_sgc.yaml,82741ce023ece70893d0f739fb2c7a06e8e81ec4afcb015b97fbd5b504a41dc7,sel_300e729d_dfd2f5a2,pred_76c05181_a11d85d0,83.39483394833948,86.71586715867159,3.3210332103321027,6.457564575645758,15.313653136531366,89.85239852398524,pred_698ecfb9_2f228180
d2d40c615cbc42d78ed3,Cora,GraphEraser,42,,GAT,r_point,./selectors/r_point_gat.yaml,82741ce023ece70893d0f739fb2c7a06e8e81ec4afcb015b97fbd5b504a41dc7,sel_bdb77e40_10c8472c,pred_10b605e8_95bfef0e,85.60885608856088,86.71586715867159,1.1070110701107083,2.029520295202958,13.468634686346864,87.63837638376384,pred_e66d73a2_5d884d44
939cb37bcfede2594833,Cora,GraphEraser,42,,GAT,gt_full,./selectors/gt_full_gat.yaml,82741ce023ece70893d0f739fb2c7a06e8e81ec4afcb015b97fbd5b504a41dc7,sel_19781896_b41653f3,pred_3d621236_378490f5,85.79335793357934,86.71586715867159,0.9225092250922495,3.874538745387446,13.284132841328415,89.66789667896678,pred_d821ee1c_2c1267d4
86bbf78eef5a9c751887,Cora,GraphEraser,42,,GIN,r_point,./selectors/r_point_gin.yaml,82741ce023ece70893d0f739fb2c7a06e8e81ec4afcb015b97fbd5b504a41dc7,sel_1058609e_8fcc5e37,pred_faaa2e75_81724f6c,84.87084870848709,86.71586715867159,1.845018450184499,4.4280442804427995,14.206642066420663,89.2988929889299,pred_baa394a0_2e355d5c
444f4c2c784fd749e177,Cora,GraphEraser,42,,GIN,gt_full,./selectors/gt_full_gin.yaml,82741ce023ece70893d0f739fb2c7a06e8e81ec4afcb015b97fbd5b504a41dc7,sel_4c1d37c6_3b7ff40c,pred_601a4f9f_f7091190,85.79335793357934,86.71586715867159,0.9225092250922495,3.690036900368998,12.730627306273062,89.48339483394834,pred_14031634_2da39dbf
8df9a13a6f2ad489832b,Cora,GraphEraser,42,,baseline,degree,degree.yaml,82741ce023ece70893d0f739fb2c7a06e8e81ec4afcb015b97fbd5b504a41dc7,sel_ff46e44a_c86d7141,pred_ceb941d9_3e645c8c,85.42435424354244,86.71586715867159,1.291512915129156,4.612546125461259,12.361623616236162,90.03690036900369,pred_2bd7be24_a1465fea
7fd3e9c8481df82550af,Cora,GraphRevoker,42,,GCN,r_point,r_point.yaml,82741ce023ece70893d0f739fb2c7a06e8e81ec4afcb015b97fbd5b504a41dc7,sel_eec26e28_e33f74ac,pred_5a01d02f_f3b2071a,71.77121771217713,75.46125461254613,3.690036900368998,16.605166051660515,26.383763837638373,88.37638376383764,pred_5b523831_f7959bae
f265f3a55b8dd5ba7560,Cora,GraphRevoker,42,,GCN,gt_full,gt_full.yaml,82741ce023ece70893d0f739fb2c7a06e8e81ec4afcb015b97fbd5b504a41dc7,sel_6131e07a_031bcfdd,pred_8bb5535b_8c1afe88,73.61623616236163,75.46125461254613,1.845018450184499,16.420664206642066,24.538745387453876,90.03690036900369,pred_97312ba9_e28ce3b6
63cd668ee5a49abcb5e5,Cora,GraphRevoker,42,,SGC,r_point,./selectors/r_point_sgc.yaml,82741ce023ece70893d0f739fb2c7a06e8e81ec4afcb015b97fbd5b504a41dc7,sel_863e24ef_1b42fdb8,pred_8c8fab24_acdbd140,75.64575645756457,75.46125461254613,-0.18450184501844769,12.361623616236162,23.800738007380073,88.00738007380073,pred_b1ac10ef_71b11afa
f3502ae5781111137f38,Cora,GraphRevoker,42,,SGC,gt_full,./selectors/gt_full_sgc.yaml,82741ce023ece70893d0f739fb2c7a06e8e81ec4afcb015b97fbd5b504a41dc7,sel_300e729d_dfd2f5a2,pred_0fc71c64_9cd4dfe2,75.09225092250922,75.46125461254613,0.36900369003689537,14.760147601476014,22.509225092250922,89.85239852398524,pred_698ecfb9_2f228180
32155fab4d4ad77726ab,Cora,GraphRevoker,42,,GAT,r_point,./selectors/r_point_gat.yaml,82741ce023ece70893d0f739fb2c7a06e8e81ec4afcb015b97fbd5b504a41dc7,sel_bdb77e40_10c8472c,pred_8395fed6_8323ecf0,75.64575645756457,75.46125461254613,-0.18450184501844769,11.992619926199266,23.247232472324722,87.63837638376384,pred_e66d73a2_5d884d44
6c779a367a0416f5f13a,Cora,GraphRevoker,42,,GAT,gt_full,./selectors/gt_full_gat.yaml,82741ce023ece70893d0f739fb2c7a06e8e81ec4afcb015b97fbd5b504a41dc7,sel_19781896_b41653f3,pred_f6455560_2a671286,76.93726937269373,75.46125461254613,-1.4760147601476037,12.730627306273057,21.40221402214022,89.66789667896678,pred_d821ee1c_2c1267d4
b98ca3e4f8fd82d3afd0,Cora,GraphRevoker,42,,GIN,r_point,./selectors/r_point_gin.yaml,82741ce023ece70893d0f739fb2c7a06e8e81ec4afcb015b97fbd5b504a41dc7,sel_1058609e_8fcc5e37,pred_655d7d65_5fa37f16,76.38376383763837,75.46125461254613,-0.9225092250922495,12.915129151291517,23.062730627306273,89.2988929889299,pred_baa394a0_2e355d5c
cb36ac5fbd2e2e4a2906,Cora,GraphRevoker,42,,GIN,gt_full,./selectors/gt_full_gin.yaml,82741ce023ece70893d0f739fb2c7a06e8e81ec4afcb015b97fbd5b504a41dc7,sel_4c1d37c6_3b7ff40c,pred_3af06762_1a128352,75.46125461254613,75.46125461254613,0.0,14.022140221402212,22.14022140221402,89.48339483394834,pred_14031634_2da39dbf
44d9a39a8adbbf14b141,Cora,GraphRevoker,42,,baseline,degree,degree.yaml,82741ce023ece70893d0f739fb2c7a06e8e81ec4afcb015b97fbd5b504a41dc7,sel_ff46e44a_c86d7141,pred_712a3f28_2ef990c1,75.83025830258303,75.46125461254613,-0.3690036900369065,14.20664206642066,22.14022140221402,90.03690036900369,pred_2bd7be24_a1465fea
d550f6b616f1cd73b79c,Cora,Retrain,42,,GCN,r_point,r_point.yaml,82741ce023ece70893d0f739fb2c7a06e8e81ec4afcb015b97fbd5b504a41dc7,sel_eec26e28_e33f74ac,pred_5b523831_f7959bae,88.37638376383764,,,,,,
1b3c9306b7bdfde8c217,Cora,Retrain,42,,GCN,gt_full,gt_full.yaml,82741ce023ece70893d0f739fb2c7a06e8e81ec4afcb015b97fbd5b504a41dc7,sel_6131e07a_031bcfdd,pred_97312ba9_e28ce3b6,90.03690036900369,,,,,,
b05d7b7fcb27f724dcd6,Cora,Retrain,42,,SGC,r_point,./selectors/r_point_sgc.yaml,82741ce023ece70893d0f739fb2c7a06e8e81ec4afcb015b97fbd5b504a41dc7,sel_863e24ef_1b42fdb8,pred_b1ac10ef_71b11afa,88.00738007380073,,,,,,
bfb66d9ef149bda3b6dd,Cora,Retrain,42,,SGC,gt_full,./selectors/gt_full_sgc.yaml,82741ce023ece70893d0f739fb2c7a06e8e81ec4afcb015b97fbd5b504a41dc7,sel_300e729d_dfd2f5a2,pred_698ecfb9_2f228180,89.85239852398524,,,,,,
3426c145f81d8ea7b9e6,Cora,Retrain,42,,GAT,r_point,./selectors/r_point_gat.yaml,82741ce023ece70893d0f739fb2c7a06e8e81ec4afcb015b97fbd5b504a41dc7,sel_bdb77e40_10c8472c,pred_e66d73a2_5d884d44,87.63837638376384,,,,,,
2505be639573c4fa28f5,Cora,Retrain,42,,GAT,gt_full,./selectors/gt_full_gat.yaml,82741ce023ece70893d0f739fb2c7a06e8e81ec4afcb015b97fbd5b504a41dc7,sel_19781896_b41653f3,pred_d821ee1c_2c1267d4,89.66789667896678,,,,,,
be6d104e5dce9e616b8d,Cora,Retrain,42,,GIN,r_point,./selectors/r_point_gin.yaml,82741ce023ece70893d0f739fb2c7a06e8e81ec4afcb015b97fbd5b504a41dc7,sel_1058609e_8fcc5e37,pred_baa394a0_2e355d5c,89.2988929889299,,,,,,
32aca9af36bef6c04d01,Cora,Retrain,42,,GIN,gt_full,./selectors/gt_full_gin.yaml,82741ce023ece70893d0f739fb2c7a06e8e81ec4afcb015b97fbd5b504a41dc7,sel_4c1d37c6_3b7ff40c,pred_14031634_2da39dbf,89.48339483394834,,,,,,
5eae7d663abcbb813e8a,Cora,Retrain,42,,baseline,degree,degree.yaml,82741ce023ece70893d0f739fb2c7a06e8e81ec4afcb015b97fbd5b504a41dc7,sel_ff46e44a_c86d7141,pred_2bd7be24_a1465fea,90.03690036900369,,,,,,
1438a3d71ddbfd1e38a7,Cora,GNNDelete,42,11.0,baseline,random,random.yaml,82741ce023ece70893d0f739fb2c7a06e8e81ec4afcb015b97fbd5b504a41dc7,sel_339a15c9_cc22381e,pred_3366a8a7_32a90bf0,74.72324723247232,90.22140221402213,15.498154981549817,15.682656826568264,19.37269372693727,90.40590405904058,pred_30329210_01fb517d
a533c048ff951b634e36,Cora,GIF,42,11.0,baseline,random,random.yaml,82741ce023ece70893d0f739fb2c7a06e8e81ec4afcb015b97fbd5b504a41dc7,sel_339a15c9_cc22381e,pred_af0cf34f_333f22bd,90.22140221402213,90.22140221402213,0.0,0.18450184501844769,1.4760147601476015,90.40590405904058,pred_30329210_01fb517d
d286d279c0094a83f249,Cora,IDEA,42,11.0,baseline,random,random.yaml,82741ce023ece70893d0f739fb2c7a06e8e81ec4afcb015b97fbd5b504a41dc7,sel_339a15c9_cc22381e,pred_35153919_33d7eb3b,90.22140221402213,90.22140221402213,0.0,0.18450184501844769,1.4760147601476015,90.40590405904058,pred_30329210_01fb517d
59d2e53ac8e16d7dcea3,Cora,MEGU,42,11.0,baseline,random,random.yaml,82741ce023ece70893d0f739fb2c7a06e8e81ec4afcb015b97fbd5b504a41dc7,sel_339a15c9_cc22381e,pred_206d6f70_37a99609,90.22140221402213,90.22140221402213,0.0,0.18450184501844769,2.7675276752767526,90.40590405904058,pred_30329210_01fb517d
482b091b487d3fb2b190,Cora,GraphEraser,42,11.0,baseline,random,random.yaml,82741ce023ece70893d0f739fb2c7a06e8e81ec4afcb015b97fbd5b504a41dc7,sel_339a15c9_cc22381e,pred_1f79f473_5cc3bf07,85.05535055350553,86.71586715867159,1.6605166051660514,5.35055350553505,13.099630996309964,90.40590405904058,pred_30329210_01fb517d
5ba9b8782906aeec334a,Cora,GraphRevoker,42,11.0,baseline,random,random.yaml,82741ce023ece70893d0f739fb2c7a06e8e81ec4afcb015b97fbd5b504a41dc7,sel_339a15c9_cc22381e,pred_6dc9c1df_71baf7aa,75.27675276752768,75.46125461254613,0.18450184501844769,15.12915129151291,23.062730627306273,90.40590405904058,pred_30329210_01fb517d
70460bbc3309c47f1081,Cora,Retrain,42,11.0,baseline,random,random.yaml,82741ce023ece70893d0f739fb2c7a06e8e81ec4afcb015b97fbd5b504a41dc7,sel_339a15c9_cc22381e,pred_30329210_01fb517d,90.40590405904058,,,,,,
2f996511c07b8adecf63,Cora,GNNDelete,42,22.0,baseline,random,random.yaml,82741ce023ece70893d0f739fb2c7a06e8e81ec4afcb015b97fbd5b504a41dc7,sel_07b2c816_9229c586,pred_2ca9abf3_5233af38,78.04428044280442,90.22140221402213,12.177121771217713,12.361623616236162,17.52767527675277,90.40590405904058,pred_b3d9804d_0be5eaca
e5d7a91614477cfabfb1,Cora,GIF,42,22.0,baseline,random,random.yaml,82741ce023ece70893d0f739fb2c7a06e8e81ec4afcb015b97fbd5b504a41dc7,sel_07b2c816_9229c586,pred_c005c73d_7944253e,90.22140221402213,90.22140221402213,0.0,0.18450184501844769,2.952029520295203,90.40590405904058,pred_b3d9804d_0be5eaca
5bbd49a1a3551f0fe034,Cora,IDEA,42,22.0,baseline,random,random.yaml,82741ce023ece70893d0f739fb2c7a06e8e81ec4afcb015b97fbd5b504a41dc7,sel_07b2c816_9229c586,pred_c846b3be_202bd410,90.22140221402213,90.22140221402213,0.0,0.18450184501844769,2.952029520295203,90.40590405904058,pred_b3d9804d_0be5eaca
82b12d9ce921e2d4d726,Cora,MEGU,42,22.0,baseline,random,random.yaml,82741ce023ece70893d0f739fb2c7a06e8e81ec4afcb015b97fbd5b504a41dc7,sel_07b2c816_9229c586,pred_61bdeb12_2908f47e,90.22140221402213,90.22140221402213,0.0,0.18450184501844769,4.243542435424354,90.40590405904058,pred_b3d9804d_0be5eaca
c7db497aa9ca27239c10,Cora,GraphEraser,42,22.0,baseline,random,random.yaml,82741ce023ece70893d0f739fb2c7a06e8e81ec4afcb015b97fbd5b504a41dc7,sel_07b2c816_9229c586,pred_1addac81_f5e38d6d,85.79335793357934,86.71586715867159,0.9225092250922495,4.612546125461248,12.361623616236162,90.40590405904058,pred_b3d9804d_0be5eaca
bc859b919067aec81bc7,Cora,GraphRevoker,42,22.0,baseline,random,random.yaml,82741ce023ece70893d0f739fb2c7a06e8e81ec4afcb015b97fbd5b504a41dc7,sel_07b2c816_9229c586,pred_e5f41776_0ff82eed,73.61623616236163,75.46125461254613,1.845018450184499,16.78966789667896,24.354243542435423,90.40590405904058,pred_b3d9804d_0be5eaca
6794c3687069c2f05647,Cora,Retrain,42,22.0,baseline,random,random.yaml,82741ce023ece70893d0f739fb2c7a06e8e81ec4afcb015b97fbd5b504a41dc7,sel_07b2c816_9229c586,pred_b3d9804d_0be5eaca,90.40590405904058,,,,,,
08e6c9462632c430b0a0,Cora,GNNDelete,42,33.0,baseline,random,random.yaml,82741ce023ece70893d0f739fb2c7a06e8e81ec4afcb015b97fbd5b504a41dc7,sel_7b731f86_1d8bd0b6,pred_61307990_952ba44e,79.33579335793358,90.22140221402213,10.885608856088558,10.147601476014756,14.944649446494465,89.48339483394834,pred_a1c911fb_035bbb46
89b7cf596c6e6d87d8df,Cora,GIF,42,33.0,baseline,random,random.yaml,82741ce023ece70893d0f739fb2c7a06e8e81ec4afcb015b97fbd5b504a41dc7,sel_7b731f86_1d8bd0b6,pred_c9529c63_b04d094c,90.22140221402213,90.22140221402213,0.0,-0.7380073800738018,2.029520295202952,89.48339483394834,pred_a1c911fb_035bbb46
6cae0cf20cdb88d3684b,Cora,IDEA,42,33.0,baseline,random,random.yaml,82741ce023ece70893d0f739fb2c7a06e8e81ec4afcb015b97fbd5b504a41dc7,sel_7b731f86_1d8bd0b6,pred_4555cd51_5ac538b4,90.22140221402213,90.22140221402213,0.0,-0.7380073800738018,2.029520295202952,89.48339483394834,pred_a1c911fb_035bbb46
be7c7c27eea778eaf428,Cora,MEGU,42,33.0,baseline,random,random.yaml,82741ce023ece70893d0f739fb2c7a06e8e81ec4afcb015b97fbd5b504a41dc7,sel_7b731f86_1d8bd0b6,pred_a7f84677_7b5445ec,89.85239852398524,90.22140221402213,0.36900369003689537,-0.3690036900369065,3.505535055350553,89.48339483394834,pred_a1c911fb_035bbb46
2ed1b2d8957c8bd94869,Cora,GraphEraser,42,33.0,baseline,random,random.yaml,82741ce023ece70893d0f739fb2c7a06e8e81ec4afcb015b97fbd5b504a41dc7,sel_7b731f86_1d8bd0b6,pred_973e7f61_4b632a08,86.34686346863468,86.71586715867159,0.3690036900369065,3.136531365313655,12.546125461254611,89.48339483394834,pred_a1c911fb_035bbb46
80d41060e4fc2d1c0ba2,Cora,GraphRevoker,42,33.0,baseline,random,random.yaml,82741ce023ece70893d0f739fb2c7a06e8e81ec4afcb015b97fbd5b504a41dc7,sel_7b731f86_1d8bd0b6,pred_b01fec5c_7ffb4306,75.46125461254613,75.46125461254613,0.0,14.022140221402212,23.247232472324722,89.48339483394834,pred_a1c911fb_035bbb46
830cf8f8aa9425c0689d,Cora,Retrain,42,33.0,baseline,random,random.yaml,82741ce023ece70893d0f739fb2c7a06e8e81ec4afcb015b97fbd5b504a41dc7,sel_7b731f86_1d8bd0b6,pred_a1c911fb_035bbb46,89.48339483394834,,,,,,
8b6d5105ffd5c7e4f9c1,Cora,GNNDelete,212,,GCN,r_point,r_point.yaml,82741ce023ece70893d0f739fb2c7a06e8e81ec4afcb015b97fbd5b504a41dc7,sel_037e9e97_e68531f8,pred_cefc106b_b294e17f,76.19926199261992,90.22140221402213,14.022140221402212,12.730627306273057,22.14022140221402,88.92988929889299,pred_9fe13af4_0ddc529c
33395db4ad53979184d7,Cora,GNNDelete,212,,GCN,gt_full,gt_full.yaml,82741ce023ece70893d0f739fb2c7a06e8e81ec4afcb015b97fbd5b504a41dc7,sel_6a3357b1_120c67a2,pred_5ee3054c_99ec368f,70.47970479704797,90.22140221402213,19.74169741697417,19.372693726937275,27.85977859778598,89.85239852398524,pred_61f7e166_6d9769ea
31387d9c29b53dedf842,Cora,GNNDelete,212,,SGC,r_point,./selectors/r_point_sgc.yaml,82741ce023ece70893d0f739fb2c7a06e8e81ec4afcb015b97fbd5b504a41dc7,sel_2160304d_038bf57f,pred_820b7773_0c246d20,79.70479704797047,90.22140221402213,10.516605166051662,9.040590405904059,17.712177121771216,88.74538745387454,pred_3fdce88d_e810f8d6
05fffce1b81fc05810d8,Cora,GNNDelete,212,,SGC,gt_full,./selectors/gt_full_sgc.yaml,82741ce023ece70893d0f739fb2c7a06e8e81ec4afcb015b97fbd5b504a41dc7,sel_67d7b6f6_92751299,pred_86613601_39072011,74.53874538745387,90.22140221402213,15.682656826568264,14.575645756457567,23.43173431734317,89.11439114391145,pred_cb2beced_d6037d2a
084a0c0f2a231a9e9516,Cora,GNNDelete,212,,GAT,r_point,./selectors/r_point_gat.yaml,82741ce023ece70893d0f739fb2c7a06e8e81ec4afcb015b97fbd5b504a41dc7,sel_6ad9f316_32eee98a,pred_95c98b08_74b18780,80.99630996309963,90.22140221402213,9.225092250922506,8.671586715867152,18.081180811808117,89.66789667896678,pred_d1e767c5_4d2f6376
adb446dc5b7a1ccebf14,Cora,GNNDelete,212,,GAT,gt_full,./selectors/gt_full_gat.yaml,82741ce023ece70893d0f739fb2c7a06e8e81ec4afcb015b97fbd5b504a41dc7,sel_aa28e591_d8316575,pred_363ba038_e1f3b7b8,75.27675276752768,90.22140221402213,14.944649446494463,14.760147601476014,24.169741697416974,90.03690036900369,pred_9c7b2f7f_d9b07009
f2d59953b9e6ea69c400,Cora,GNNDelete,212,,GIN,r_point,./selectors/r_point_gin.yaml,82741ce023ece70893d0f739fb2c7a06e8e81ec4afcb015b97fbd5b504a41dc7,sel_edddc9d5_b0591f9a,pred_8ba1e233_f8c1a236,81.36531365313652,90.22140221402213,8.856088560885611,8.302583025830257,18.45018450184502,89.66789667896678,pred_e27ea745_ac1e08a2
b0dc318321d7a0409402,Cora,GNNDelete,212,,GIN,gt_full,./selectors/gt_full_gin.yaml,82741ce023ece70893d0f739fb2c7a06e8e81ec4afcb015b97fbd5b504a41dc7,sel_b9fd49c0_2ebf2def,pred_3861ffe2_de2fc908,71.21771217712177,90.22140221402213,19.003690036900366,18.081180811808117,25.276752767527675,89.2988929889299,pred_cee0b125_0eb2c7e1
30423dbe210386f153c7,Cora,GNNDelete,212,,baseline,degree,degree.yaml,82741ce023ece70893d0f739fb2c7a06e8e81ec4afcb015b97fbd5b504a41dc7,sel_ff46e44a_c86d7141,pred_74070c7a_9ac09aef,72.32472324723247,90.22140221402213,17.89667896678967,17.712177121771223,23.43173431734317,90.03690036900369,pred_82f95456_386e0668
9d0aa1ed51232af4c080,Cora,GIF,212,,GCN,r_point,r_point.yaml,82741ce023ece70893d0f739fb2c7a06e8e81ec4afcb015b97fbd5b504a41dc7,sel_037e9e97_e68531f8,pred_bc12db02_25ad48ca,89.66789667896678,90.22140221402213,0.5535055350553542,-0.7380073800738018,5.904059040590406,88.92988929889299,pred_9fe13af4_0ddc529c
7ea8bd2fc2ba92b11900,Cora,GIF,212,,GCN,gt_full,gt_full.yaml,82741ce023ece70893d0f739fb2c7a06e8e81ec4afcb015b97fbd5b504a41dc7,sel_6a3357b1_120c67a2,pred_9c2b284d_cd3e1f98,89.85239852398524,90.22140221402213,0.36900369003689537,0.0,4.981549815498155,89.85239852398524,pred_61f7e166_6d9769ea
567cbc562e04d9e02f53,Cora,GIF,212,,SGC,r_point,./selectors/r_point_sgc.yaml,82741ce023ece70893d0f739fb2c7a06e8e81ec4afcb015b97fbd5b504a41dc7,sel_2160304d_038bf57f,pred_657ccad3_e46c332a,90.40590405904058,90.22140221402213,-0.18450184501844769,-1.6605166051660514,5.166051660516605,88.74538745387454,pred_3fdce88d_e810f8d6
bcec831bbb404999b324,Cora,GIF,212,,SGC,gt_full,./selectors/gt_full_sgc.yaml,82741ce023ece70893d0f739fb2c7a06e8e81ec4afcb015b97fbd5b504a41dc7,sel_67d7b6f6_92751299,pred_db4f00a7_1cadb10f,90.59040590405904,90.22140221402213,-0.3690036900369065,-1.4760147601476037,4.059040590405904,89.11439114391145,pred_cb2beced_d6037d2a
3c481c265a9b35324978,Cora,GIF,212,,GAT,r_point,./selectors/r_point_gat.yaml,82741ce023ece70893d0f739fb2c7a06e8e81ec4afcb015b97fbd5b504a41dc7,sel_6ad9f316_32eee98a,pred_4ad76c61_aff375e7,90.22140221402213,90.22140221402213,0.0,-0.5535055350553542,6.088560885608856,89.66789667896678,pred_d1e767c5_4d2f6376
97d13031789fb46b5d78,Cora,GIF,212,,GAT,gt_full,./selectors/gt_full_gat.yaml,82741ce023ece70893d0f739fb2c7a06e8e81ec4afcb015b97fbd5b504a41dc7,sel_aa28e591_d8316575,pred_aef70722_e3f67bab,90.03690036900369,90.22140221402213,0.18450184501844769,0.0,4.797047970479705,90.03690036900369,pred_9c7b2f7f_d9b07009
ac221f8e0690b62301fd,Cora,GIF,212,,GIN,r_point,./selectors/r_point_gin.yaml,82741ce023ece70893d0f739fb2c7a06e8e81ec4afcb015b97fbd5b504a41dc7,sel_edddc9d5_b0591f9a,pred_46fac1b2_89a391d7,90.22140221402213,90.22140221402213,0.0,-0.5535055350553542,6.088560885608856,89.66789667896678,pred_e27ea745_ac1e08a2
5637345c4ea4464f08bf,Cora,GIF,212,,GIN,gt_full,./selectors/gt_full_gin.yaml,82741ce023ece70893d0f739fb2c7a06e8e81ec4afcb015b97fbd5b504a41dc7,sel_b9fd49c0_2ebf2def,pred_e331d2ce_48d5856a,90.22140221402213,90.22140221402213,0.0,-0.9225092250922495,5.535055350553505,89.2988929889299,pred_cee0b125_0eb2c7e1
e74de1bb8e52bfd175b7,Cora,GIF,212,,baseline,degree,degree.yaml,82741ce023ece70893d0f739fb2c7a06e8e81ec4afcb015b97fbd5b504a41dc7,sel_ff46e44a_c86d7141,pred_dbfd6556_40bac4af,90.40590405904058,90.22140221402213,-0.18450184501844769,-0.36900369003689537,4.243542435424354,90.03690036900369,pred_82f95456_386e0668
930ef975eaff9b4dfdac,Cora,IDEA,212,,GCN,r_point,r_point.yaml,82741ce023ece70893d0f739fb2c7a06e8e81ec4afcb015b97fbd5b504a41dc7,sel_037e9e97_e68531f8,pred_afcc3d90_7055f913,89.66789667896678,90.22140221402213,0.5535055350553542,-0.7380073800738018,5.904059040590406,88.92988929889299,pred_9fe13af4_0ddc529c
f0ad5a885cedfdcbb1c5,Cora,IDEA,212,,GCN,gt_full,gt_full.yaml,82741ce023ece70893d0f739fb2c7a06e8e81ec4afcb015b97fbd5b504a41dc7,sel_6a3357b1_120c67a2,pred_abd4698a_69c97474,89.85239852398524,90.22140221402213,0.36900369003689537,0.0,4.981549815498155,89.85239852398524,pred_61f7e166_6d9769ea
270b3ff4803f1035d71a,Cora,IDEA,212,,SGC,r_point,./selectors/r_point_sgc.yaml,82741ce023ece70893d0f739fb2c7a06e8e81ec4afcb015b97fbd5b504a41dc7,sel_2160304d_038bf57f,pred_a04dfc13_1aef8c83,90.40590405904058,90.22140221402213,-0.18450184501844769,-1.6605166051660514,5.166051660516605,88.74538745387454,pred_3fdce88d_e810f8d6
770f5b132ecdf8979b5c,Cora,IDEA,212,,SGC,gt_full,./selectors/gt_full_sgc.yaml,82741ce023ece70893d0f739fb2c7a06e8e81ec4afcb015b97fbd5b504a41dc7,sel_67d7b6f6_92751299,pred_8adda3a9_e9e6ad1b,90.59040590405904,90.22140221402213,-0.3690036900369065,-1.4760147601476037,4.059040590405904,89.11439114391145,pred_cb2beced_d6037d2a
08d1f011ffaa88e84b89,Cora,IDEA,212,,GAT,r_point,./selectors/r_point_gat.yaml,82741ce023ece70893d0f739fb2c7a06e8e81ec4afcb015b97fbd5b504a41dc7,sel_6ad9f316_32eee98a,pred_be9c1414_eeef90e4,90.22140221402213,90.22140221402213,0.0,-0.5535055350553542,6.088560885608856,89.66789667896678,pred_d1e767c5_4d2f6376
872488b1dc735fa59497,Cora,IDEA,212,,GAT,gt_full,./selectors/gt_full_gat.yaml,82741ce023ece70893d0f739fb2c7a06e8e81ec4afcb015b97fbd5b504a41dc7,sel_aa28e591_d8316575,pred_15ce9901_7932cfa1,90.03690036900369,90.22140221402213,0.18450184501844769,0.0,4.797047970479705,90.03690036900369,pred_9c7b2f7f_d9b07009
edeab084b1323224c63c,Cora,IDEA,212,,GIN,r_point,./selectors/r_point_gin.yaml,82741ce023ece70893d0f739fb2c7a06e8e81ec4afcb015b97fbd5b504a41dc7,sel_edddc9d5_b0591f9a,pred_90d5e56c_f6884743,90.22140221402213,90.22140221402213,0.0,-0.5535055350553542,6.088560885608856,89.66789667896678,pred_e27ea745_ac1e08a2
2c9e920b4d43d744aaff,Cora,IDEA,212,,GIN,gt_full,./selectors/gt_full_gin.yaml,82741ce023ece70893d0f739fb2c7a06e8e81ec4afcb015b97fbd5b504a41dc7,sel_b9fd49c0_2ebf2def,pred_c04fb83c_50e80ca3,90.22140221402213,90.22140221402213,0.0,-0.9225092250922495,5.535055350553505,89.2988929889299,pred_cee0b125_0eb2c7e1
5beb8603e970ac87b1ea,Cora,IDEA,212,,baseline,degree,degree.yaml,82741ce023ece70893d0f739fb2c7a06e8e81ec4afcb015b97fbd5b504a41dc7,sel_ff46e44a_c86d7141,pred_a44f4fdf_88ae4b9e,90.40590405904058,90.22140221402213,-0.18450184501844769,-0.36900369003689537,4.243542435424354,90.03690036900369,pred_82f95456_386e0668
2330f5bbc33ea03df5d5,Cora,MEGU,212,,GCN,r_point,r_point.yaml,82741ce023ece70893d0f739fb2c7a06e8e81ec4afcb015b97fbd5b504a41dc7,sel_037e9e97_e68531f8,pred_4a635bf2_00a8193e,89.48339483394834,90.22140221402213,0.7380073800738018,-0.5535055350553542,4.981549815498155,88.92988929889299,pred_9fe13af4_0ddc529c
24bdcb6e3a7ab2938dea,Cora,MEGU,212,,GCN,gt_full,gt_full.yaml,82741ce023ece70893d0f739fb2c7a06e8e81ec4afcb015b97fbd5b504a41dc7,sel_6a3357b1_120c67a2,pred_0df02abb_24216d9f,89.2988929889299,90.22140221402213,0.9225092250922495,0.5535055350553542,4.981549815498155,89.85239852398524,pred_61f7e166_6d9769ea
875ccd58e25b7718b9ca,Cora,MEGU,212,,SGC,r_point,./selectors/r_point_sgc.yaml,82741ce023ece70893d0f739fb2c7a06e8e81ec4afcb015b97fbd5b504a41dc7,sel_2160304d_038bf57f,pred_93e30824_6eab908c,89.11439114391145,90.22140221402213,1.1070110701106972,-0.3690036900369065,6.642066420664207,88.74538745387454,pred_3fdce88d_e810f8d6
861318afeeabec9209b7,Cora,MEGU,212,,SGC,gt_full,./selectors/gt_full_sgc.yaml,82741ce023ece70893d0f739fb2c7a06e8e81ec4afcb015b97fbd5b504a41dc7,sel_67d7b6f6_92751299,pred_d355ab86_b5c680ae,89.48339483394834,90.22140221402213,0.7380073800738018,-0.36900369003689537,6.088560885608856,89.11439114391145,pred_cb2beced_d6037d2a
27223feb85fbac26c398,Cora,MEGU,212,,GAT,r_point,./selectors/r_point_gat.yaml,82741ce023ece70893d0f739fb2c7a06e8e81ec4afcb015b97fbd5b504a41dc7,sel_6ad9f316_32eee98a,pred_c0698a78_4b9d0c19,89.66789667896678,90.22140221402213,0.5535055350553542,0.0,6.642066420664207,89.66789667896678,pred_d1e767c5_4d2f6376
567f11a0b0ba868a7778,Cora,MEGU,212,,GAT,gt_full,./selectors/gt_full_gat.yaml,82741ce023ece70893d0f739fb2c7a06e8e81ec4afcb015b97fbd5b504a41dc7,sel_aa28e591_d8316575,pred_968a99e8_fe47238c,89.2988929889299,90.22140221402213,0.9225092250922495,0.7380073800738018,5.535055350553505,90.03690036900369,pred_9c7b2f7f_d9b07009
498c3351e863bd7a6206,Cora,MEGU,212,,GIN,r_point,./selectors/r_point_gin.yaml,82741ce023ece70893d0f739fb2c7a06e8e81ec4afcb015b97fbd5b504a41dc7,sel_edddc9d5_b0591f9a,pred_fb942706_f3bd4634,89.66789667896678,90.22140221402213,0.5535055350553542,0.0,6.273062730627306,89.66789667896678,pred_e27ea745_ac1e08a2
b7b62be39580273e8eb0,Cora,MEGU,212,,GIN,gt_full,./selectors/gt_full_gin.yaml,82741ce023ece70893d0f739fb2c7a06e8e81ec4afcb015b97fbd5b504a41dc7,sel_b9fd49c0_2ebf2def,pred_438a6851_b50d62c5,88.56088560885608,90.22140221402213,1.6605166051660514,0.7380073800738018,6.642066420664207,89.2988929889299,pred_cee0b125_0eb2c7e1
8a926419a42ae14f715a,Cora,MEGU,212,,baseline,degree,degree.yaml,82741ce023ece70893d0f739fb2c7a06e8e81ec4afcb015b97fbd5b504a41dc7,sel_ff46e44a_c86d7141,pred_23286923_1195c370,89.85239852398524,90.22140221402213,0.36900369003689537,0.18450184501844769,6.273062730627306,90.03690036900369,pred_82f95456_386e0668
38e6539d993f67bddb6e,Cora,GraphEraser,212,,GCN,r_point,r_point.yaml,82741ce023ece70893d0f739fb2c7a06e8e81ec4afcb015b97fbd5b504a41dc7,sel_037e9e97_e68531f8,pred_0a4183dc_b4712c55,84.13284132841329,86.53136531365314,2.398523985239853,4.797047970479696,13.837638376383765,88.92988929889299,pred_9fe13af4_0ddc529c
07c098e03b14c40424fb,Cora,GraphEraser,212,,GCN,gt_full,gt_full.yaml,82741ce023ece70893d0f739fb2c7a06e8e81ec4afcb015b97fbd5b504a41dc7,sel_6a3357b1_120c67a2,pred_a4963d9e_c6577260,85.42435424354244,86.53136531365314,1.1070110701107083,4.428044280442811,12.177121771217712,89.85239852398524,pred_61f7e166_6d9769ea
81f2c10ed289107374a4,Cora,GraphEraser,212,,SGC,r_point,./selectors/r_point_sgc.yaml,82741ce023ece70893d0f739fb2c7a06e8e81ec4afcb015b97fbd5b504a41dc7,sel_2160304d_038bf57f,pred_87b6604e_1c8570c9,84.50184501845018,86.53136531365314,2.029520295202958,4.243542435424352,14.760147601476014,88.74538745387454,pred_3fdce88d_e810f8d6
710c41ea9ac7d5662789,Cora,GraphEraser,212,,SGC,gt_full,./selectors/gt_full_sgc.yaml,82741ce023ece70893d0f739fb2c7a06e8e81ec4afcb015b97fbd5b504a41dc7,sel_67d7b6f6_92751299,pred_52174aef_20193249,83.94833948339483,86.53136531365314,2.583025830258312,5.166051660516613,15.498154981549817,89.11439114391145,pred_cb2beced_d6037d2a
ae71e8ad9f3d9ae253d9,Cora,GraphEraser,212,,GAT,r_point,./selectors/r_point_gat.yaml,82741ce023ece70893d0f739fb2c7a06e8e81ec4afcb015b97fbd5b504a41dc7,sel_6ad9f316_32eee98a,pred_4e6f548c_77871bf8,85.97785977859779,86.53136531365314,0.5535055350553542,3.690036900368998,14.206642066420663,89.66789667896678,pred_d1e767c5_4d2f6376
6971afb7c2e0413d34f5,Cora,GraphEraser,212,,GAT,gt_full,./selectors/gt_full_gat.yaml,82741ce023ece70893d0f739fb2c7a06e8e81ec4afcb015b97fbd5b504a41dc7,sel_aa28e591_d8316575,pred_63659963_73d39220,85.79335793357934,86.53136531365314,0.7380073800738018,4.243542435424352,12.730627306273062,90.03690036900369,pred_9c7b2f7f_d9b07009
a46f76f22ffb8db9f076,Cora,GraphEraser,212,,GIN,r_point,./selectors/r_point_gin.yaml,82741ce023ece70893d0f739fb2c7a06e8e81ec4afcb015b97fbd5b504a41dc7,sel_edddc9d5_b0591f9a,pred_7048b637_e75340a1,86.71586715867159,86.53136531365314,-0.18450184501844769,2.9520295202951963,12.546125461254611,89.66789667896678,pred_e27ea745_ac1e08a2
861ec404805f370aaf16,Cora,GraphEraser,212,,GIN,gt_full,./selectors/gt_full_gin.yaml,82741ce023ece70893d0f739fb2c7a06e8e81ec4afcb015b97fbd5b504a41dc7,sel_b9fd49c0_2ebf2def,pred_6f9d9077_f57cacbd,83.94833948339483,86.53136531365314,2.583025830258312,5.350553505535061,13.837638376383765,89.2988929889299,pred_cee0b125_0eb2c7e1
7ddd0124ea8a5d09f987,Cora,GraphEraser,212,,baseline,degree,degree.yaml,82741ce023ece70893d0f739fb2c7a06e8e81ec4afcb015b97fbd5b504a41dc7,sel_ff46e44a_c86d7141,pred_a60e7a7c_62fe2419,85.42435424354244,86.53136531365314,1.1070110701107083,4.612546125461259,12.177121771217712,90.03690036900369,pred_82f95456_386e0668
35981f0449a8299b00df,Cora,GraphRevoker,212,,GCN,r_point,r_point.yaml,82741ce023ece70893d0f739fb2c7a06e8e81ec4afcb015b97fbd5b504a41dc7,sel_037e9e97_e68531f8,pred_924b8853_9e99bbbb,54.79704797047971,66.78966789667896,11.992619926199255,34.13284132841328,42.80442804428044,88.92988929889299,pred_9fe13af4_0ddc529c
dcf408fb8a30964fb326,Cora,GraphRevoker,212,,GCN,gt_full,gt_full.yaml,82741ce023ece70893d0f739fb2c7a06e8e81ec4afcb015b97fbd5b504a41dc7,sel_6a3357b1_120c67a2,pred_d3bb8d78_111f7a98,61.07011070110702,66.78966789667896,5.719557195571944,28.782287822878228,37.63837638376384,89.85239852398524,pred_61f7e166_6d9769ea
a436be562701bfd31b34,Cora,GraphRevoker,212,,SGC,r_point,./selectors/r_point_sgc.yaml,82741ce023ece70893d0f739fb2c7a06e8e81ec4afcb015b97fbd5b504a41dc7,sel_2160304d_038bf57f,pred_7ea4945a_a361e331,69.55719557195572,66.78966789667896,-2.7675276752767597,19.188191881918815,30.996309963099634,88.74538745387454,pred_3fdce88d_e810f8d6
eba1b638731483664d6a,Cora,GraphRevoker,212,,SGC,gt_full,./selectors/gt_full_sgc.yaml,82741ce023ece70893d0f739fb2c7a06e8e81ec4afcb015b97fbd5b504a41dc7,sel_67d7b6f6_92751299,pred_990720b1_0419d979,69.00369003690037,66.78966789667896,-2.2140221402214055,20.110701107011074,30.073800738007378,89.11439114391145,pred_cb2beced_d6037d2a
066babb0c4ea21d537f7,Cora,GraphRevoker,212,,GAT,r_point,./selectors/r_point_gat.yaml,82741ce023ece70893d0f739fb2c7a06e8e81ec4afcb015b97fbd5b504a41dc7,sel_6ad9f316_32eee98a,pred_bf38470e_3def8760,73.80073800738008,66.78966789667896,-7.011070110701112,15.867158671586711,28.228782287822877,89.66789667896678,pred_d1e767c5_4d2f6376
0058fb26f6ab3e8f1c57,Cora,GraphRevoker,212,,GAT,gt_full,./selectors/gt_full_gat.yaml,82741ce023ece70893d0f739fb2c7a06e8e81ec4afcb015b97fbd5b504a41dc7,sel_aa28e591_d8316575,pred_8e593ef2_f2c177b3,73.06273062730627,66.78966789667896,-6.27306273062731,16.97416974169742,27.121771217712176,90.03690036900369,pred_9c7b2f7f_d9b07009
ad7c8b587cf4f48fd691,Cora,GraphRevoker,212,,GIN,r_point,./selectors/r_point_gin.yaml,82741ce023ece70893d0f739fb2c7a06e8e81ec4afcb015b97fbd5b504a41dc7,sel_edddc9d5_b0591f9a,pred_2b61210a_33683d8d,71.95571955719558,66.78966789667896,-5.166051660516613,17.712177121771212,29.15129151291513,89.66789667896678,pred_e27ea745_ac1e08a2
1631e8d5108469142b5d,Cora,GraphRevoker,212,,GIN,gt_full,./selectors/gt_full_gin.yaml,82741ce023ece70893d0f739fb2c7a06e8e81ec4afcb015b97fbd5b504a41dc7,sel_b9fd49c0_2ebf2def,pred_2e5bbdac_3fb3ef12,65.86715867158671,66.78966789667896,0.9225092250922495,23.431734317343178,31.365313653136536,89.2988929889299,pred_cee0b125_0eb2c7e1
521837893c0e44ae45c8,Cora,GraphRevoker,212,,baseline,degree,degree.yaml,82741ce023ece70893d0f739fb2c7a06e8e81ec4afcb015b97fbd5b504a41dc7,sel_ff46e44a_c86d7141,pred_eabf6895_a1843f59,61.80811808118081,66.78966789667896,4.981549815498154,28.228782287822884,36.53136531365313,90.03690036900369,pred_82f95456_386e0668
216ea5fac14051787903,Cora,Retrain,212,,GCN,r_point,r_point.yaml,82741ce023ece70893d0f739fb2c7a06e8e81ec4afcb015b97fbd5b504a41dc7,sel_037e9e97_e68531f8,pred_9fe13af4_0ddc529c,88.92988929889299,,,,,,
27a59ff8322fb2c7ddf5,Cora,Retrain,212,,GCN,gt_full,gt_full.yaml,82741ce023ece70893d0f739fb2c7a06e8e81ec4afcb015b97fbd5b504a41dc7,sel_6a3357b1_120c67a2,pred_61f7e166_6d9769ea,89.85239852398524,,,,,,
730422dcf1a179451376,Cora,Retrain,212,,SGC,r_point,./selectors/r_point_sgc.yaml,82741ce023ece70893d0f739fb2c7a06e8e81ec4afcb015b97fbd5b504a41dc7,sel_2160304d_038bf57f,pred_3fdce88d_e810f8d6,88.74538745387454,,,,,,
527d04197300da0654ce,Cora,Retrain,212,,SGC,gt_full,./selectors/gt_full_sgc.yaml,82741ce023ece70893d0f739fb2c7a06e8e81ec4afcb015b97fbd5b504a41dc7,sel_67d7b6f6_92751299,pred_cb2beced_d6037d2a,89.11439114391145,,,,,,
d63c181e2f56d9c184ff,Cora,Retrain,212,,GAT,r_point,./selectors/r_point_gat.yaml,82741ce023ece70893d0f739fb2c7a06e8e81ec4afcb015b97fbd5b504a41dc7,sel_6ad9f316_32eee98a,pred_d1e767c5_4d2f6376,89.66789667896678,,,,,,
e470d93bf9a8dad71eec,Cora,Retrain,212,,GAT,gt_full,./selectors/gt_full_gat.yaml,82741ce023ece70893d0f739fb2c7a06e8e81ec4afcb015b97fbd5b504a41dc7,sel_aa28e591_d8316575,pred_9c7b2f7f_d9b07009,90.03690036900369,,,,,,
d91a128dbc68e33a4710,Cora,Retrain,212,,GIN,r_point,./selectors/r_point_gin.yaml,82741ce023ece70893d0f739fb2c7a06e8e81ec4afcb015b97fbd5b504a41dc7,sel_edddc9d5_b0591f9a,pred_e27ea745_ac1e08a2,89.66789667896678,,,,,,
353a509c906d75cac71a,Cora,Retrain,212,,GIN,gt_full,./selectors/gt_full_gin.yaml,82741ce023ece70893d0f739fb2c7a06e8e81ec4afcb015b97fbd5b504a41dc7,sel_b9fd49c0_2ebf2def,pred_cee0b125_0eb2c7e1,89.2988929889299,,,,,,
846cee611cf1c8648393,Cora,Retrain,212,,baseline,degree,degree.yaml,82741ce023ece70893d0f739fb2c7a06e8e81ec4afcb015b97fbd5b504a41dc7,sel_ff46e44a_c86d7141,pred_82f95456_386e0668,90.03690036900369,,,,,,
a87807ed6dc97a80f213,Cora,GNNDelete,212,11.0,baseline,random,random.yaml,82741ce023ece70893d0f739fb2c7a06e8e81ec4afcb015b97fbd5b504a41dc7,sel_339a15c9_cc22381e,pred_763f8834_f3e8e212,76.01476014760148,90.22140221402213,14.20664206642066,14.022140221402212,19.557195571955717,90.03690036900369,pred_b10b2130_e8b7c577
3f0a04c9512aa4d9e8e2,Cora,GIF,212,11.0,baseline,random,random.yaml,82741ce023ece70893d0f739fb2c7a06e8e81ec4afcb015b97fbd5b504a41dc7,sel_339a15c9_cc22381e,pred_a407ee1a_5377444d,90.22140221402213,90.22140221402213,0.0,-0.18450184501844769,1.6605166051660518,90.03690036900369,pred_b10b2130_e8b7c577
ddf576bfcdc5a5a67541,Cora,IDEA,212,11.0,baseline,random,random.yaml,82741ce023ece70893d0f739fb2c7a06e8e81ec4afcb015b97fbd5b504a41dc7,sel_339a15c9_cc22381e,pred_e44dfb20_57bf7c35,90.22140221402213,90.22140221402213,0.0,-0.18450184501844769,1.6605166051660518,90.03690036900369,pred_b10b2130_e8b7c577
62273e3a0eff59bcfe98,Cora,MEGU,212,11.0,baseline,random,random.yaml,82741ce023ece70893d0f739fb2c7a06e8e81ec4afcb015b97fbd5b504a41dc7,sel_339a15c9_cc22381e,pred_fd4b82a1_0534604d,88.92988929889299,90.22140221402213,1.291512915129156,1.1070110701107083,4.981549815498155,90.03690036900369,pred_b10b2130_e8b7c577
c533e47912bc77e87581,Cora,GraphEraser,212,11.0,baseline,random,random.yaml,82741ce023ece70893d0f739fb2c7a06e8e81ec4afcb015b97fbd5b504a41dc7,sel_339a15c9_cc22381e,pred_03777c72_c91da62d,84.13284132841329,86.53136531365314,2.398523985239853,5.904059040590404,13.653136531365314,90.03690036900369,pred_b10b2130_e8b7c577
378af96fed2d6d1e5d60,Cora,GraphRevoker,212,11.0,baseline,random,random.yaml,82741ce023ece70893d0f739fb2c7a06e8e81ec4afcb015b97fbd5b504a41dc7,sel_339a15c9_cc22381e,pred_8bfd4ea7_9ed1e3ed,64.94464944649447,66.78966789667896,1.845018450184499,25.09225092250923,33.76383763837638,90.03690036900369,pred_b10b2130_e8b7c577
2344f4987c97b9b50ef8,Cora,Retrain,212,11.0,baseline,random,random.yaml,82741ce023ece70893d0f739fb2c7a06e8e81ec4afcb015b97fbd5b504a41dc7,sel_339a15c9_cc22381e,pred_b10b2130_e8b7c577,90.03690036900369,,,,,,
a0b38d486061bc8a82fe,Cora,GNNDelete,212,22.0,baseline,random,random.yaml,82741ce023ece70893d0f739fb2c7a06e8e81ec4afcb015b97fbd5b504a41dc7,sel_07b2c816_9229c586,pred_ace1ff2e_bc42ff60,77.67527675276753,90.22140221402213,12.54612546125461,12.54612546125461,15.498154981549817,90.22140221402213,pred_4ef1d6fd_a36746dc
0fccd013e87091b5f463,Cora,GIF,212,22.0,baseline,random,random.yaml,82741ce023ece70893d0f739fb2c7a06e8e81ec4afcb015b97fbd5b504a41dc7,sel_07b2c816_9229c586,pred_175745f5_92d5ee7a,90.40590405904058,90.22140221402213,-0.18450184501844769,-0.18450184501844769,3.136531365313653,90.22140221402213,pred_4ef1d6fd_a36746dc
7425a4f0dd2951c2cdcb,Cora,IDEA,212,22.0,baseline,random,random.yaml,82741ce023ece70893d0f739fb2c7a06e8e81ec4afcb015b97fbd5b504a41dc7,sel_07b2c816_9229c586,pred_204742ba_0f116e6b,90.40590405904058,90.22140221402213,-0.18450184501844769,-0.18450184501844769,3.136531365313653,90.22140221402213,pred_4ef1d6fd_a36746dc
335996d1e7e519ead161,Cora,MEGU,212,22.0,baseline,random,random.yaml,82741ce023ece70893d0f739fb2c7a06e8e81ec4afcb015b97fbd5b504a41dc7,sel_07b2c816_9229c586,pred_9aa96f3e_4e1d1e75,89.2988929889299,90.22140221402213,0.9225092250922495,0.9225092250922495,4.243542435424354,90.22140221402213,pred_4ef1d6fd_a36746dc
3787cf030bd96fab89df,Cora,GraphEraser,212,22.0,baseline,random,random.yaml,82741ce023ece70893d0f739fb2c7a06e8e81ec4afcb015b97fbd5b504a41dc7,sel_07b2c816_9229c586,pred_baf5de79_3ee2d890,86.16236162361623,86.53136531365314,0.3690036900369065,4.059040590405905,12.361623616236162,90.22140221402213,pred_4ef1d6fd_a36746dc
ed693930b3b88a3df2d5,Cora,GraphRevoker,212,22.0,baseline,random,random.yaml,82741ce023ece70893d0f739fb2c7a06e8e81ec4afcb015b97fbd5b504a41dc7,sel_07b2c816_9229c586,pred_1a5c012b_f9834d05,65.12915129151291,66.78966789667896,1.6605166051660514,25.09225092250923,32.84132841328413,90.22140221402213,pred_4ef1d6fd_a36746dc
db9b8ef614e63d10a902,Cora,Retrain,212,22.0,baseline,random,random.yaml,82741ce023ece70893d0f739fb2c7a06e8e81ec4afcb015b97fbd5b504a41dc7,sel_07b2c816_9229c586,pred_4ef1d6fd_a36746dc,90.22140221402213,,,,,,
f22e9c37ff713e371986,Cora,GNNDelete,212,33.0,baseline,random,random.yaml,82741ce023ece70893d0f739fb2c7a06e8e81ec4afcb015b97fbd5b504a41dc7,sel_7b731f86_1d8bd0b6,pred_53e2cd6d_75301595,77.67527675276753,90.22140221402213,12.54612546125461,11.62361623616236,16.974169741697416,89.2988929889299,pred_34c344ff_5fb6af99
abc776d86dcd2b29a498,Cora,GIF,212,33.0,baseline,random,random.yaml,82741ce023ece70893d0f739fb2c7a06e8e81ec4afcb015b97fbd5b504a41dc7,sel_7b731f86_1d8bd0b6,pred_bad0b24f_638e3db4,90.22140221402213,90.22140221402213,0.0,-0.9225092250922495,2.3985239852398523,89.2988929889299,pred_34c344ff_5fb6af99
cbc19ed8dda4593b9919,Cora,IDEA,212,33.0,baseline,random,random.yaml,82741ce023ece70893d0f739fb2c7a06e8e81ec4afcb015b97fbd5b504a41dc7,sel_7b731f86_1d8bd0b6,pred_a363779d_f46a4953,90.22140221402213,90.22140221402213,0.0,-0.9225092250922495,2.3985239852398523,89.2988929889299,pred_34c344ff_5fb6af99
bcd4133a900f89bb787f,Cora,MEGU,212,33.0,baseline,random,random.yaml,82741ce023ece70893d0f739fb2c7a06e8e81ec4afcb015b97fbd5b504a41dc7,sel_7b731f86_1d8bd0b6,pred_066fcaf4_69704c84,88.92988929889299,90.22140221402213,1.291512915129156,0.3690036900369065,4.612546125461255,89.2988929889299,pred_34c344ff_5fb6af99
f8fbfaa22f594e7366a0,Cora,GraphEraser,212,33.0,baseline,random,random.yaml,82741ce023ece70893d0f739fb2c7a06e8e81ec4afcb015b97fbd5b504a41dc7,sel_7b731f86_1d8bd0b6,pred_d5acde4e_bd52adab,84.87084870848709,86.53136531365314,1.6605166051660514,4.4280442804427995,12.915129151291513,89.2988929889299,pred_34c344ff_5fb6af99
815c50ff3c963ba8754e,Cora,GraphRevoker,212,33.0,baseline,random,random.yaml,82741ce023ece70893d0f739fb2c7a06e8e81ec4afcb015b97fbd5b504a41dc7,sel_7b731f86_1d8bd0b6,pred_a0e137ea_763c56a3,66.42066420664207,66.78966789667896,0.36900369003689537,22.878228782287824,32.28782287822878,89.2988929889299,pred_34c344ff_5fb6af99
676edc54a6a5d77bc252,Cora,Retrain,212,33.0,baseline,random,random.yaml,82741ce023ece70893d0f739fb2c7a06e8e81ec4afcb015b97fbd5b504a41dc7,sel_7b731f86_1d8bd0b6,pred_34c344ff_5fb6af99,89.2988929889299,,,,,,
a8d696a0cd8f39221abd,Cora,GNNDelete,2024,,GCN,r_point,r_point.yaml,82741ce023ece70893d0f739fb2c7a06e8e81ec4afcb015b97fbd5b504a41dc7,sel_5e760d41_507e7a06,pred_c6ad8daa_45c5e3cf,82.28782287822878,89.85239852398524,7.564575645756467,6.6420664206642055,17.343173431734318,88.92988929889299,pred_9ca39c4f_2a075aa5
fcae18f23ddcd22c7897,Cora,GNNDelete,2024,,GCN,gt_full,gt_full.yaml,82741ce023ece70893d0f739fb2c7a06e8e81ec4afcb015b97fbd5b504a41dc7,sel_1c1dd910_e68b6060,pred_95a8532f_cdf34a78,70.11070110701108,89.85239852398524,19.74169741697417,19.372693726937264,27.490774907749078,89.48339483394834,pred_2e8c80c8_c527d8cb
621dec27226eebec3ac9,Cora,GNNDelete,2024,,SGC,r_point,./selectors/r_point_sgc.yaml,82741ce023ece70893d0f739fb2c7a06e8e81ec4afcb015b97fbd5b504a41dc7,sel_486bf24e_bc4efb26,pred_73b2f559_a6da278b,81.54981549815497,89.85239852398524,8.302583025830268,6.642066420664216,15.129151291512915,88.19188191881919,pred_776eb07a_a9748bf3
109a1c55a3659a41abd3,Cora,GNNDelete,2024,,SGC,gt_full,./selectors/gt_full_sgc.yaml,82741ce023ece70893d0f739fb2c7a06e8e81ec4afcb015b97fbd5b504a41dc7,sel_5f3a42d0_2f0c0a26,pred_3f123791_d620a164,75.83025830258303,89.85239852398524,14.022140221402212,13.468634686346858,20.29520295202952,89.2988929889299,pred_4985d491_23916d69
237228ffc5f7f53315fc,Cora,GNNDelete,2024,,GAT,r_point,./selectors/r_point_gat.yaml,82741ce023ece70893d0f739fb2c7a06e8e81ec4afcb015b97fbd5b504a41dc7,sel_6f8da80b_3746fc69,pred_1620e218_c70830c0,86.53136531365314,89.85239852398524,3.3210332103321027,1.845018450184499,12.177121771217712,88.37638376383764,pred_8f8899d1_adc2f707
57bf8677854707b135b1,Cora,GNNDelete,2024,,GAT,gt_full,./selectors/gt_full_gat.yaml,82741ce023ece70893d0f739fb2c7a06e8e81ec4afcb015b97fbd5b504a41dc7,sel_4087739e_2787a47f,pred_c538508c_45106f49,75.64575645756457,89.85239852398524,14.206642066420672,12.54612546125462,21.771217712177123,88.19188191881919,pred_74c59145_6d2c97fe
45cdf4a52dfad59a802e,Cora,GNNDelete,2024,,GIN,r_point,./selectors/r_point_gin.yaml,82741ce023ece70893d0f739fb2c7a06e8e81ec4afcb015b97fbd5b504a41dc7,sel_f8f9b995_819aba80,pred_69be1841_f189e289,78.22878228782287,89.85239852398524,11.62361623616237,10.147601476014767,18.081180811808117,88.37638376383764,pred_10f0167b_8908eab5
bfc096346d7369e54b01,Cora,GNNDelete,2024,,GIN,gt_full,./selectors/gt_full_gin.yaml,82741ce023ece70893d0f739fb2c7a06e8e81ec4afcb015b97fbd5b504a41dc7,sel_af03720e_55242cb6,pred_4bf2bd07_8e8db3ff,69.37269372693727,89.85239852398524,20.479704797047972,19.55719557195571,28.413284132841326,88.92988929889299,pred_6036e77b_0743ea1b
0a256a0b5aa413d07b0e,Cora,GNNDelete,2024,,baseline,degree,degree.yaml,82741ce023ece70893d0f739fb2c7a06e8e81ec4afcb015b97fbd5b504a41dc7,sel_ff46e44a_c86d7141,pred_cc346bd4_4a4a8f09,73.98523985239852,89.85239852398524,15.867158671586722,15.867158671586722,23.062730627306273,89.85239852398524,pred_f9b3a0cf_ebfcd938
567895f02bac75bb90b1,Cora,GIF,2024,,GCN,r_point,r_point.yaml,82741ce023ece70893d0f739fb2c7a06e8e81ec4afcb015b97fbd5b504a41dc7,sel_5e760d41_507e7a06,pred_bef335c7_64ee2eef,90.03690036900369,89.85239852398524,-0.18450184501844769,-1.1070110701107083,7.380073800738007,88.92988929889299,pred_9ca39c4f_2a075aa5
707501b3e13abbb23d7f,Cora,GIF,2024,,GCN,gt_full,gt_full.yaml,82741ce023ece70893d0f739fb2c7a06e8e81ec4afcb015b97fbd5b504a41dc7,sel_1c1dd910_e68b6060,pred_cdcf1166_a865db2e,88.74538745387454,89.85239852398524,1.1070110701107083,0.7380073800738018,2.952029520295203,89.48339483394834,pred_2e8c80c8_c527d8cb
bb01d91687242b511217,Cora,GIF,2024,,SGC,r_point,./selectors/r_point_sgc.yaml,82741ce023ece70893d0f739fb2c7a06e8e81ec4afcb015b97fbd5b504a41dc7,sel_486bf24e_bc4efb26,pred_831e40f2_d6ec5b95,89.85239852398524,89.85239852398524,0.0,-1.6605166051660514,3.505535055350553,88.19188191881919,pred_776eb07a_a9748bf3
5957ae35428588940c87,Cora,GIF,2024,,SGC,gt_full,./selectors/gt_full_sgc.yaml,82741ce023ece70893d0f739fb2c7a06e8e81ec4afcb015b97fbd5b504a41dc7,sel_5f3a42d0_2f0c0a26,pred_566fe42c_187fd3f0,90.03690036900369,89.85239852398524,-0.18450184501844769,-0.7380073800738018,2.5830258302583027,89.2988929889299,pred_4985d491_23916d69
c43a6990e6fceaf01f7b,Cora,GIF,2024,,GAT,r_point,./selectors/r_point_gat.yaml,82741ce023ece70893d0f739fb2c7a06e8e81ec4afcb015b97fbd5b504a41dc7,sel_6f8da80b_3746fc69,pred_b2becf19_84e56ee5,90.03690036900369,89.85239852398524,-0.18450184501844769,-1.6605166051660514,5.719557195571956,88.37638376383764,pred_8f8899d1_adc2f707
b8500d58970f3b947434,Cora,GIF,2024,,GAT,gt_full,./selectors/gt_full_gat.yaml,82741ce023ece70893d0f739fb2c7a06e8e81ec4afcb015b97fbd5b504a41dc7,sel_4087739e_2787a47f,pred_223b9c0e_cf93e44a,89.11439114391145,89.85239852398524,0.7380073800738018,-0.9225092250922495,4.059040590405904,88.19188191881919,pred_74c59145_6d2c97fe
f6dc336edd025d16502e,Cora,GIF,2024,,GIN,r_point,./selectors/r_point_gin.yaml,82741ce023ece70893d0f739fb2c7a06e8e81ec4afcb015b97fbd5b504a41dc7,sel_f8f9b995_819aba80,pred_67bb0728_9107acc6,89.85239852398524,89.85239852398524,0.0,-1.4760147601476037,6.273062730627306,88.37638376383764,pred_10f0167b_8908eab5
22b9087f3374e4c814c2,Cora,GIF,2024,,GIN,gt_full,./selectors/gt_full_gin.yaml,82741ce023ece70893d0f739fb2c7a06e8e81ec4afcb015b97fbd5b504a41dc7,sel_af03720e_55242cb6,pred_97ce195c_0e477bae,89.66789667896678,89.85239852398524,0.1845018450184588,-0.7380073800738018,3.3210332103321036,88.92988929889299,pred_6036e77b_0743ea1b
a45851c1e765e8130e68,Cora,GIF,2024,,baseline,degree,degree.yaml,82741ce023ece70893d0f739fb2c7a06e8e81ec4afcb015b97fbd5b504a41dc7,sel_ff46e44a_c86d7141,pred_c933f508_86f93275,90.22140221402213,89.85239852398524,-0.36900369003689537,-0.36900369003689537,4.059040590405904,89.85239852398524,pred_f9b3a0cf_ebfcd938
fd87a5839a99c90fc165,Cora,IDEA,2024,,GCN,r_point,r_point.yaml,82741ce023ece70893d0f739fb2c7a06e8e81ec4afcb015b97fbd5b504a41dc7,sel_5e760d41_507e7a06,pred_5d0569db_1188c013,90.03690036900369,89.85239852398524,-0.18450184501844769,-1.1070110701107083,7.380073800738007,88.92988929889299,pred_9ca39c4f_2a075aa5
5f3186a8552b423e3d1b,Cora,IDEA,2024,,GCN,gt_full,gt_full.yaml,82741ce023ece70893d0f739fb2c7a06e8e81ec4afcb015b97fbd5b504a41dc7,sel_1c1dd910_e68b6060,pred_187c2bbe_54fb1292,88.74538745387454,89.85239852398524,1.1070110701107083,0.7380073800738018,2.952029520295203,89.48339483394834,pred_2e8c80c8_c527d8cb
03ec3060974fa64a46f6,Cora,IDEA,2024,,SGC,r_point,./selectors/r_point_sgc.yaml,82741ce023ece70893d0f739fb2c7a06e8e81ec4afcb015b97fbd5b504a41dc7,sel_486bf24e_bc4efb26,pred_44ebbd94_cd4a1ce7,89.85239852398524,89.85239852398524,0.0,-1.6605166051660514,3.505535055350553,88.19188191881919,pred_776eb07a_a9748bf3
15fd7fd2e3ce636ec7ca,Cora,IDEA,2024,,SGC,gt_full,./selectors/gt_full_sgc.yaml,82741ce023ece70893d0f739fb2c7a06e8e81ec4afcb015b97fbd5b504a41dc7,sel_5f3a42d0_2f0c0a26,pred_eff20a75_96096030,90.03690036900369,89.85239852398524,-0.18450184501844769,-0.7380073800738018,2.5830258302583027,89.2988929889299,pred_4985d491_23916d69
25562a2ac9f9ae34a024,Cora,IDEA,2024,,GAT,r_point,./selectors/r_point_gat.yaml,82741ce023ece70893d0f739fb2c7a06e8e81ec4afcb015b97fbd5b504a41dc7,sel_6f8da80b_3746fc69,pred_a3264b11_afa58168,90.03690036900369,89.85239852398524,-0.18450184501844769,-1.6605166051660514,5.719557195571956,88.37638376383764,pred_8f8899d1_adc2f707
f652c8d654fc2d6a4a9a,Cora,IDEA,2024,,GAT,gt_full,./selectors/gt_full_gat.yaml,82741ce023ece70893d0f739fb2c7a06e8e81ec4afcb015b97fbd5b504a41dc7,sel_4087739e_2787a47f,pred_66eb2c12_9def3988,89.11439114391145,89.85239852398524,0.7380073800738018,-0.9225092250922495,4.059040590405904,88.19188191881919,pred_74c59145_6d2c97fe
ebd9206a57dec9e2e4be,Cora,IDEA,2024,,GIN,r_point,./selectors/r_point_gin.yaml,82741ce023ece70893d0f739fb2c7a06e8e81ec4afcb015b97fbd5b504a41dc7,sel_f8f9b995_819aba80,pred_6a345d5a_ae1f574c,89.85239852398524,89.85239852398524,0.0,-1.4760147601476037,6.273062730627306,88.37638376383764,pred_10f0167b_8908eab5
44efa22b0829bbccfe1f,Cora,IDEA,2024,,GIN,gt_full,./selectors/gt_full_gin.yaml,82741ce023ece70893d0f739fb2c7a06e8e81ec4afcb015b97fbd5b504a41dc7,sel_af03720e_55242cb6,pred_eeab61ff_448dc4c3,89.66789667896678,89.85239852398524,0.1845018450184588,-0.7380073800738018,3.3210332103321036,88.92988929889299,pred_6036e77b_0743ea1b
1f68c252b67542099114,Cora,IDEA,2024,,baseline,degree,degree.yaml,82741ce023ece70893d0f739fb2c7a06e8e81ec4afcb015b97fbd5b504a41dc7,sel_ff46e44a_c86d7141,pred_d0e01423_1c588af8,90.22140221402213,89.85239852398524,-0.36900369003689537,-0.36900369003689537,4.059040590405904,89.85239852398524,pred_f9b3a0cf_ebfcd938
a5984dde18ec944a47f6,Cora,MEGU,2024,,GCN,r_point,r_point.yaml,82741ce023ece70893d0f739fb2c7a06e8e81ec4afcb015b97fbd5b504a41dc7,sel_5e760d41_507e7a06,pred_9584cfaa_22a59d63,89.48339483394834,89.85239852398524,0.3690036900369065,-0.5535055350553542,6.273062730627306,88.92988929889299,pred_9ca39c4f_2a075aa5
742e0323d56f9fcd42e9,Cora,MEGU,2024,,GCN,gt_full,gt_full.yaml,82741ce023ece70893d0f739fb2c7a06e8e81ec4afcb015b97fbd5b504a41dc7,sel_1c1dd910_e68b6060,pred_92c95918_d743214a,88.92988929889299,89.85239852398524,0.9225092250922606,0.5535055350553542,5.535055350553505,89.48339483394834,pred_2e8c80c8_c527d8cb
ffe5134096207aad1fd1,Cora,MEGU,2024,,SGC,r_point,./selectors/r_point_sgc.yaml,82741ce023ece70893d0f739fb2c7a06e8e81ec4afcb015b97fbd5b504a41dc7,sel_486bf24e_bc4efb26,pred_4322bb76_15ca86c2,89.2988929889299,89.85239852398524,0.5535055350553542,-1.1070110701106972,5.904059040590406,88.19188191881919,pred_776eb07a_a9748bf3
b0cfa46681f035697817,Cora,MEGU,2024,,SGC,gt_full,./selectors/gt_full_sgc.yaml,82741ce023ece70893d0f739fb2c7a06e8e81ec4afcb015b97fbd5b504a41dc7,sel_5f3a42d0_2f0c0a26,pred_379f34ba_f506a15c,89.11439114391145,89.85239852398524,0.7380073800738018,0.18450184501844769,5.350553505535055,89.2988929889299,pred_4985d491_23916d69
2323ddc2107e531575a5,Cora,MEGU,2024,,GAT,r_point,./selectors/r_point_gat.yaml,82741ce023ece70893d0f739fb2c7a06e8e81ec4afcb015b97fbd5b504a41dc7,sel_6f8da80b_3746fc69,pred_3250fba0_ac1f617e,89.11439114391145,89.85239852398524,0.7380073800738018,-0.7380073800738018,5.166051660516605,88.37638376383764,pred_8f8899d1_adc2f707
c0d6cbf0c0df248b21cc,Cora,MEGU,2024,,GAT,gt_full,./selectors/gt_full_gat.yaml,82741ce023ece70893d0f739fb2c7a06e8e81ec4afcb015b97fbd5b504a41dc7,sel_4087739e_2787a47f,pred_0bad475d_b5d682b2,89.11439114391145,89.85239852398524,0.7380073800738018,-0.9225092250922495,4.981549815498155,88.19188191881919,pred_74c59145_6d2c97fe
5115135b32764e880d72,Cora,MEGU,2024,,GIN,r_point,./selectors/r_point_gin.yaml,82741ce023ece70893d0f739fb2c7a06e8e81ec4afcb015b97fbd5b504a41dc7,sel_f8f9b995_819aba80,pred_c959f30a_0019941a,89.2988929889299,89.85239852398524,0.5535055350553542,-0.9225092250922495,6.4575645756457565,88.37638376383764,pred_10f0167b_8908eab5
064737d40ab50c0d236f,Cora,MEGU,2024,,GIN,gt_full,./selectors/gt_full_gin.yaml,82741ce023ece70893d0f739fb2c7a06e8e81ec4afcb015b97fbd5b504a41dc7,sel_af03720e_55242cb6,pred_7240c7ee_5cffb63a,89.2988929889299,89.85239852398524,0.5535055350553542,-0.3690036900369065,5.166051660516605,88.92988929889299,pred_6036e77b_0743ea1b
63665ffff1b02b6d2f3a,Cora,MEGU,2024,,baseline,degree,degree.yaml,82741ce023ece70893d0f739fb2c7a06e8e81ec4afcb015b97fbd5b504a41dc7,sel_ff46e44a_c86d7141,pred_f94304fe_fd67d4ae,89.66789667896678,89.85239852398524,0.1845018450184588,0.1845018450184588,5.166051660516605,89.85239852398524,pred_f9b3a0cf_ebfcd938
96970cfea613d82f0d81,Cora,GraphEraser,2024,,GCN,r_point,r_point.yaml,82741ce023ece70893d0f739fb2c7a06e8e81ec4afcb015b97fbd5b504a41dc7,sel_5e760d41_507e7a06,pred_90a477b8_6a2c6a2c,85.42435424354244,84.50184501845018,-0.9225092250922495,3.5055350553505504,13.099630996309964,88.92988929889299,pred_9ca39c4f_2a075aa5
0f62974b1c9695921445,Cora,GraphEraser,2024,,GCN,gt_full,gt_full.yaml,82741ce023ece70893d0f739fb2c7a06e8e81ec4afcb015b97fbd5b504a41dc7,sel_1c1dd910_e68b6060,pred_7d106bc4_d1d787c3,84.50184501845018,84.50184501845018,0.0,4.981549815498154,13.653136531365314,89.48339483394834,pred_2e8c80c8_c527d8cb
589d9557c762bc7ee276,Cora,GraphEraser,2024,,SGC,r_point,./selectors/r_point_sgc.yaml,82741ce023ece70893d0f739fb2c7a06e8e81ec4afcb015b97fbd5b504a41dc7,sel_486bf24e_bc4efb26,pred_84e2bf42_7f968e2e,83.39483394833948,84.50184501845018,1.1070110701106972,4.797047970479706,16.605166051660518,88.19188191881919,pred_776eb07a_a9748bf3
dcfc4e547a5b010b1125,Cora,GraphEraser,2024,,SGC,gt_full,./selectors/gt_full_sgc.yaml,82741ce023ece70893d0f739fb2c7a06e8e81ec4afcb015b97fbd5b504a41dc7,sel_5f3a42d0_2f0c0a26,pred_dbb236f0_199d7e7e,83.02583025830258,84.50184501845018,1.4760147601476037,6.27306273062731,16.420664206642066,89.2988929889299,pred_4985d491_23916d69
3b48fe512ba0b17cb1c5,Cora,GraphEraser,2024,,GAT,r_point,./selectors/r_point_gat.yaml,82741ce023ece70893d0f739fb2c7a06e8e81ec4afcb015b97fbd5b504a41dc7,sel_6f8da80b_3746fc69,pred_b8cca962_e70e3fdc,84.68634686346863,84.50184501845018,-0.18450184501844769,3.690036900369009,15.129151291512915,88.37638376383764,pred_8f8899d1_adc2f707
012c5828627d40491829,Cora,GraphEraser,2024,,GAT,gt_full,./selectors/gt_full_gat.yaml,82741ce023ece70893d0f739fb2c7a06e8e81ec4afcb015b97fbd5b504a41dc7,sel_4087739e_2787a47f,pred_921caaf4_b7177164,84.87084870848709,84.50184501845018,-0.3690036900369065,3.3210332103321027,14.206642066420663,88.19188191881919,pred_74c59145_6d2c97fe
b3d470c09f9a81255283,Cora,GraphEraser,2024,,GIN,r_point,./selectors/r_point_gin.yaml,82741ce023ece70893d0f739fb2c7a06e8e81ec4afcb015b97fbd5b504a41dc7,sel_f8f9b995_819aba80,pred_0008e478_001b3016,83.21033210332104,84.50184501845018,1.291512915129145,5.166051660516602,15.129151291512915,88.37638376383764,pred_10f0167b_8908eab5
f537e09035f0b1f36c09,Cora,GraphEraser,2024,,GIN,gt_full,./selectors/gt_full_gin.yaml,82741ce023ece70893d0f739fb2c7a06e8e81ec4afcb015b97fbd5b504a41dc7,sel_af03720e_55242cb6,pred_e5421d96_fafc07b6,85.42435424354244,84.50184501845018,-0.9225092250922495,3.5055350553505504,13.284132841328415,88.92988929889299,pred_6036e77b_0743ea1b
01b00c987a7e534db9aa,Cora,GraphEraser,2024,,baseline,degree,degree.yaml,82741ce023ece70893d0f739fb2c7a06e8e81ec4afcb015b97fbd5b504a41dc7,sel_ff46e44a_c86d7141,pred_90579d8b_d3fad907,84.31734317343174,84.50184501845018,0.18450184501844769,5.535055350553508,13.099630996309964,89.85239852398524,pred_f9b3a0cf_ebfcd938
63658869e740b22bb163,Cora,GraphRevoker,2024,,GCN,r_point,r_point.yaml,82741ce023ece70893d0f739fb2c7a06e8e81ec4afcb015b97fbd5b504a41dc7,sel_5e760d41_507e7a06,pred_1fd11e83_a41e0652,71.95571955719558,73.43173431734317,1.4760147601476037,16.97416974169741,27.85977859778598,88.92988929889299,pred_9ca39c4f_2a075aa5
cf6ab3a04ed08e05e6a9,Cora,GraphRevoker,2024,,GCN,gt_full,gt_full.yaml,82741ce023ece70893d0f739fb2c7a06e8e81ec4afcb015b97fbd5b504a41dc7,sel_1c1dd910_e68b6060,pred_7dc2ed2c_988c4802,66.78966789667896,73.43173431734317,6.642066420664216,22.693726937269375,31.54981549815498,89.48339483394834,pred_2e8c80c8_c527d8cb
e385b010ab38359ee439,Cora,GraphRevoker,2024,,SGC,r_point,./selectors/r_point_sgc.yaml,82741ce023ece70893d0f739fb2c7a06e8e81ec4afcb015b97fbd5b504a41dc7,sel_486bf24e_bc4efb26,pred_782bf910_9784d593,72.14022140221402,73.43173431734317,1.291512915129156,16.05166051660517,26.937269372693727,88.19188191881919,pred_776eb07a_a9748bf3
0f9545b30a89f7eb0520,Cora,GraphRevoker,2024,,SGC,gt_full,./selectors/gt_full_sgc.yaml,82741ce023ece70893d0f739fb2c7a06e8e81ec4afcb015b97fbd5b504a41dc7,sel_5f3a42d0_2f0c0a26,pred_b4f4c981_795dac40,70.11070110701108,73.43173431734317,3.3210332103321027,19.188191881918815,28.59778597785978,89.2988929889299,pred_4985d491_23916d69
02d0cd0c3a1dc355dfbe,Cora,GraphRevoker,2024,,GAT,r_point,./selectors/r_point_gat.yaml,82741ce023ece70893d0f739fb2c7a06e8e81ec4afcb015b97fbd5b504a41dc7,sel_6f8da80b_3746fc69,pred_a5729b8f_a994d7bf,73.24723247232473,73.43173431734317,0.1845018450184588,15.12915129151292,26.383763837638373,88.37638376383764,pred_8f8899d1_adc2f707
b71fc74a08d659c5e414,Cora,GraphRevoker,2024,,GAT,gt_full,./selectors/gt_full_gat.yaml,82741ce023ece70893d0f739fb2c7a06e8e81ec4afcb015b97fbd5b504a41dc7,sel_4087739e_2787a47f,pred_2c464884_905bffe6,69.74169741697416,73.43173431734317,3.690036900369009,18.450184501845023,30.44280442804428,88.19188191881919,pred_74c59145_6d2c97fe
33fd23d0c53853ad7c79,Cora,GraphRevoker,2024,,GIN,r_point,./selectors/r_point_gin.yaml,82741ce023ece70893d0f739fb2c7a06e8e81ec4afcb015b97fbd5b504a41dc7,sel_f8f9b995_819aba80,pred_13807c29_8f055a40,61.80811808118081,73.43173431734317,11.62361623616237,26.568265682656833,33.76383763837638,88.37638376383764,pred_10f0167b_8908eab5
657543043577a2715cbb,Cora,GraphRevoker,2024,,GIN,gt_full,./selectors/gt_full_gin.yaml,82741ce023ece70893d0f739fb2c7a06e8e81ec4afcb015b97fbd5b504a41dc7,sel_af03720e_55242cb6,pred_74856d08_d35a60df,68.63468634686348,73.43173431734317,4.797047970479706,20.295202952029513,30.81180811808118,88.92988929889299,pred_6036e77b_0743ea1b
7a232e3e7320b80ab70d,Cora,GraphRevoker,2024,,baseline,degree,degree.yaml,82741ce023ece70893d0f739fb2c7a06e8e81ec4afcb015b97fbd5b504a41dc7,sel_ff46e44a_c86d7141,pred_713419f7_539f6eb9,67.71217712177122,73.43173431734317,5.719557195571956,22.14022140221402,30.44280442804428,89.85239852398524,pred_f9b3a0cf_ebfcd938
2a913a167880bbd1e8ea,Cora,Retrain,2024,,GCN,r_point,r_point.yaml,82741ce023ece70893d0f739fb2c7a06e8e81ec4afcb015b97fbd5b504a41dc7,sel_5e760d41_507e7a06,pred_9ca39c4f_2a075aa5,88.92988929889299,,,,,,
c210540dea780e5936bb,Cora,Retrain,2024,,GCN,gt_full,gt_full.yaml,82741ce023ece70893d0f739fb2c7a06e8e81ec4afcb015b97fbd5b504a41dc7,sel_1c1dd910_e68b6060,pred_2e8c80c8_c527d8cb,89.48339483394834,,,,,,
7eb634816f78f20168e5,Cora,Retrain,2024,,SGC,r_point,./selectors/r_point_sgc.yaml,82741ce023ece70893d0f739fb2c7a06e8e81ec4afcb015b97fbd5b504a41dc7,sel_486bf24e_bc4efb26,pred_776eb07a_a9748bf3,88.19188191881919,,,,,,
fa53303a088aeb47b8d6,Cora,Retrain,2024,,SGC,gt_full,./selectors/gt_full_sgc.yaml,82741ce023ece70893d0f739fb2c7a06e8e81ec4afcb015b97fbd5b504a41dc7,sel_5f3a42d0_2f0c0a26,pred_4985d491_23916d69,89.2988929889299,,,,,,
3fd41952c945699e6881,Cora,Retrain,2024,,GAT,r_point,./selectors/r_point_gat.yaml,82741ce023ece70893d0f739fb2c7a06e8e81ec4afcb015b97fbd5b504a41dc7,sel_6f8da80b_3746fc69,pred_8f8899d1_adc2f707,88.37638376383764,,,,,,
ffae8a3d20018c591ed7,Cora,Retrain,2024,,GAT,gt_full,./selectors/gt_full_gat.yaml,82741ce023ece70893d0f739fb2c7a06e8e81ec4afcb015b97fbd5b504a41dc7,sel_4087739e_2787a47f,pred_74c59145_6d2c97fe,88.19188191881919,,,,,,
94de878f6e8a4e687846,Cora,Retrain,2024,,GIN,r_point,./selectors/r_point_gin.yaml,82741ce023ece70893d0f739fb2c7a06e8e81ec4afcb015b97fbd5b504a41dc7,sel_f8f9b995_819aba80,pred_10f0167b_8908eab5,88.37638376383764,,,,,,
a117c7ed6ab28f5022c9,Cora,Retrain,2024,,GIN,gt_full,./selectors/gt_full_gin.yaml,82741ce023ece70893d0f739fb2c7a06e8e81ec4afcb015b97fbd5b504a41dc7,sel_af03720e_55242cb6,pred_6036e77b_0743ea1b,88.92988929889299,,,,,,
e7d3a8fc2d4c33afc7aa,Cora,Retrain,2024,,baseline,degree,degree.yaml,82741ce023ece70893d0f739fb2c7a06e8e81ec4afcb015b97fbd5b504a41dc7,sel_ff46e44a_c86d7141,pred_f9b3a0cf_ebfcd938,89.85239852398524,,,,,,
bd3b8c1eac8e152d01c6,Cora,GNNDelete,2024,11.0,baseline,random,random.yaml,82741ce023ece70893d0f739fb2c7a06e8e81ec4afcb015b97fbd5b504a41dc7,sel_339a15c9_cc22381e,pred_e512fd04_6581aab6,78.41328413284133,89.85239852398524,11.439114391143912,11.070110701107005,17.89667896678967,89.48339483394834,pred_50564c5a_d250cf22
6eade79a031371998d07,Cora,GIF,2024,11.0,baseline,random,random.yaml,82741ce023ece70893d0f739fb2c7a06e8e81ec4afcb015b97fbd5b504a41dc7,sel_339a15c9_cc22381e,pred_f91a39e1_d475f44d,89.48339483394834,89.85239852398524,0.3690036900369065,0.0,2.214022140221402,89.48339483394834,pred_50564c5a_d250cf22
c413fce3b8dc221f4ba3,Cora,IDEA,2024,11.0,baseline,random,random.yaml,82741ce023ece70893d0f739fb2c7a06e8e81ec4afcb015b97fbd5b504a41dc7,sel_339a15c9_cc22381e,pred_91c14dce_32f2723d,89.48339483394834,89.85239852398524,0.3690036900369065,0.0,2.214022140221402,89.48339483394834,pred_50564c5a_d250cf22
f37f09950fbb8c33d18a,Cora,MEGU,2024,11.0,baseline,random,random.yaml,82741ce023ece70893d0f739fb2c7a06e8e81ec4afcb015b97fbd5b504a41dc7,sel_339a15c9_cc22381e,pred_34f61390_4c66cae2,89.11439114391145,89.85239852398524,0.7380073800738018,0.36900369003689537,3.8745387453874542,89.48339483394834,pred_50564c5a_d250cf22
77c9fc1a3e79ef506dc7,Cora,GraphEraser,2024,11.0,baseline,random,random.yaml,82741ce023ece70893d0f739fb2c7a06e8e81ec4afcb015b97fbd5b504a41dc7,sel_339a15c9_cc22381e,pred_33d89aef_1d20f2c8,83.39483394833948,84.50184501845018,1.1070110701106972,6.088560885608851,14.760147601476014,89.48339483394834,pred_50564c5a_d250cf22
fb4129713b475c16109a,Cora,GraphRevoker,2024,11.0,baseline,random,random.yaml,82741ce023ece70893d0f739fb2c7a06e8e81ec4afcb015b97fbd5b504a41dc7,sel_339a15c9_cc22381e,pred_716224a9_8311134a,68.63468634686348,73.43173431734317,4.797047970479706,20.848708487084867,30.25830258302583,89.48339483394834,pred_50564c5a_d250cf22
aaaedf31ff2a0cc2bcdb,Cora,Retrain,2024,11.0,baseline,random,random.yaml,82741ce023ece70893d0f739fb2c7a06e8e81ec4afcb015b97fbd5b504a41dc7,sel_339a15c9_cc22381e,pred_50564c5a_d250cf22,89.48339483394834,,,,,,
c2184884a2aa739e50c1,Cora,GNNDelete,2024,22.0,baseline,random,random.yaml,82741ce023ece70893d0f739fb2c7a06e8e81ec4afcb015b97fbd5b504a41dc7,sel_07b2c816_9229c586,pred_81ec2605_a5811dc9,83.57933579335793,89.85239852398524,6.27306273062731,6.088560885608851,10.14760147601476,89.66789667896678,pred_307a5fea_3dbb69cb
35ebd46752fd83322d4a,Cora,GIF,2024,22.0,baseline,random,random.yaml,82741ce023ece70893d0f739fb2c7a06e8e81ec4afcb015b97fbd5b504a41dc7,sel_07b2c816_9229c586,pred_64b9ba19_46a6cb09,89.85239852398524,89.85239852398524,0.0,-0.1845018450184588,1.6605166051660518,89.66789667896678,pred_307a5fea_3dbb69cb
8d0793ab9c6ecc64d576,Cora,IDEA,2024,22.0,baseline,random,random.yaml,82741ce023ece70893d0f739fb2c7a06e8e81ec4afcb015b97fbd5b504a41dc7,sel_07b2c816_9229c586,pred_ddaceb40_da894651,89.85239852398524,89.85239852398524,0.0,-0.1845018450184588,1.6605166051660518,89.66789667896678,pred_307a5fea_3dbb69cb
99365f9c483432ee1194,Cora,MEGU,2024,22.0,baseline,random,random.yaml,82741ce023ece70893d0f739fb2c7a06e8e81ec4afcb015b97fbd5b504a41dc7,sel_07b2c816_9229c586,pred_af36bbfc_58c78fc6,89.2988929889299,89.85239852398524,0.5535055350553542,0.36900369003689537,3.6900369003690034,89.66789667896678,pred_307a5fea_3dbb69cb
c4dee1df37ff16548559,Cora,GraphEraser,2024,22.0,baseline,random,random.yaml,82741ce023ece70893d0f739fb2c7a06e8e81ec4afcb015b97fbd5b504a41dc7,sel_07b2c816_9229c586,pred_df008782_27d64345,85.05535055350553,84.50184501845018,-0.5535055350553542,4.612546125461248,14.206642066420663,89.66789667896678,pred_307a5fea_3dbb69cb
29c44731bfe1e311a3cf,Cora,GraphRevoker,2024,22.0,baseline,random,random.yaml,82741ce023ece70893d0f739fb2c7a06e8e81ec4afcb015b97fbd5b504a41dc7,sel_07b2c816_9229c586,pred_9647779c_bb85491b,66.60516605166052,73.43173431734317,6.826568265682664,23.062730627306273,31.73431734317343,89.66789667896678,pred_307a5fea_3dbb69cb
00ae4cd505ad4d72dde7,Cora,Retrain,2024,22.0,baseline,random,random.yaml,82741ce023ece70893d0f739fb2c7a06e8e81ec4afcb015b97fbd5b504a41dc7,sel_07b2c816_9229c586,pred_307a5fea_3dbb69cb,89.66789667896678,,,,,,
645e852a83487f3bdea8,Cora,GNNDelete,2024,33.0,baseline,random,random.yaml,82741ce023ece70893d0f739fb2c7a06e8e81ec4afcb015b97fbd5b504a41dc7,sel_7b731f86_1d8bd0b6,pred_11aa1e99_ca2c5d9b,81.91881918819189,89.85239852398524,7.933579335793361,7.19557195571956,13.284132841328415,89.11439114391145,pred_09ada08f_f03b42cc
1b7f8fddbe95b2c89128,Cora,GIF,2024,33.0,baseline,random,random.yaml,82741ce023ece70893d0f739fb2c7a06e8e81ec4afcb015b97fbd5b504a41dc7,sel_7b731f86_1d8bd0b6,pred_07ec9dd3_0c9ccae6,89.48339483394834,89.85239852398524,0.3690036900369065,-0.36900369003689537,2.214022140221402,89.11439114391145,pred_09ada08f_f03b42cc
cb43d143d58dcfd18734,Cora,IDEA,2024,33.0,baseline,random,random.yaml,82741ce023ece70893d0f739fb2c7a06e8e81ec4afcb015b97fbd5b504a41dc7,sel_7b731f86_1d8bd0b6,pred_bf3fc748_807cea33,89.48339483394834,89.85239852398524,0.3690036900369065,-0.36900369003689537,2.214022140221402,89.11439114391145,pred_09ada08f_f03b42cc
7d7a8ec1b8d0de4ef9b2,Cora,MEGU,2024,33.0,baseline,random,random.yaml,82741ce023ece70893d0f739fb2c7a06e8e81ec4afcb015b97fbd5b504a41dc7,sel_7b731f86_1d8bd0b6,pred_979de0db_07556a1b,88.92988929889299,89.85239852398524,0.9225092250922606,0.1845018450184588,4.243542435424354,89.11439114391145,pred_09ada08f_f03b42cc
c314c84f5c5ade4a57c0,Cora,GraphEraser,2024,33.0,baseline,random,random.yaml,82741ce023ece70893d0f739fb2c7a06e8e81ec4afcb015b97fbd5b504a41dc7,sel_7b731f86_1d8bd0b6,pred_dda59f63_4f2fce2a,84.87084870848709,84.50184501845018,-0.3690036900369065,4.243542435424352,14.206642066420663,89.11439114391145,pred_09ada08f_f03b42cc
e6965ec5e8ec7e67c8de,Cora,GraphRevoker,2024,33.0,baseline,random,random.yaml,82741ce023ece70893d0f739fb2c7a06e8e81ec4afcb015b97fbd5b504a41dc7,sel_7b731f86_1d8bd0b6,pred_8fac67fd_c71f27ad,69.18819188191881,73.43173431734317,4.243542435424363,19.92619926199263,29.704797047970477,89.11439114391145,pred_09ada08f_f03b42cc
be93ee697ecc964f84f7,Cora,Retrain,2024,33.0,baseline,random,random.yaml,82741ce023ece70893d0f739fb2c7a06e8e81ec4afcb015b97fbd5b504a41dc7,sel_7b731f86_1d8bd0b6,pred_09ada08f_f03b42cc,89.11439114391145,,,,,,
58a1ebc9b77909556664,CiteSeer,GNNDelete,42,,GCN,r_point,r_point.yaml,5aff7d08d539f2f9a7d85c02b20f85aa94f0ca8ee15ecdf429d8c35fbf12f9ac,sel_256f24cd_3c5999d3,pred_27eddcd5_6215e7cb,74.92492492492492,74.47447447447448,-0.45045045045045695,-0.30030030030030463,12.612612612612612,74.62462462462463,pred_fe5e6c07_18f00a4c
bc705009b836267d9a9e,CiteSeer,GNNDelete,42,,GCN,gt_full,gt_full.yaml,5aff7d08d539f2f9a7d85c02b20f85aa94f0ca8ee15ecdf429d8c35fbf12f9ac,sel_0bf2e12d_d8148270,pred_92b13941_099cdafc,74.47447447447448,74.47447447447448,0.0,-1.2012012012011963,14.414414414414415,73.27327327327328,pred_33a3ac91_8b85320f
59acd65db9d7f9fd28b1,CiteSeer,GNNDelete,42,,SGC,r_point,./selectors/r_point_sgc.yaml,5aff7d08d539f2f9a7d85c02b20f85aa94f0ca8ee15ecdf429d8c35fbf12f9ac,sel_adc78ed8_9661baf4,pred_4530c7ae_386ea00f,75.22522522522522,74.47447447447448,-0.7507507507507505,-0.6006006006005982,9.00900900900901,74.62462462462463,pred_6d1c7422_c68aac8f
ed648a2453ad1e591c1c,CiteSeer,GNNDelete,42,,SGC,gt_full,./selectors/gt_full_sgc.yaml,5aff7d08d539f2f9a7d85c02b20f85aa94f0ca8ee15ecdf429d8c35fbf12f9ac,sel_9f5bca2d_c8c3a6ee,pred_8ac6a4a1_9539d071,74.62462462462463,74.47447447447448,-0.15015015015015232,-0.45045045045044585,9.00900900900901,74.17417417417418,pred_9e943c92_43318982
0a68a428f8789a132303,CiteSeer,GNNDelete,42,,GAT,r_point,./selectors/r_point_gat.yaml,5aff7d08d539f2f9a7d85c02b20f85aa94f0ca8ee15ecdf429d8c35fbf12f9ac,sel_856c62e0_1ca61234,pred_a278025e_a98078f9,75.67567567567568,74.47447447447448,-1.2012012012012074,1.051051051051044,6.006006006006006,76.72672672672672,pred_75412b33_82af7ac9
9e98d6ab6e2fb9c6f126,CiteSeer,GNNDelete,42,,GAT,gt_full,./selectors/gt_full_gat.yaml,5aff7d08d539f2f9a7d85c02b20f85aa94f0ca8ee15ecdf429d8c35fbf12f9ac,sel_688222c7_2ad73d87,pred_30e6102d_8ab677f4,73.87387387387388,74.47447447447448,0.6006006006005982,3.1531531531531543,9.45945945945946,77.02702702702703,pred_663d15b6_76106cfa
56d1db1727d00a6d1255,CiteSeer,GNNDelete,42,,GIN,r_point,./selectors/r_point_gin.yaml,5aff7d08d539f2f9a7d85c02b20f85aa94f0ca8ee15ecdf429d8c35fbf12f9ac,sel_c3e98649_dbb6c57c,pred_42d89c6c_9b7168bb,75.52552552552552,74.47447447447448,-1.0510510510510551,-0.9009009009009028,10.06006006006006,74.62462462462463,pred_cba0fa37_a43bc1b8
e5bce0d25645103cf02a,CiteSeer,GNNDelete,42,,GIN,gt_full,./selectors/gt_full_gin.yaml,5aff7d08d539f2f9a7d85c02b20f85aa94f0ca8ee15ecdf429d8c35fbf12f9ac,sel_c7511678_07ee8091,pred_6c4be06f_511a2c95,74.17417417417418,74.47447447447448,0.30030030030029353,-0.30030030030030463,10.66066066066066,73.87387387387388,pred_c4f477ee_13b3ad74
39d08854264537f73e6b,CiteSeer,GNNDelete,42,,baseline,degree,degree.yaml,5aff7d08d539f2f9a7d85c02b20f85aa94f0ca8ee15ecdf429d8c35fbf12f9ac,sel_abe5882c_46b01259,pred_6814fa17_704542ca,73.12312312312312,74.47447447447448,1.3513513513513487,1.501501501501501,10.06006006006006,74.62462462462463,pred_7395d9a9_6949ffe5
6bc98c5d93e13446699f,CiteSeer,GIF,42,,GCN,r_point,r_point.yaml,5aff7d08d539f2f9a7d85c02b20f85aa94f0ca8ee15ecdf429d8c35fbf12f9ac,sel_256f24cd_3c5999d3,pred_2568ce50_5c7c2d1a,75.07507507507508,74.47447447447448,-0.6006006006005982,-0.45045045045044585,7.807807807807808,74.62462462462463,pred_fe5e6c07_18f00a4c
7af2faecf60c17aa9135,CiteSeer,GIF,42,,GCN,gt_full,gt_full.yaml,5aff7d08d539f2f9a7d85c02b20f85aa94f0ca8ee15ecdf429d8c35fbf12f9ac,sel_0bf2e12d_d8148270,pred_8fe08667_6bdd555b,74.92492492492492,74.47447447447448,-0.45045045045045695,-1.6516516516516533,6.156156156156156,73.27327327327328,pred_33a3ac91_8b85320f
12c195575b652e4029a1,CiteSeer,GIF,42,,SGC,r_point,./selectors/r_point_sgc.yaml,5aff7d08d539f2f9a7d85c02b20f85aa94f0ca8ee15ecdf429d8c35fbf12f9ac,sel_adc78ed8_9661baf4,pred_d09d4d7b_98b0b91e,74.32432432432432,74.47447447447448,0.15015015015015232,0.30030030030030463,3.453453453453453,74.62462462462463,pred_6d1c7422_c68aac8f
7c6b3ca4298e0f2fbd22,CiteSeer,GIF,42,,SGC,gt_full,./selectors/gt_full_sgc.yaml,5aff7d08d539f2f9a7d85c02b20f85aa94f0ca8ee15ecdf429d8c35fbf12f9ac,sel_9f5bca2d_c8c3a6ee,pred_fb19cc38_16dbdf6c,74.47447447447448,74.47447447447448,0.0,-0.30030030030029353,4.354354354354354,74.17417417417418,pred_9e943c92_43318982
58601faf4d01663e59c8,CiteSeer,GIF,42,,GAT,r_point,./selectors/r_point_gat.yaml,5aff7d08d539f2f9a7d85c02b20f85aa94f0ca8ee15ecdf429d8c35fbf12f9ac,sel_856c62e0_1ca61234,pred_ca077eed_1db7dda5,75.52552552552552,74.47447447447448,-1.0510510510510551,1.2012012012011963,7.3573573573573565,76.72672672672672,pred_75412b33_82af7ac9
eee8cc74d653e3fae9fe,CiteSeer,GIF,42,,GAT,gt_full,./selectors/gt_full_gat.yaml,5aff7d08d539f2f9a7d85c02b20f85aa94f0ca8ee15ecdf429d8c35fbf12f9ac,sel_688222c7_2ad73d87,pred_e6a42501_2f7d8574,75.22522522522522,74.47447447447448,-0.7507507507507505,1.8018018018018056,6.306306306306306,77.02702702702703,pred_663d15b6_76106cfa
fd8c8cb20a27dd8b49e5,CiteSeer,GIF,42,,GIN,r_point,./selectors/r_point_gin.yaml,5aff7d08d539f2f9a7d85c02b20f85aa94f0ca8ee15ecdf429d8c35fbf12f9ac,sel_c3e98649_dbb6c57c,pred_994bfb7c_2bbaecfb,74.77477477477478,74.47447447447448,-0.30030030030030463,-0.15015015015015232,6.006006006006006,74.62462462462463,pred_cba0fa37_a43bc1b8
0da560d43fa8858b4234,CiteSeer,GIF,42,,GIN,gt_full,./selectors/gt_full_gin.yaml,5aff7d08d539f2f9a7d85c02b20f85aa94f0ca8ee15ecdf429d8c35fbf12f9ac,sel_c7511678_07ee8091,pred_4f0024b0_141c60fe,75.07507507507508,74.47447447447448,-0.6006006006005982,-1.2012012012011963,5.105105105105105,73.87387387387388,pred_c4f477ee_13b3ad74
3b5232791bcb04bf1ea5,CiteSeer,GIF,42,,baseline,degree,degree.yaml,5aff7d08d539f2f9a7d85c02b20f85aa94f0ca8ee15ecdf429d8c35fbf12f9ac,sel_abe5882c_46b01259,pred_16ede1cc_c9eed1df,74.62462462462463,74.47447447447448,-0.15015015015015232,0.0,5.255255255255255,74.62462462462463,pred_7395d9a9_6949ffe5
55bc717a7837283f9b96,CiteSeer,IDEA,42,,GCN,r_point,r_point.yaml,5aff7d08d539f2f9a7d85c02b20f85aa94f0ca8ee15ecdf429d8c35fbf12f9ac,sel_256f24cd_3c5999d3,pred_4f145e88_82d42a1d,75.07507507507508,74.47447447447448,-0.6006006006005982,-0.45045045045044585,7.807807807807808,74.62462462462463,pred_fe5e6c07_18f00a4c
2e2bb2af9d378c2b34a7,CiteSeer,IDEA,42,,GCN,gt_full,gt_full.yaml,5aff7d08d539f2f9a7d85c02b20f85aa94f0ca8ee15ecdf429d8c35fbf12f9ac,sel_0bf2e12d_d8148270,pred_f7f9cdbd_d2b82293,74.92492492492492,74.47447447447448,-0.45045045045045695,-1.6516516516516533,6.156156156156156,73.27327327327328,pred_33a3ac91_8b85320f
3c2cd4132604f6ed1d82,CiteSeer,IDEA,42,,SGC,r_point,./selectors/r_point_sgc.yaml,5aff7d08d539f2f9a7d85c02b20f85aa94f0ca8ee15ecdf429d8c35fbf12f9ac,sel_adc78ed8_9661baf4,pred_41200ab7_f70e60b2,74.32432432432432,74.47447447447448,0.15015015015015232,0.30030030030030463,3.453453453453453,74.62462462462463,pred_6d1c7422_c68aac8f
31950874f26196bf5891,CiteSeer,IDEA,42,,SGC,gt_full,./selectors/gt_full_sgc.yaml,5aff7d08d539f2f9a7d85c02b20f85aa94f0ca8ee15ecdf429d8c35fbf12f9ac,sel_9f5bca2d_c8c3a6ee,pred_0148be67_41f5331a,74.47447447447448,74.47447447447448,0.0,-0.30030030030029353,4.354354354354354,74.17417417417418,pred_9e943c92_43318982
7e4601bd649461047190,CiteSeer,IDEA,42,,GAT,r_point,./selectors/r_point_gat.yaml,5aff7d08d539f2f9a7d85c02b20f85aa94f0ca8ee15ecdf429d8c35fbf12f9ac,sel_856c62e0_1ca61234,pred_cec434f9_bdbe5ab8,75.52552552552552,74.47447447447448,-1.0510510510510551,1.2012012012011963,7.3573573573573565,76.72672672672672,pred_75412b33_82af7ac9
bce30dab11be9db29940,CiteSeer,IDEA,42,,GAT,gt_full,./selectors/gt_full_gat.yaml,5aff7d08d539f2f9a7d85c02b20f85aa94f0ca8ee15ecdf429d8c35fbf12f9ac,sel_688222c7_2ad73d87,pred_2e5b46d9_e1410863,75.22522522522522,74.47447447447448,-0.7507507507507505,1.8018018018018056,6.306306306306306,77.02702702702703,pred_663d15b6_76106cfa
2b3ef666fd7c916a535e,CiteSeer,IDEA,42,,GIN,r_point,./selectors/r_point_gin.yaml,5aff7d08d539f2f9a7d85c02b20f85aa94f0ca8ee15ecdf429d8c35fbf12f9ac,sel_c3e98649_dbb6c57c,pred_ad8a48ef_b64be311,74.77477477477478,74.47447447447448,-0.30030030030030463,-0.15015015015015232,6.006006006006006,74.62462462462463,pred_cba0fa37_a43bc1b8
e9d607c8938737094903,CiteSeer,IDEA,42,,GIN,gt_full,./selectors/gt_full_gin.yaml,5aff7d08d539f2f9a7d85c02b20f85aa94f0ca8ee15ecdf429d8c35fbf12f9ac,sel_c7511678_07ee8091,pred_2e5420fa_17c61500,75.07507507507508,74.47447447447448,-0.6006006006005982,-1.2012012012011963,5.105105105105105,73.87387387387388,pred_c4f477ee_13b3ad74
75af625617f93c037f4c,CiteSeer,IDEA,42,,baseline,degree,degree.yaml,5aff7d08d539f2f9a7d85c02b20f85aa94f0ca8ee15ecdf429d8c35fbf12f9ac,sel_abe5882c_46b01259,pred_73376b57_918c011e,74.62462462462463,74.47447447447448,-0.15015015015015232,0.0,5.255255255255255,74.62462462462463,pred_7395d9a9_6949ffe5
8f7f9ce17acd14a31985,CiteSeer,MEGU,42,,GCN,r_point,r_point.yaml,5aff7d08d539f2f9a7d85c02b20f85aa94f0ca8ee15ecdf429d8c35fbf12f9ac,sel_256f24cd_3c5999d3,pred_cdf1847a_276b6e0f,73.72372372372372,74.47447447447448,0.7507507507507505,0.9009009009009028,10.96096096096096,74.62462462462463,pred_fe5e6c07_18f00a4c
b173bbbb404a0eb2bb0a,CiteSeer,MEGU,42,,GCN,gt_full,gt_full.yaml,5aff7d08d539f2f9a7d85c02b20f85aa94f0ca8ee15ecdf429d8c35fbf12f9ac,sel_0bf2e12d_d8148270,pred_6433a29d_9b691670,73.42342342342343,74.47447447447448,1.051051051051044,-0.15015015015015232,9.45945945945946,73.27327327327328,pred_33a3ac91_8b85320f
707e3bc9815b52861700,CiteSeer,MEGU,42,,SGC,r_point,./selectors/r_point_sgc.yaml,5aff7d08d539f2f9a7d85c02b20f85aa94f0ca8ee15ecdf429d8c35fbf12f9ac,sel_adc78ed8_9661baf4,pred_fea07a17_f142df97,73.87387387387388,74.47447447447448,0.6006006006005982,0.7507507507507505,5.7057057057057055,74.62462462462463,pred_6d1c7422_c68aac8f
4388c0cd6d978151676b,CiteSeer,MEGU,42,,SGC,gt_full,./selectors/gt_full_sgc.yaml,5aff7d08d539f2f9a7d85c02b20f85aa94f0ca8ee15ecdf429d8c35fbf12f9ac,sel_9f5bca2d_c8c3a6ee,pred_839b86ee_290cb9d3,74.17417417417418,74.47447447447448,0.30030030030029353,0.0,6.306306306306306,74.17417417417418,pred_9e943c92_43318982
d55104428a3636efbf57,CiteSeer,MEGU,42,,GAT,r_point,./selectors/r_point_gat.yaml,5aff7d08d539f2f9a7d85c02b20f85aa94f0ca8ee15ecdf429d8c35fbf12f9ac,sel_856c62e0_1ca61234,pred_36365db2_08fe8b99,73.72372372372372,74.47447447447448,0.7507507507507505,3.003003003003002,8.558558558558559,76.72672672672672,pred_75412b33_82af7ac9
a9283ece03c2676134bd,CiteSeer,MEGU,42,,GAT,gt_full,./selectors/gt_full_gat.yaml,5aff7d08d539f2f9a7d85c02b20f85aa94f0ca8ee15ecdf429d8c35fbf12f9ac,sel_688222c7_2ad73d87,pred_3b7c734b_d74fb036,74.17417417417418,74.47447447447448,0.30030030030029353,2.8528528528528496,6.456456456456457,77.02702702702703,pred_663d15b6_76106cfa
930fa362e7ac7afdd768,CiteSeer,MEGU,42,,GIN,r_point,./selectors/r_point_gin.yaml,5aff7d08d539f2f9a7d85c02b20f85aa94f0ca8ee15ecdf429d8c35fbf12f9ac,sel_c3e98649_dbb6c57c,pred_90f6077c_7b1278b4,74.17417417417418,74.47447447447448,0.30030030030029353,0.45045045045044585,7.5075075075075075,74.62462462462463,pred_cba0fa37_a43bc1b8
6b90b92172d0af8fccc4,CiteSeer,MEGU,42,,GIN,gt_full,./selectors/gt_full_gin.yaml,5aff7d08d539f2f9a7d85c02b20f85aa94f0ca8ee15ecdf429d8c35fbf12f9ac,sel_c7511678_07ee8091,pred_1578ece7_a8d7b89d,73.12312312312312,74.47447447447448,1.3513513513513487,0.7507507507507505,7.207207207207207,73.87387387387388,pred_c4f477ee_13b3ad74
5aabfd8cef22ef18236d,CiteSeer,MEGU,42,,baseline,degree,degree.yaml,5aff7d08d539f2f9a7d85c02b20f85aa94f0ca8ee15ecdf429d8c35fbf12f9ac,sel_abe5882c_46b01259,pred_b0aa2be1_8056cc6a,74.32432432432432,74.47447447447448,0.15015015015015232,0.30030030030030463,5.105105105105105,74.62462462462463,pred_7395d9a9_6949ffe5
0241063df4824839739e,CiteSeer,GraphEraser,42,,GCN,r_point,r_point.yaml,5aff7d08d539f2f9a7d85c02b20f85aa94f0ca8ee15ecdf429d8c35fbf12f9ac,sel_256f24cd_3c5999d3,pred_e88baa28_e3874dfa,75.67567567567568,74.92492492492492,-0.7507507507507505,-1.0510510510510551,20.57057057057057,74.62462462462463,pred_fe5e6c07_18f00a4c
6fce55afa5973698fafa,CiteSeer,GraphEraser,42,,GCN,gt_full,gt_full.yaml,5aff7d08d539f2f9a7d85c02b20f85aa94f0ca8ee15ecdf429d8c35fbf12f9ac,sel_0bf2e12d_d8148270,pred_e0d591c2_ec84cc6a,75.07507507507508,74.92492492492492,-0.15015015015014122,-1.8018018018017945,22.372372372372375,73.27327327327328,pred_33a3ac91_8b85320f
824fd43a730bee85f6f3,CiteSeer,GraphEraser,42,,SGC,r_point,./selectors/r_point_sgc.yaml,5aff7d08d539f2f9a7d85c02b20f85aa94f0ca8ee15ecdf429d8c35fbf12f9ac,sel_adc78ed8_9661baf4,pred_14212c4d_b3f5512a,74.02402402402403,74.92492492492492,0.9009009009009028,0.6006006006005982,19.81981981981982,74.62462462462463,pred_6d1c7422_c68aac8f
3d24a44fb7a32c191b1f,CiteSeer,GraphEraser,42,,SGC,gt_full,./selectors/gt_full_sgc.yaml,5aff7d08d539f2f9a7d85c02b20f85aa94f0ca8ee15ecdf429d8c35fbf12f9ac,sel_9f5bca2d_c8c3a6ee,pred_ab421ef5_d51da026,73.72372372372372,74.92492492492492,1.2012012012012074,0.45045045045045695,20.27027027027027,74.17417417417418,pred_9e943c92_43318982
928773af5d590ed8b8a9,CiteSeer,GraphEraser,42,,GAT,r_point,./selectors/r_point_gat.yaml,5aff7d08d539f2f9a7d85c02b20f85aa94f0ca8ee15ecdf429d8c35fbf12f9ac,sel_856c62e0_1ca61234,pred_8e18308a_383ffff2,75.07507507507508,74.92492492492492,-0.15015015015014122,1.6516516516516533,15.765765765765765,76.72672672672672,pred_75412b33_82af7ac9
b6911f0e40eec23f7800,CiteSeer,GraphEraser,42,,GAT,gt_full,./selectors/gt_full_gat.yaml,5aff7d08d539f2f9a7d85c02b20f85aa94f0ca8ee15ecdf429d8c35fbf12f9ac,sel_688222c7_2ad73d87,pred_db97c450_420f254f,75.07507507507508,74.92492492492492,-0.15015015015014122,1.951951951951958,16.216216216216218,77.02702702702703,pred_663d15b6_76106cfa
780242ceea74075d07a8,CiteSeer,GraphEraser,42,,GIN,r_point,./selectors/r_point_gin.yaml,5aff7d08d539f2f9a7d85c02b20f85aa94f0ca8ee15ecdf429d8c35fbf12f9ac,sel_c3e98649_dbb6c57c,pred_8b7ba319_fdf17828,75.82582582582582,74.92492492492492,-0.9009009009008917,-1.2012012012011963,18.76876876876877,74.62462462462463,pred_cba0fa37_a43bc1b8
2a54c1a4b7121eda3e28,CiteSeer,GraphEraser,42,,GIN,gt_full,./selectors/gt_full_gin.yaml,5aff7d08d539f2f9a7d85c02b20f85aa94f0ca8ee15ecdf429d8c35fbf12f9ac,sel_c7511678_07ee8091,pred_a7b94321_e3e1f6ea,75.82582582582582,74.92492492492492,-0.9009009009008917,-1.9519519519519468,19.51951951951952,73.87387387387388,pred_c4f477ee_13b3ad74
65f952785103b2141ea8,CiteSeer,GraphEraser,42,,baseline,degree,degree.yaml,5aff7d08d539f2f9a7d85c02b20f85aa94f0ca8ee15ecdf429d8c35fbf12f9ac,sel_abe5882c_46b01259,pred_f0583d23_7cbcd31a,75.67567567567568,74.92492492492492,-0.7507507507507505,-1.0510510510510551,19.96996996996997,74.62462462462463,pred_7395d9a9_6949ffe5
95f05bdc1652a7588c5b,CiteSeer,GraphRevoker,42,,GCN,r_point,r_point.yaml,5aff7d08d539f2f9a7d85c02b20f85aa94f0ca8ee15ecdf429d8c35fbf12f9ac,sel_256f24cd_3c5999d3,pred_d52e698f_26b6e15b,72.67267267267268,72.52252252252252,-0.15015015015015232,1.9519519519519468,22.07207207207207,74.62462462462463,pred_fe5e6c07_18f00a4c
e346ab8919911969868f,CiteSeer,GraphRevoker,42,,GCN,gt_full,gt_full.yaml,5aff7d08d539f2f9a7d85c02b20f85aa94f0ca8ee15ecdf429d8c35fbf12f9ac,sel_0bf2e12d_d8148270,pred_be6fd3ec_9ceebb2e,71.47147147147147,72.52252252252252,1.0510510510510551,1.8018018018018056,23.273273273273272,73.27327327327328,pred_33a3ac91_8b85320f
ef2df0fe82bfc2aebfc2,CiteSeer,GraphRevoker,42,,SGC,r_point,./selectors/r_point_sgc.yaml,5aff7d08d539f2f9a7d85c02b20f85aa94f0ca8ee15ecdf429d8c35fbf12f9ac,sel_adc78ed8_9661baf4,pred_9ea9a4ab_ab42f895,73.12312312312312,72.52252252252252,-0.6006006006005982,1.501501501501501,21.17117117117117,74.62462462462463,pred_6d1c7422_c68aac8f
cfd5e91d68edac22d77a,CiteSeer,GraphRevoker,42,,SGC,gt_full,./selectors/gt_full_sgc.yaml,5aff7d08d539f2f9a7d85c02b20f85aa94f0ca8ee15ecdf429d8c35fbf12f9ac,sel_9f5bca2d_c8c3a6ee,pred_8fa7cc8f_0022b0d3,72.97297297297297,72.52252252252252,-0.45045045045044585,1.2012012012012074,22.52252252252252,74.17417417417418,pred_9e943c92_43318982
0c4524da01e40f01a5fc,CiteSeer,GraphRevoker,42,,GAT,r_point,./selectors/r_point_gat.yaml,5aff7d08d539f2f9a7d85c02b20f85aa94f0ca8ee15ecdf429d8c35fbf12f9ac,sel_856c62e0_1ca61234,pred_b7f73058_b7d88eb2,72.97297297297297,72.52252252252252,-0.45045045045044585,3.7537537537537524,18.61861861861862,76.72672672672672,pred_75412b33_82af7ac9
ceeb8afb60007a34531d,CiteSeer,GraphRevoker,42,,GAT,gt_full,./selectors/gt_full_gat.yaml,5aff7d08d539f2f9a7d85c02b20f85aa94f0ca8ee15ecdf429d8c35fbf12f9ac,sel_688222c7_2ad73d87,pred_f681c25a_17554b62,72.67267267267268,72.52252252252252,-0.15015015015015232,4.354354354354351,19.21921921921922,77.02702702702703,pred_663d15b6_76106cfa
bc42d9e00b31dfa00240,CiteSeer,GraphRevoker,42,,GIN,r_point,./selectors/r_point_gin.yaml,5aff7d08d539f2f9a7d85c02b20f85aa94f0ca8ee15ecdf429d8c35fbf12f9ac,sel_c3e98649_dbb6c57c,pred_717b024a_d44bdb44,73.72372372372372,72.52252252252252,-1.2012012012011963,0.9009009009009028,21.32132132132132,74.62462462462463,pred_cba0fa37_a43bc1b8
bdccc037ab0a6ba3f218,CiteSeer,GraphRevoker,42,,GIN,gt_full,./selectors/gt_full_gin.yaml,5aff7d08d539f2f9a7d85c02b20f85aa94f0ca8ee15ecdf429d8c35fbf12f9ac,sel_c7511678_07ee8091,pred_4fc92106_c08a0a77,72.37237237237237,72.52252252252252,0.15015015015015232,1.501501501501501,20.87087087087087,73.87387387387388,pred_c4f477ee_13b3ad74
3951d11fbc33fd5c5c94,CiteSeer,GraphRevoker,42,,baseline,degree,degree.yaml,5aff7d08d539f2f9a7d85c02b20f85aa94f0ca8ee15ecdf429d8c35fbf12f9ac,sel_abe5882c_46b01259,pred_e4ed6df2_fc68375c,72.52252252252252,72.52252252252252,0.0,2.102102102102099,21.02102102102102,74.62462462462463,pred_7395d9a9_6949ffe5
c6cd8b6487058fbc9102,CiteSeer,Retrain,42,,GCN,r_point,r_point.yaml,5aff7d08d539f2f9a7d85c02b20f85aa94f0ca8ee15ecdf429d8c35fbf12f9ac,sel_256f24cd_3c5999d3,pred_fe5e6c07_18f00a4c,74.62462462462463,,,,,,
225b5a9d6998e9bb25df,CiteSeer,Retrain,42,,GCN,gt_full,gt_full.yaml,5aff7d08d539f2f9a7d85c02b20f85aa94f0ca8ee15ecdf429d8c35fbf12f9ac,sel_0bf2e12d_d8148270,pred_33a3ac91_8b85320f,73.27327327327328,,,,,,
46f937d2f7ce2f0eb736,CiteSeer,Retrain,42,,SGC,r_point,./selectors/r_point_sgc.yaml,5aff7d08d539f2f9a7d85c02b20f85aa94f0ca8ee15ecdf429d8c35fbf12f9ac,sel_adc78ed8_9661baf4,pred_6d1c7422_c68aac8f,74.62462462462463,,,,,,
35daaf722bfa6ee04475,CiteSeer,Retrain,42,,SGC,gt_full,./selectors/gt_full_sgc.yaml,5aff7d08d539f2f9a7d85c02b20f85aa94f0ca8ee15ecdf429d8c35fbf12f9ac,sel_9f5bca2d_c8c3a6ee,pred_9e943c92_43318982,74.17417417417418,,,,,,
568256229ffac62df710,CiteSeer,Retrain,42,,GAT,r_point,./selectors/r_point_gat.yaml,5aff7d08d539f2f9a7d85c02b20f85aa94f0ca8ee15ecdf429d8c35fbf12f9ac,sel_856c62e0_1ca61234,pred_75412b33_82af7ac9,76.72672672672672,,,,,,
c46ea4a10f266a9c1169,CiteSeer,Retrain,42,,GAT,gt_full,./selectors/gt_full_gat.yaml,5aff7d08d539f2f9a7d85c02b20f85aa94f0ca8ee15ecdf429d8c35fbf12f9ac,sel_688222c7_2ad73d87,pred_663d15b6_76106cfa,77.02702702702703,,,,,,
36edfce7dc95bfe89811,CiteSeer,Retrain,42,,GIN,r_point,./selectors/r_point_gin.yaml,5aff7d08d539f2f9a7d85c02b20f85aa94f0ca8ee15ecdf429d8c35fbf12f9ac,sel_c3e98649_dbb6c57c,pred_cba0fa37_a43bc1b8,74.62462462462463,,,,,,
a04edb088a95e43dbcb0,CiteSeer,Retrain,42,,GIN,gt_full,./selectors/gt_full_gin.yaml,5aff7d08d539f2f9a7d85c02b20f85aa94f0ca8ee15ecdf429d8c35fbf12f9ac,sel_c7511678_07ee8091,pred_c4f477ee_13b3ad74,73.87387387387388,,,,,,
db540529c6750037334e,CiteSeer,Retrain,42,,baseline,degree,degree.yaml,5aff7d08d539f2f9a7d85c02b20f85aa94f0ca8ee15ecdf429d8c35fbf12f9ac,sel_abe5882c_46b01259,pred_7395d9a9_6949ffe5,74.62462462462463,,,,,,
fe0174b44da0762bc8e5,CiteSeer,GNNDelete,42,11.0,baseline,random,random.yaml,5aff7d08d539f2f9a7d85c02b20f85aa94f0ca8ee15ecdf429d8c35fbf12f9ac,sel_2f4a5407_8ac4d2ce,pred_1b329a17_c3f7062f,75.67567567567568,74.47447447447448,-1.2012012012012074,-0.15015015015015232,7.5075075075075075,75.52552552552552,pred_59a997aa_f4d0cd9c
45edab1692d58634c6a1,CiteSeer,GIF,42,11.0,baseline,random,random.yaml,5aff7d08d539f2f9a7d85c02b20f85aa94f0ca8ee15ecdf429d8c35fbf12f9ac,sel_2f4a5407_8ac4d2ce,pred_9333cccb_43c6bb80,74.47447447447448,74.47447447447448,0.0,1.0510510510510551,4.804804804804805,75.52552552552552,pred_59a997aa_f4d0cd9c
c2f1788d44fcbe206aff,CiteSeer,IDEA,42,11.0,baseline,random,random.yaml,5aff7d08d539f2f9a7d85c02b20f85aa94f0ca8ee15ecdf429d8c35fbf12f9ac,sel_2f4a5407_8ac4d2ce,pred_1e1622df_babb47ac,74.47447447447448,74.47447447447448,0.0,1.0510510510510551,4.804804804804805,75.52552552552552,pred_59a997aa_f4d0cd9c
8c789817213dc8f6585f,CiteSeer,MEGU,42,11.0,baseline,random,random.yaml,5aff7d08d539f2f9a7d85c02b20f85aa94f0ca8ee15ecdf429d8c35fbf12f9ac,sel_2f4a5407_8ac4d2ce,pred_314b59ee_9d7ff8a8,73.42342342342343,74.47447447447448,1.051051051051044,2.102102102102099,6.456456456456457,75.52552552552552,pred_59a997aa_f4d0cd9c
a1d92585316f163b493e,CiteSeer,GraphEraser,42,11.0,baseline,random,random.yaml,5aff7d08d539f2f9a7d85c02b20f85aa94f0ca8ee15ecdf429d8c35fbf12f9ac,sel_2f4a5407_8ac4d2ce,pred_f4a40ad7_b0ec0c40,75.52552552552552,74.92492492492492,-0.6006006006005982,0.0,17.71771771771772,75.52552552552552,pred_59a997aa_f4d0cd9c
8f794eb484e90233a13f,CiteSeer,GraphRevoker,42,11.0,baseline,random,random.yaml,5aff7d08d539f2f9a7d85c02b20f85aa94f0ca8ee15ecdf429d8c35fbf12f9ac,sel_2f4a5407_8ac4d2ce,pred_1c37e89f_e73abcea,72.37237237237237,72.52252252252252,0.15015015015015232,3.1531531531531543,20.57057057057057,75.52552552552552,pred_59a997aa_f4d0cd9c
56e091d1b0cb18b96afd,CiteSeer,Retrain,42,11.0,baseline,random,random.yaml,5aff7d08d539f2f9a7d85c02b20f85aa94f0ca8ee15ecdf429d8c35fbf12f9ac,sel_2f4a5407_8ac4d2ce,pred_59a997aa_f4d0cd9c,75.52552552552552,,,,,,
84c6304d5f651980928b,CiteSeer,GNNDelete,42,22.0,baseline,random,random.yaml,5aff7d08d539f2f9a7d85c02b20f85aa94f0ca8ee15ecdf429d8c35fbf12f9ac,sel_ba7995bb_4f2b91bf,pred_6a01dbd5_fbc369b7,75.37537537537537,74.47447447447448,-0.9009009009009028,-0.9009009009009028,6.606606606606606,74.47447447447448,pred_aaadfc9d_cdc0659d
a8d1400ab8b98635c8ad,CiteSeer,GIF,42,22.0,baseline,random,random.yaml,5aff7d08d539f2f9a7d85c02b20f85aa94f0ca8ee15ecdf429d8c35fbf12f9ac,sel_ba7995bb_4f2b91bf,pred_d2aec548_90545676,74.32432432432432,74.47447447447448,0.15015015015015232,0.15015015015015232,4.504504504504505,74.47447447447448,pred_aaadfc9d_cdc0659d
b3a80e90a179600c57d9,CiteSeer,IDEA,42,22.0,baseline,random,random.yaml,5aff7d08d539f2f9a7d85c02b20f85aa94f0ca8ee15ecdf429d8c35fbf12f9ac,sel_ba7995bb_4f2b91bf,pred_23ab0f4d_78fbda50,74.32432432432432,74.47447447447448,0.15015015015015232,0.15015015015015232,4.504504504504505,74.47447447447448,pred_aaadfc9d_cdc0659d
a4cd40c0bd92110eb142,CiteSeer,MEGU,42,22.0,baseline,random,random.yaml,5aff7d08d539f2f9a7d85c02b20f85aa94f0ca8ee15ecdf429d8c35fbf12f9ac,sel_ba7995bb_4f2b91bf,pred_bb9396f5_639a1947,74.17417417417418,74.47447447447448,0.30030030030029353,0.30030030030029353,4.954954954954955,74.47447447447448,pred_aaadfc9d_cdc0659d
9fc48e971b0895027f9f,CiteSeer,GraphEraser,42,22.0,baseline,random,random.yaml,5aff7d08d539f2f9a7d85c02b20f85aa94f0ca8ee15ecdf429d8c35fbf12f9ac,sel_ba7995bb_4f2b91bf,pred_2b482f93_c68ccf11,73.57357357357357,74.92492492492492,1.3513513513513598,0.9009009009009028,19.51951951951952,74.47447447447448,pred_aaadfc9d_cdc0659d
71f0cec64667807c5076,CiteSeer,GraphRevoker,42,22.0,baseline,random,random.yaml,5aff7d08d539f2f9a7d85c02b20f85aa94f0ca8ee15ecdf429d8c35fbf12f9ac,sel_ba7995bb_4f2b91bf,pred_c04addf3_237b1199,73.12312312312312,72.52252252252252,-0.6006006006005982,1.3513513513513487,20.72072072072072,74.47447447447448,pred_aaadfc9d_cdc0659d
5bd65f70e3484e67af76,CiteSeer,Retrain,42,22.0,baseline,random,random.yaml,5aff7d08d539f2f9a7d85c02b20f85aa94f0ca8ee15ecdf429d8c35fbf12f9ac,sel_ba7995bb_4f2b91bf,pred_aaadfc9d_cdc0659d,74.47447447447448,,,,,,
d78e298a98ea6f6fd5eb,CiteSeer,GNNDelete,42,33.0,baseline,random,random.yaml,5aff7d08d539f2f9a7d85c02b20f85aa94f0ca8ee15ecdf429d8c35fbf12f9ac,sel_99208ab9_93235d6c,pred_6cd39083_4095a38d,74.17417417417418,74.47447447447448,0.30030030030029353,1.8018018018017945,9.15915915915916,75.97597597597597,pred_3589299a_614982ff
2c6b94ac83ea9da7ad9a,CiteSeer,GIF,42,33.0,baseline,random,random.yaml,5aff7d08d539f2f9a7d85c02b20f85aa94f0ca8ee15ecdf429d8c35fbf12f9ac,sel_99208ab9_93235d6c,pred_3579bc2d_fb5fcde5,74.47447447447448,74.47447447447448,0.0,1.501501501501501,3.7537537537537538,75.97597597597597,pred_3589299a_614982ff
3bcf3072702ea8f256ca,CiteSeer,IDEA,42,33.0,baseline,random,random.yaml,5aff7d08d539f2f9a7d85c02b20f85aa94f0ca8ee15ecdf429d8c35fbf12f9ac,sel_99208ab9_93235d6c,pred_a0bab108_cd01d5a1,74.47447447447448,74.47447447447448,0.0,1.501501501501501,3.7537537537537538,75.97597597597597,pred_3589299a_614982ff
bac8b654d4448589d9f5,CiteSeer,MEGU,42,33.0,baseline,random,random.yaml,5aff7d08d539f2f9a7d85c02b20f85aa94f0ca8ee15ecdf429d8c35fbf12f9ac,sel_99208ab9_93235d6c,pred_b6734ff4_b3b8bd64,74.02402402402403,74.47447447447448,0.45045045045044585,1.9519519519519468,4.804804804804805,75.97597597597597,pred_3589299a_614982ff
8d2381b65d8a4b020f97,CiteSeer,GraphEraser,42,33.0,baseline,random,random.yaml,5aff7d08d539f2f9a7d85c02b20f85aa94f0ca8ee15ecdf429d8c35fbf12f9ac,sel_99208ab9_93235d6c,pred_a9d61d8d_52cd1ed9,74.92492492492492,74.92492492492492,0.0,1.051051051051044,18.91891891891892,75.97597597597597,pred_3589299a_614982ff
580aed5ff2538ccc5c85,CiteSeer,GraphRevoker,42,33.0,baseline,random,random.yaml,5aff7d08d539f2f9a7d85c02b20f85aa94f0ca8ee15ecdf429d8c35fbf12f9ac,sel_99208ab9_93235d6c,pred_eed68196_ffc3ba81,72.37237237237237,72.52252252252252,0.15015015015015232,3.6036036036036,20.42042042042042,75.97597597597597,pred_3589299a_614982ff
55f8b4bc54e50935bd4e,CiteSeer,Retrain,42,33.0,baseline,random,random.yaml,5aff7d08d539f2f9a7d85c02b20f85aa94f0ca8ee15ecdf429d8c35fbf12f9ac,sel_99208ab9_93235d6c,pred_3589299a_614982ff,75.97597597597597,,,,,,
fac616e1258c2a4a0d96,CiteSeer,GNNDelete,212,,GCN,r_point,r_point.yaml,5aff7d08d539f2f9a7d85c02b20f85aa94f0ca8ee15ecdf429d8c35fbf12f9ac,sel_f0201860_8f35eb3c,pred_eaca5129_e6c1fb9c,75.67567567567568,75.22522522522522,-0.45045045045045695,-1.501501501501501,8.558558558558559,74.17417417417418,pred_2eb98f84_b13e1e29
2ffcf5b0566644b5f854,CiteSeer,GNNDelete,212,,GCN,gt_full,gt_full.yaml,5aff7d08d539f2f9a7d85c02b20f85aa94f0ca8ee15ecdf429d8c35fbf12f9ac,sel_b0cbd6dd_7af765fd,pred_e966cd4d_dc0d9c4f,75.82582582582582,75.22522522522522,-0.6006006006005982,-0.9009009009008917,9.30930930930931,74.92492492492492,pred_330f6db1_90166151
cd3807dddb9b29fbc85c,CiteSeer,GNNDelete,212,,SGC,r_point,./selectors/r_point_sgc.yaml,5aff7d08d539f2f9a7d85c02b20f85aa94f0ca8ee15ecdf429d8c35fbf12f9ac,sel_68fbd8c4_9240d43e,pred_dbf5c23d_30c161f6,75.37537537537537,75.22522522522522,-0.15015015015015232,-0.15015015015015232,9.00900900900901,75.22522522522522,pred_bbeb3420_c83945f7
c49db502e799ce201c13,CiteSeer,GNNDelete,212,,SGC,gt_full,./selectors/gt_full_sgc.yaml,5aff7d08d539f2f9a7d85c02b20f85aa94f0ca8ee15ecdf429d8c35fbf12f9ac,sel_aff7364f_6dbf02fb,pred_386c2049_31e0759d,75.07507507507508,75.22522522522522,0.15015015015015232,0.0,8.108108108108109,75.07507507507508,pred_72fb54b8_e91c40fe
2239c5517be6a26581a7,CiteSeer,GNNDelete,212,,GAT,r_point,./selectors/r_point_gat.yaml,5aff7d08d539f2f9a7d85c02b20f85aa94f0ca8ee15ecdf429d8c35fbf12f9ac,sel_3849670c_8478cc5d,pred_6a5cd06a_edb72ecc,75.22522522522522,75.22522522522522,0.0,0.30030030030030463,10.06006006006006,75.52552552552552,pred_49514ceb_cba2718c
de6261771a8185042014,CiteSeer,GNNDelete,212,,GAT,gt_full,./selectors/gt_full_gat.yaml,5aff7d08d539f2f9a7d85c02b20f85aa94f0ca8ee15ecdf429d8c35fbf12f9ac,sel_3fc33e67_a9ebb1ae,pred_1350305e_843dda01,75.07507507507508,75.22522522522522,0.15015015015015232,1.501501501501501,9.90990990990991,76.57657657657657,pred_2a10640b_a445097c
93c8b55a62d640799d3c,CiteSeer,GNNDelete,212,,GIN,r_point,./selectors/r_point_gin.yaml,5aff7d08d539f2f9a7d85c02b20f85aa94f0ca8ee15ecdf429d8c35fbf12f9ac,sel_516c30fc_4d716a3a,pred_46fd96e5_24e1e482,74.92492492492492,75.22522522522522,0.30030030030029353,0.0,8.408408408408409,74.92492492492492,pred_a2ccb1c2_8c0f97eb
d2b6ca6ec06e112b0d19,CiteSeer,GNNDelete,212,,GIN,gt_full,./selectors/gt_full_gin.yaml,5aff7d08d539f2f9a7d85c02b20f85aa94f0ca8ee15ecdf429d8c35fbf12f9ac,sel_8a49c067_c6960c97,pred_82409fa4_33f05db2,75.67567567567568,75.22522522522522,-0.45045045045045695,-0.45045045045045695,9.75975975975976,75.22522522522522,pred_e14d8df0_a24993fc
89c22ca9501595f76c94,CiteSeer,GNNDelete,212,,baseline,degree,degree.yaml,5aff7d08d539f2f9a7d85c02b20f85aa94f0ca8ee15ecdf429d8c35fbf12f9ac,sel_abe5882c_46b01259,pred_6fd6869c_570ddf98,75.82582582582582,75.22522522522522,-0.6006006006005982,-1.051051051051044,8.708708708708707,74.77477477477478,pred_b0b55314_c82077e4
5a12b4f18d23b646f031,CiteSeer,GIF,212,,GCN,r_point,r_point.yaml,5aff7d08d539f2f9a7d85c02b20f85aa94f0ca8ee15ecdf429d8c35fbf12f9ac,sel_f0201860_8f35eb3c,pred_5cae56cc_32efe3cc,75.07507507507508,75.22522522522522,0.15015015015015232,-0.9009009009008917,7.3573573573573565,74.17417417417418,pred_2eb98f84_b13e1e29
8a31ae5a808290fab367,CiteSeer,GIF,212,,GCN,gt_full,gt_full.yaml,5aff7d08d539f2f9a7d85c02b20f85aa94f0ca8ee15ecdf429d8c35fbf12f9ac,sel_b0cbd6dd_7af765fd,pred_6be2ba93_c8ac002e,74.92492492492492,75.22522522522522,0.30030030030029353,0.0,5.7057057057057055,74.92492492492492,pred_330f6db1_90166151
002649c2225aecc7e99a,CiteSeer,GIF,212,,SGC,r_point,./selectors/r_point_sgc.yaml,5aff7d08d539f2f9a7d85c02b20f85aa94f0ca8ee15ecdf429d8c35fbf12f9ac,sel_68fbd8c4_9240d43e,pred_56355749_7a2bfd6c,75.22522522522522,75.22522522522522,0.0,0.0,3.303303303303303,75.22522522522522,pred_bbeb3420_c83945f7
47b1c766187e62e7cc06,CiteSeer,GIF,212,,SGC,gt_full,./selectors/gt_full_sgc.yaml,5aff7d08d539f2f9a7d85c02b20f85aa94f0ca8ee15ecdf429d8c35fbf12f9ac,sel_aff7364f_6dbf02fb,pred_bcc08757_14b582fe,75.37537537537537,75.22522522522522,-0.15015015015015232,-0.30030030030030463,3.903903903903904,75.07507507507508,pred_72fb54b8_e91c40fe
783fb23141ed5e851bfe,CiteSeer,GIF,212,,GAT,r_point,./selectors/r_point_gat.yaml,5aff7d08d539f2f9a7d85c02b20f85aa94f0ca8ee15ecdf429d8c35fbf12f9ac,sel_3849670c_8478cc5d,pred_a1b3a1b1_b75d28a9,75.97597597597597,75.22522522522522,-0.7507507507507505,-0.45045045045044585,7.807807807807808,75.52552552552552,pred_49514ceb_cba2718c
46bee9e6393087887f77,CiteSeer,GIF,212,,GAT,gt_full,./selectors/gt_full_gat.yaml,5aff7d08d539f2f9a7d85c02b20f85aa94f0ca8ee15ecdf429d8c35fbf12f9ac,sel_3fc33e67_a9ebb1ae,pred_0e0508b9_2d6eacf5,75.82582582582582,75.22522522522522,-0.6006006006005982,0.7507507507507505,5.555555555555555,76.57657657657657,pred_2a10640b_a445097c
1ca5ebd401e4171fb111,CiteSeer,GIF,212,,GIN,r_point,./selectors/r_point_gin.yaml,5aff7d08d539f2f9a7d85c02b20f85aa94f0ca8ee15ecdf429d8c35fbf12f9ac,sel_516c30fc_4d716a3a,pred_bb5c24f4_0b17f96d,75.07507507507508,75.22522522522522,0.15015015015015232,-0.15015015015014122,4.654654654654655,74.92492492492492,pred_a2ccb1c2_8c0f97eb
711d9a8f6bedbe0ceb44,CiteSeer,GIF,212,,GIN,gt_full,./selectors/gt_full_gin.yaml,5aff7d08d539f2f9a7d85c02b20f85aa94f0ca8ee15ecdf429d8c35fbf12f9ac,sel_8a49c067_c6960c97,pred_2334501a_fe9639fc,75.37537537537537,75.22522522522522,-0.15015015015015232,-0.15015015015015232,5.105105105105105,75.22522522522522,pred_e14d8df0_a24993fc
a2778769ac3ae603a0c1,CiteSeer,GIF,212,,baseline,degree,degree.yaml,5aff7d08d539f2f9a7d85c02b20f85aa94f0ca8ee15ecdf429d8c35fbf12f9ac,sel_abe5882c_46b01259,pred_644da867_68e63d92,74.77477477477478,75.22522522522522,0.45045045045044585,0.0,4.654654654654655,74.77477477477478,pred_b0b55314_c82077e4
1ed63c43bf08144e1f0a,CiteSeer,IDEA,212,,GCN,r_point,r_point.yaml,5aff7d08d539f2f9a7d85c02b20f85aa94f0ca8ee15ecdf429d8c35fbf12f9ac,sel_f0201860_8f35eb3c,pred_20821908_c57e79cb,75.07507507507508,75.22522522522522,0.15015015015015232,-0.9009009009008917,7.3573573573573565,74.17417417417418,pred_2eb98f84_b13e1e29
a543df9e9f0d88c6489b,CiteSeer,IDEA,212,,GCN,gt_full,gt_full.yaml,5aff7d08d539f2f9a7d85c02b20f85aa94f0ca8ee15ecdf429d8c35fbf12f9ac,sel_b0cbd6dd_7af765fd,pred_f530781a_8bede002,74.92492492492492,75.22522522522522,0.30030030030029353,0.0,5.7057057057057055,74.92492492492492,pred_330f6db1_90166151
9566259d60ec533aa6cc,CiteSeer,IDEA,212,,SGC,r_point,./selectors/r_point_sgc.yaml,5aff7d08d539f2f9a7d85c02b20f85aa94f0ca8ee15ecdf429d8c35fbf12f9ac,sel_68fbd8c4_9240d43e,pred_e3b6b44e_c2e08f43,75.22522522522522,75.22522522522522,0.0,0.0,3.303303303303303,75.22522522522522,pred_bbeb3420_c83945f7
d72eab0472a9ad83b110,CiteSeer,IDEA,212,,SGC,gt_full,./selectors/gt_full_sgc.yaml,5aff7d08d539f2f9a7d85c02b20f85aa94f0ca8ee15ecdf429d8c35fbf12f9ac,sel_aff7364f_6dbf02fb,pred_16197448_45b3ce4a,75.37537537537537,75.22522522522522,-0.15015015015015232,-0.30030030030030463,3.903903903903904,75.07507507507508,pred_72fb54b8_e91c40fe
f168b18881de21f64c0c,CiteSeer,IDEA,212,,GAT,r_point,./selectors/r_point_gat.yaml,5aff7d08d539f2f9a7d85c02b20f85aa94f0ca8ee15ecdf429d8c35fbf12f9ac,sel_3849670c_8478cc5d,pred_baf5e65b_384533cc,75.97597597597597,75.22522522522522,-0.7507507507507505,-0.45045045045044585,7.807807807807808,75.52552552552552,pred_49514ceb_cba2718c
c17810eccfca0f7a110f,CiteSeer,IDEA,212,,GAT,gt_full,./selectors/gt_full_gat.yaml,5aff7d08d539f2f9a7d85c02b20f85aa94f0ca8ee15ecdf429d8c35fbf12f9ac,sel_3fc33e67_a9ebb1ae,pred_1830dedb_f8bedc71,75.82582582582582,75.22522522522522,-0.6006006006005982,0.7507507507507505,5.555555555555555,76.57657657657657,pred_2a10640b_a445097c
c42e5f88e409fb13eb13,CiteSeer,IDEA,212,,GIN,r_point,./selectors/r_point_gin.yaml,5aff7d08d539f2f9a7d85c02b20f85aa94f0ca8ee15ecdf429d8c35fbf12f9ac,sel_516c30fc_4d716a3a,pred_8ec91141_7e74755c,75.07507507507508,75.22522522522522,0.15015015015015232,-0.15015015015014122,4.654654654654655,74.92492492492492,pred_a2ccb1c2_8c0f97eb
85ae3d00a138c4438766,CiteSeer,IDEA,212,,GIN,gt_full,./selectors/gt_full_gin.yaml,5aff7d08d539f2f9a7d85c02b20f85aa94f0ca8ee15ecdf429d8c35fbf12f9ac,sel_8a49c067_c6960c97,pred_8b485fc4_47557285,75.37537537537537,75.22522522522522,-0.15015015015015232,-0.15015015015015232,5.105105105105105,75.22522522522522,pred_e14d8df0_a24993fc
c0bd29b1c70368821511,CiteSeer,IDEA,212,,baseline,degree,degree.yaml,5aff7d08d539f2f9a7d85c02b20f85aa94f0ca8ee15ecdf429d8c35fbf12f9ac,sel_abe5882c_46b01259,pred_d2639387_4bae1d47,74.77477477477478,75.22522522522522,0.45045045045044585,0.0,4.654654654654655,74.77477477477478,pred_b0b55314_c82077e4
c5d7255e5ec202a81001,CiteSeer,MEGU,212,,GCN,r_point,r_point.yaml,5aff7d08d539f2f9a7d85c02b20f85aa94f0ca8ee15ecdf429d8c35fbf12f9ac,sel_f0201860_8f35eb3c,pred_46d23bd7_f13811c4,73.12312312312312,75.22522522522522,2.102102102102099,1.0510510510510551,9.45945945945946,74.17417417417418,pred_2eb98f84_b13e1e29
7f170ea82f53f56f117c,CiteSeer,MEGU,212,,GCN,gt_full,gt_full.yaml,5aff7d08d539f2f9a7d85c02b20f85aa94f0ca8ee15ecdf429d8c35fbf12f9ac,sel_b0cbd6dd_7af765fd,pred_314d08b9_5037c719,73.12312312312312,75.22522522522522,2.102102102102099,1.8018018018018056,8.558558558558559,74.92492492492492,pred_330f6db1_90166151
8d27b7cbd88088ab187f,CiteSeer,MEGU,212,,SGC,r_point,./selectors/r_point_sgc.yaml,5aff7d08d539f2f9a7d85c02b20f85aa94f0ca8ee15ecdf429d8c35fbf12f9ac,sel_68fbd8c4_9240d43e,pred_7b646a03_22d2f3be,74.02402402402403,75.22522522522522,1.2012012012011963,1.2012012012011963,7.3573573573573565,75.22522522522522,pred_bbeb3420_c83945f7
e3e0124e53df8608b0e9,CiteSeer,MEGU,212,,SGC,gt_full,./selectors/gt_full_sgc.yaml,5aff7d08d539f2f9a7d85c02b20f85aa94f0ca8ee15ecdf429d8c35fbf12f9ac,sel_aff7364f_6dbf02fb,pred_9e2accf2_549ee4f6,73.87387387387388,75.22522522522522,1.3513513513513487,1.2012012012011963,7.957957957957958,75.07507507507508,pred_72fb54b8_e91c40fe
8a13c43ba70925009f75,CiteSeer,MEGU,212,,GAT,r_point,./selectors/r_point_gat.yaml,5aff7d08d539f2f9a7d85c02b20f85aa94f0ca8ee15ecdf429d8c35fbf12f9ac,sel_3849670c_8478cc5d,pred_8c42d640_b95b8469,73.87387387387388,75.22522522522522,1.3513513513513487,1.6516516516516533,9.45945945945946,75.52552552552552,pred_49514ceb_cba2718c
8e77bb41eb5be4255a8e,CiteSeer,MEGU,212,,GAT,gt_full,./selectors/gt_full_gat.yaml,5aff7d08d539f2f9a7d85c02b20f85aa94f0ca8ee15ecdf429d8c35fbf12f9ac,sel_3fc33e67_a9ebb1ae,pred_fcbff0ce_1f006f2e,73.42342342342343,75.22522522522522,1.8018018018017945,3.153153153153143,8.85885885885886,76.57657657657657,pred_2a10640b_a445097c
0e4b4afb84232a1be06e,CiteSeer,MEGU,212,,GIN,r_point,./selectors/r_point_gin.yaml,5aff7d08d539f2f9a7d85c02b20f85aa94f0ca8ee15ecdf429d8c35fbf12f9ac,sel_516c30fc_4d716a3a,pred_f7007528_5c9dd67f,72.97297297297297,75.22522522522522,2.2522522522522515,1.951951951951958,6.906906906906906,74.92492492492492,pred_a2ccb1c2_8c0f97eb
3f3c2356e950239b8cd1,CiteSeer,MEGU,212,,GIN,gt_full,./selectors/gt_full_gin.yaml,5aff7d08d539f2f9a7d85c02b20f85aa94f0ca8ee15ecdf429d8c35fbf12f9ac,sel_8a49c067_c6960c97,pred_e116a5ff_08562f8a,73.27327327327328,75.22522522522522,1.9519519519519468,1.9519519519519468,7.207207207207207,75.22522522522522,pred_e14d8df0_a24993fc
14477752b4c7ba293409,CiteSeer,MEGU,212,,baseline,degree,degree.yaml,5aff7d08d539f2f9a7d85c02b20f85aa94f0ca8ee15ecdf429d8c35fbf12f9ac,sel_abe5882c_46b01259,pred_e996ffd0_c15fe5e0,74.17417417417418,75.22522522522522,1.051051051051044,0.6006006006005982,6.306306306306306,74.77477477477478,pred_b0b55314_c82077e4
8436065481e65f32b907,CiteSeer,GraphEraser,212,,GCN,r_point,r_point.yaml,5aff7d08d539f2f9a7d85c02b20f85aa94f0ca8ee15ecdf429d8c35fbf12f9ac,sel_f0201860_8f35eb3c,pred_3cbb6d26_8ef966ef,75.97597597597597,74.92492492492492,-1.051051051051044,-1.8018018018017945,18.61861861861862,74.17417417417418,pred_2eb98f84_b13e1e29
a3caa3c02fc4ffc561ae,CiteSeer,GraphEraser,212,,GCN,gt_full,gt_full.yaml,5aff7d08d539f2f9a7d85c02b20f85aa94f0ca8ee15ecdf429d8c35fbf12f9ac,sel_b0cbd6dd_7af765fd,pred_9e0986d0_2f0a4bd9,74.62462462462463,74.92492492492492,0.30030030030030463,0.30030030030030463,20.72072072072072,74.92492492492492,pred_330f6db1_90166151
38ca36e5d938c991d480,CiteSeer,GraphEraser,212,,SGC,r_point,./selectors/r_point_sgc.yaml,5aff7d08d539f2f9a7d85c02b20f85aa94f0ca8ee15ecdf429d8c35fbf12f9ac,sel_68fbd8c4_9240d43e,pred_d0889b97_18f7387d,74.02402402402403,74.92492492492492,0.9009009009009028,1.2012012012011963,19.21921921921922,75.22522522522522,pred_bbeb3420_c83945f7
a78cc63e28d7e7900ce9,CiteSeer,GraphEraser,212,,SGC,gt_full,./selectors/gt_full_sgc.yaml,5aff7d08d539f2f9a7d85c02b20f85aa94f0ca8ee15ecdf429d8c35fbf12f9ac,sel_aff7364f_6dbf02fb,pred_4c810bf8_6bee3432,74.17417417417418,74.92492492492492,0.7507507507507505,0.9009009009008917,19.21921921921922,75.07507507507508,pred_72fb54b8_e91c40fe
ab6d3e4de865ec2caa99,CiteSeer,GraphEraser,212,,GAT,r_point,./selectors/r_point_gat.yaml,5aff7d08d539f2f9a7d85c02b20f85aa94f0ca8ee15ecdf429d8c35fbf12f9ac,sel_3849670c_8478cc5d,pred_79baddea_ba9d346e,75.37537537537537,74.92492492492492,-0.45045045045044585,0.15015015015015232,17.117117117117118,75.52552552552552,pred_49514ceb_cba2718c
bf16b64d8194c4b9d972,CiteSeer,GraphEraser,212,,GAT,gt_full,./selectors/gt_full_gat.yaml,5aff7d08d539f2f9a7d85c02b20f85aa94f0ca8ee15ecdf429d8c35fbf12f9ac,sel_3fc33e67_a9ebb1ae,pred_e90a835c_e669db9b,74.62462462462463,74.92492492492492,0.30030030030030463,1.9519519519519468,17.56756756756757,76.57657657657657,pred_2a10640b_a445097c
687589bf48be2758ed79,CiteSeer,GraphEraser,212,,GIN,r_point,./selectors/r_point_gin.yaml,5aff7d08d539f2f9a7d85c02b20f85aa94f0ca8ee15ecdf429d8c35fbf12f9ac,sel_516c30fc_4d716a3a,pred_11205c64_237bfe95,74.62462462462463,74.92492492492492,0.30030030030030463,0.30030030030030463,19.21921921921922,74.92492492492492,pred_a2ccb1c2_8c0f97eb
4627fc462220a2034d53,CiteSeer,GraphEraser,212,,GIN,gt_full,./selectors/gt_full_gin.yaml,5aff7d08d539f2f9a7d85c02b20f85aa94f0ca8ee15ecdf429d8c35fbf12f9ac,sel_8a49c067_c6960c97,pred_cb85440e_427982a4,74.77477477477478,74.92492492492492,0.15015015015015232,0.45045045045044585,20.72072072072072,75.22522522522522,pred_e14d8df0_a24993fc
966d15d1e55a3841e860,CiteSeer,GraphEraser,212,,baseline,degree,degree.yaml,5aff7d08d539f2f9a7d85c02b20f85aa94f0ca8ee15ecdf429d8c35fbf12f9ac,sel_abe5882c_46b01259,pred_110b328f_fb6efd84,74.92492492492492,74.92492492492492,0.0,-0.15015015015015232,18.76876876876877,74.77477477477478,pred_b0b55314_c82077e4
26dc05ccbdfec67c4648,CiteSeer,GraphRevoker,212,,GCN,r_point,r_point.yaml,5aff7d08d539f2f9a7d85c02b20f85aa94f0ca8ee15ecdf429d8c35fbf12f9ac,sel_f0201860_8f35eb3c,pred_b84a1b5c_7b642536,71.47147147147147,71.47147147147147,0.0,2.7027027027027084,23.273273273273272,74.17417417417418,pred_2eb98f84_b13e1e29
d293962f61bf4a1b31e6,CiteSeer,GraphRevoker,212,,GCN,gt_full,gt_full.yaml,5aff7d08d539f2f9a7d85c02b20f85aa94f0ca8ee15ecdf429d8c35fbf12f9ac,sel_b0cbd6dd_7af765fd,pred_36752891_6d51775d,71.62162162162163,71.47147147147147,-0.15015015015015232,3.3033033033033066,24.024024024024023,74.92492492492492,pred_330f6db1_90166151
f8e8dc16dc81c7267f52,CiteSeer,GraphRevoker,212,,SGC,r_point,./selectors/r_point_sgc.yaml,5aff7d08d539f2f9a7d85c02b20f85aa94f0ca8ee15ecdf429d8c35fbf12f9ac,sel_68fbd8c4_9240d43e,pred_bb322112_d3fe58f6,71.77177177177178,71.47147147147147,-0.30030030030030463,3.453453453453448,20.42042042042042,75.22522522522522,pred_bbeb3420_c83945f7
b4e51d84480e9d499207,CiteSeer,GraphRevoker,212,,SGC,gt_full,./selectors/gt_full_sgc.yaml,5aff7d08d539f2f9a7d85c02b20f85aa94f0ca8ee15ecdf429d8c35fbf12f9ac,sel_aff7364f_6dbf02fb,pred_da4c9d59_8ff99fc3,71.17117117117117,71.47147147147147,0.30030030030030463,3.9039039039039047,21.62162162162162,75.07507507507508,pred_72fb54b8_e91c40fe
5ca2467bf7df9fc17837,CiteSeer,GraphRevoker,212,,GAT,r_point,./selectors/r_point_gat.yaml,5aff7d08d539f2f9a7d85c02b20f85aa94f0ca8ee15ecdf429d8c35fbf12f9ac,sel_3849670c_8478cc5d,pred_5d17ab9c_fa26e9d0,72.22222222222221,71.47147147147147,-0.7507507507507505,3.3033033033033066,21.32132132132132,75.52552552552552,pred_49514ceb_cba2718c
55d5fb1bced9a3f115fe,CiteSeer,GraphRevoker,212,,GAT,gt_full,./selectors/gt_full_gat.yaml,5aff7d08d539f2f9a7d85c02b20f85aa94f0ca8ee15ecdf429d8c35fbf12f9ac,sel_3fc33e67_a9ebb1ae,pred_1f1785f0_254bb4ce,71.92192192192192,71.47147147147147,-0.45045045045045695,4.654654654654644,22.52252252252252,76.57657657657657,pred_2a10640b_a445097c
1e288aa4f6005a13c79d,CiteSeer,GraphRevoker,212,,GIN,r_point,./selectors/r_point_gin.yaml,5aff7d08d539f2f9a7d85c02b20f85aa94f0ca8ee15ecdf429d8c35fbf12f9ac,sel_516c30fc_4d716a3a,pred_f2fa13ec_9f58e324,71.32132132132132,71.47147147147147,0.15015015015015232,3.603603603603611,22.22222222222222,74.92492492492492,pred_a2ccb1c2_8c0f97eb
0cad6f5b851201be8847,CiteSeer,GraphRevoker,212,,GIN,gt_full,./selectors/gt_full_gin.yaml,5aff7d08d539f2f9a7d85c02b20f85aa94f0ca8ee15ecdf429d8c35fbf12f9ac,sel_8a49c067_c6960c97,pred_fd2fd46f_63b0da1c,72.22222222222221,71.47147147147147,-0.7507507507507505,3.003003003003002,22.67267267267267,75.22522522522522,pred_e14d8df0_a24993fc
9328272ce37e0b6e5d7b,CiteSeer,GraphRevoker,212,,baseline,degree,degree.yaml,5aff7d08d539f2f9a7d85c02b20f85aa94f0ca8ee15ecdf429d8c35fbf12f9ac,sel_abe5882c_46b01259,pred_63624eea_da297e6d,72.37237237237237,71.47147147147147,-0.9009009009009028,2.4024024024024038,20.87087087087087,74.77477477477478,pred_b0b55314_c82077e4
67cd6cae157aec0eee83,CiteSeer,Retrain,212,,GCN,r_point,r_point.yaml,5aff7d08d539f2f9a7d85c02b20f85aa94f0ca8ee15ecdf429d8c35fbf12f9ac,sel_f0201860_8f35eb3c,pred_2eb98f84_b13e1e29,74.17417417417418,,,,,,
d5fc2f052fe48ec0f9d5,CiteSeer,Retrain,212,,GCN,gt_full,gt_full.yaml,5aff7d08d539f2f9a7d85c02b20f85aa94f0ca8ee15ecdf429d8c35fbf12f9ac,sel_b0cbd6dd_7af765fd,pred_330f6db1_90166151,74.92492492492492,,,,,,
1fce8659ca0d4f7873a0,CiteSeer,Retrain,212,,SGC,r_point,./selectors/r_point_sgc.yaml,5aff7d08d539f2f9a7d85c02b20f85aa94f0ca8ee15ecdf429d8c35fbf12f9ac,sel_68fbd8c4_9240d43e,pred_bbeb3420_c83945f7,75.22522522522522,,,,,,
e20aaf3d172acc277c16,CiteSeer,Retrain,212,,SGC,gt_full,./selectors/gt_full_sgc.yaml,5aff7d08d539f2f9a7d85c02b20f85aa94f0ca8ee15ecdf429d8c35fbf12f9ac,sel_aff7364f_6dbf02fb,pred_72fb54b8_e91c40fe,75.07507507507508,,,,,,
8458f6037465512f2439,CiteSeer,Retrain,212,,GAT,r_point,./selectors/r_point_gat.yaml,5aff7d08d539f2f9a7d85c02b20f85aa94f0ca8ee15ecdf429d8c35fbf12f9ac,sel_3849670c_8478cc5d,pred_49514ceb_cba2718c,75.52552552552552,,,,,,
6b6be51f33326f7b139c,CiteSeer,Retrain,212,,GAT,gt_full,./selectors/gt_full_gat.yaml,5aff7d08d539f2f9a7d85c02b20f85aa94f0ca8ee15ecdf429d8c35fbf12f9ac,sel_3fc33e67_a9ebb1ae,pred_2a10640b_a445097c,76.57657657657657,,,,,,
91b8c67a4288e8465044,CiteSeer,Retrain,212,,GIN,r_point,./selectors/r_point_gin.yaml,5aff7d08d539f2f9a7d85c02b20f85aa94f0ca8ee15ecdf429d8c35fbf12f9ac,sel_516c30fc_4d716a3a,pred_a2ccb1c2_8c0f97eb,74.92492492492492,,,,,,
f7ff0faf2abbf48d2c40,CiteSeer,Retrain,212,,GIN,gt_full,./selectors/gt_full_gin.yaml,5aff7d08d539f2f9a7d85c02b20f85aa94f0ca8ee15ecdf429d8c35fbf12f9ac,sel_8a49c067_c6960c97,pred_e14d8df0_a24993fc,75.22522522522522,,,,,,
b532e1417b0151cb9596,CiteSeer,Retrain,212,,baseline,degree,degree.yaml,5aff7d08d539f2f9a7d85c02b20f85aa94f0ca8ee15ecdf429d8c35fbf12f9ac,sel_abe5882c_46b01259,pred_b0b55314_c82077e4,74.77477477477478,,,,,,
e5aef72bb7dcae2d3612,CiteSeer,GNNDelete,212,11.0,baseline,random,random.yaml,5aff7d08d539f2f9a7d85c02b20f85aa94f0ca8ee15ecdf429d8c35fbf12f9ac,sel_2f4a5407_8ac4d2ce,pred_17257702_27890015,76.27627627627628,75.22522522522522,-1.0510510510510551,-0.30030030030030463,6.456456456456457,75.97597597597597,pred_86a7ef98_eb45e0a0
c009ef2352a6e27f5257,CiteSeer,GIF,212,11.0,baseline,random,random.yaml,5aff7d08d539f2f9a7d85c02b20f85aa94f0ca8ee15ecdf429d8c35fbf12f9ac,sel_2f4a5407_8ac4d2ce,pred_ca28983f_f4ca154b,75.37537537537537,75.22522522522522,-0.15015015015015232,0.6006006006005982,4.054054054054054,75.97597597597597,pred_86a7ef98_eb45e0a0
fd658b0e4d29e057d71e,CiteSeer,IDEA,212,11.0,baseline,random,random.yaml,5aff7d08d539f2f9a7d85c02b20f85aa94f0ca8ee15ecdf429d8c35fbf12f9ac,sel_2f4a5407_8ac4d2ce,pred_dcbf5d50_1e4cfe8f,75.37537537537537,75.22522522522522,-0.15015015015015232,0.6006006006005982,4.054054054054054,75.97597597597597,pred_86a7ef98_eb45e0a0
71d95496cbb80f90b43a,CiteSeer,MEGU,212,11.0,baseline,random,random.yaml,5aff7d08d539f2f9a7d85c02b20f85aa94f0ca8ee15ecdf429d8c35fbf12f9ac,sel_2f4a5407_8ac4d2ce,pred_546f13cd_b96f04fb,73.57357357357357,75.22522522522522,1.6516516516516533,2.4024024024024038,6.606606606606606,75.97597597597597,pred_86a7ef98_eb45e0a0
99765497d2de15484888,CiteSeer,GraphEraser,212,11.0,baseline,random,random.yaml,5aff7d08d539f2f9a7d85c02b20f85aa94f0ca8ee15ecdf429d8c35fbf12f9ac,sel_2f4a5407_8ac4d2ce,pred_227ac578_fa876eea,74.47447447447448,74.92492492492492,0.45045045045045695,1.501501501501501,18.46846846846847,75.97597597597597,pred_86a7ef98_eb45e0a0
d8920fbc7900df1148b8,CiteSeer,GraphRevoker,212,11.0,baseline,random,random.yaml,5aff7d08d539f2f9a7d85c02b20f85aa94f0ca8ee15ecdf429d8c35fbf12f9ac,sel_2f4a5407_8ac4d2ce,pred_997e72b1_aa979044,72.52252252252252,71.47147147147147,-1.0510510510510551,3.453453453453448,20.87087087087087,75.97597597597597,pred_86a7ef98_eb45e0a0
5cd8f6581af921a0fec6,CiteSeer,Retrain,212,11.0,baseline,random,random.yaml,5aff7d08d539f2f9a7d85c02b20f85aa94f0ca8ee15ecdf429d8c35fbf12f9ac,sel_2f4a5407_8ac4d2ce,pred_86a7ef98_eb45e0a0,75.97597597597597,,,,,,
04064482483ccde54ee7,CiteSeer,GNNDelete,212,22.0,baseline,random,random.yaml,5aff7d08d539f2f9a7d85c02b20f85aa94f0ca8ee15ecdf429d8c35fbf12f9ac,sel_ba7995bb_4f2b91bf,pred_f5175e42_e9f2237f,75.37537537537537,75.22522522522522,-0.15015015015015232,-1.0510510510510551,8.85885885885886,74.32432432432432,pred_3514a6c3_88c59732
0714e89bd05b1bf886b1,CiteSeer,GIF,212,22.0,baseline,random,random.yaml,5aff7d08d539f2f9a7d85c02b20f85aa94f0ca8ee15ecdf429d8c35fbf12f9ac,sel_ba7995bb_4f2b91bf,pred_818ad5f1_516483c7,75.37537537537537,75.22522522522522,-0.15015015015015232,-1.0510510510510551,3.903903903903904,74.32432432432432,pred_3514a6c3_88c59732
3703c45d32f9acb10a18,CiteSeer,IDEA,212,22.0,baseline,random,random.yaml,5aff7d08d539f2f9a7d85c02b20f85aa94f0ca8ee15ecdf429d8c35fbf12f9ac,sel_ba7995bb_4f2b91bf,pred_293bc549_34471f47,75.37537537537537,75.22522522522522,-0.15015015015015232,-1.0510510510510551,3.903903903903904,74.32432432432432,pred_3514a6c3_88c59732
24e64b584f4d565005d9,CiteSeer,MEGU,212,22.0,baseline,random,random.yaml,5aff7d08d539f2f9a7d85c02b20f85aa94f0ca8ee15ecdf429d8c35fbf12f9ac,sel_ba7995bb_4f2b91bf,pred_4bd1d398_64f087be,73.27327327327328,75.22522522522522,1.9519519519519468,1.051051051051044,7.807807807807808,74.32432432432432,pred_3514a6c3_88c59732
5811f83447f961778c66,CiteSeer,GraphEraser,212,22.0,baseline,random,random.yaml,5aff7d08d539f2f9a7d85c02b20f85aa94f0ca8ee15ecdf429d8c35fbf12f9ac,sel_ba7995bb_4f2b91bf,pred_fba766bf_5451001b,74.02402402402403,74.92492492492492,0.9009009009009028,0.30030030030029353,20.72072072072072,74.32432432432432,pred_3514a6c3_88c59732
18d19def60767e4f6b3f,CiteSeer,GraphRevoker,212,22.0,baseline,random,random.yaml,5aff7d08d539f2f9a7d85c02b20f85aa94f0ca8ee15ecdf429d8c35fbf12f9ac,sel_ba7995bb_4f2b91bf,pred_5e06e0ca_e5074c6b,71.92192192192192,71.47147147147147,-0.45045045045045695,2.4024024024023927,22.372372372372375,74.32432432432432,pred_3514a6c3_88c59732
354bbd865178a0ed7113,CiteSeer,Retrain,212,22.0,baseline,random,random.yaml,5aff7d08d539f2f9a7d85c02b20f85aa94f0ca8ee15ecdf429d8c35fbf12f9ac,sel_ba7995bb_4f2b91bf,pred_3514a6c3_88c59732,74.32432432432432,,,,,,
ccdeeb08ee7c5a25ee6d,CiteSeer,GNNDelete,212,33.0,baseline,random,random.yaml,5aff7d08d539f2f9a7d85c02b20f85aa94f0ca8ee15ecdf429d8c35fbf12f9ac,sel_99208ab9_93235d6c,pred_a08cb0f5_01ba8120,75.22522522522522,75.22522522522522,0.0,0.0,7.657657657657657,75.22522522522522,pred_140d858c_548fabfd
a5a1c34d793c87125dd9,CiteSeer,GIF,212,33.0,baseline,random,random.yaml,5aff7d08d539f2f9a7d85c02b20f85aa94f0ca8ee15ecdf429d8c35fbf12f9ac,sel_99208ab9_93235d6c,pred_d4201489_4fa69c1b,75.37537537537537,75.22522522522522,-0.15015015015015232,-0.15015015015015232,3.903903903903904,75.22522522522522,pred_140d858c_548fabfd
0598450f2cc325b492f1,CiteSeer,IDEA,212,33.0,baseline,random,random.yaml,5aff7d08d539f2f9a7d85c02b20f85aa94f0ca8ee15ecdf429d8c35fbf12f9ac,sel_99208ab9_93235d6c,pred_be6e33c1_6a02361f,75.37537537537537,75.22522522522522,-0.15015015015015232,-0.15015015015015232,3.903903903903904,75.22522522522522,pred_140d858c_548fabfd
c23cea30b7348747c175,CiteSeer,MEGU,212,33.0,baseline,random,random.yaml,5aff7d08d539f2f9a7d85c02b20f85aa94f0ca8ee15ecdf429d8c35fbf12f9ac,sel_99208ab9_93235d6c,pred_3ecc9052_bf601224,73.87387387387388,75.22522522522522,1.3513513513513487,1.3513513513513487,6.606606606606606,75.22522522522522,pred_140d858c_548fabfd
b0353f2000ab1f5beee3,CiteSeer,GraphEraser,212,33.0,baseline,random,random.yaml,5aff7d08d539f2f9a7d85c02b20f85aa94f0ca8ee15ecdf429d8c35fbf12f9ac,sel_99208ab9_93235d6c,pred_33e620b2_30ef014a,75.22522522522522,74.92492492492492,-0.30030030030029353,0.0,19.06906906906907,75.22522522522522,pred_140d858c_548fabfd
e12e2b3bb46cdc78f5c7,CiteSeer,GraphRevoker,212,33.0,baseline,random,random.yaml,5aff7d08d539f2f9a7d85c02b20f85aa94f0ca8ee15ecdf429d8c35fbf12f9ac,sel_99208ab9_93235d6c,pred_de8cc479_0745b13c,71.47147147147147,71.47147147147147,0.0,3.7537537537537524,22.07207207207207,75.22522522522522,pred_140d858c_548fabfd
5d1ff372e84cb397d4a1,CiteSeer,Retrain,212,33.0,baseline,random,random.yaml,5aff7d08d539f2f9a7d85c02b20f85aa94f0ca8ee15ecdf429d8c35fbf12f9ac,sel_99208ab9_93235d6c,pred_140d858c_548fabfd,75.22522522522522,,,,,,
7637bd920ea2d7ee9876,CiteSeer,GNNDelete,2024,,GCN,r_point,r_point.yaml,5aff7d08d539f2f9a7d85c02b20f85aa94f0ca8ee15ecdf429d8c35fbf12f9ac,sel_be1753da_fff45c4d,pred_a8e7ccdb_ced22443,75.22522522522522,74.17417417417418,-1.051051051051044,0.7507507507507505,8.708708708708707,75.97597597597597,pred_94625982_e7a2ca3c
801cdd8a4b4d2b4856da,CiteSeer,GNNDelete,2024,,GCN,gt_full,gt_full.yaml,5aff7d08d539f2f9a7d85c02b20f85aa94f0ca8ee15ecdf429d8c35fbf12f9ac,sel_bdc7ddb1_bd4416b3,pred_3e6518ca_55af47b9,74.92492492492492,74.17417417417418,-0.7507507507507505,1.3513513513513487,8.108108108108109,76.27627627627628,pred_f8fb0944_03350bc4
4627de368d512b1f02e5,CiteSeer,GNNDelete,2024,,SGC,r_point,./selectors/r_point_sgc.yaml,5aff7d08d539f2f9a7d85c02b20f85aa94f0ca8ee15ecdf429d8c35fbf12f9ac,sel_0227742e_16b0c594,pred_dbb37cb2_ab52ebb0,75.37537537537537,74.17417417417418,-1.2012012012011963,-0.6006006006005982,8.108108108108109,74.77477477477478,pred_1d7f64d0_e8954b9e
e92b20f0f913aaae9aaf,CiteSeer,GNNDelete,2024,,SGC,gt_full,./selectors/gt_full_sgc.yaml,5aff7d08d539f2f9a7d85c02b20f85aa94f0ca8ee15ecdf429d8c35fbf12f9ac,sel_e3cace0a_38921045,pred_78b11d55_5b06751e,74.77477477477478,74.17417417417418,-0.6006006006005982,-0.45045045045045695,9.00900900900901,74.32432432432432,pred_3b76aa45_19ed2715
84e001033ee14bed0d62,CiteSeer,GNNDelete,2024,,GAT,r_point,./selectors/r_point_gat.yaml,5aff7d08d539f2f9a7d85c02b20f85aa94f0ca8ee15ecdf429d8c35fbf12f9ac,sel_c2fd5286_ee1e56c9,pred_73a6ecce_b29e1341,74.32432432432432,74.17417417417418,-0.15015015015014122,0.30030030030030463,9.75975975975976,74.62462462462463,pred_27a1a6d9_9b34c880
e8ab086008b18fd6229d,CiteSeer,GNNDelete,2024,,GAT,gt_full,./selectors/gt_full_gat.yaml,5aff7d08d539f2f9a7d85c02b20f85aa94f0ca8ee15ecdf429d8c35fbf12f9ac,sel_015582cf_37357119,pred_791209d0_eddba69c,74.47447447447448,74.17417417417418,-0.30030030030029353,0.0,8.85885885885886,74.47447447447448,pred_a98ed44b_ec3a90ae
8244fc5f179e989b51a1,CiteSeer,GNNDelete,2024,,GIN,r_point,./selectors/r_point_gin.yaml,5aff7d08d539f2f9a7d85c02b20f85aa94f0ca8ee15ecdf429d8c35fbf12f9ac,sel_bb79a7b9_89edc502,pred_9a4cc79d_62f04a73,74.62462462462463,74.17417417417418,-0.45045045045044585,0.45045045045044585,11.411411411411411,75.07507507507508,pred_4d6719c9_9a7d952a
5e62b683d04c5e739882,CiteSeer,GNNDelete,2024,,GIN,gt_full,./selectors/gt_full_gin.yaml,5aff7d08d539f2f9a7d85c02b20f85aa94f0ca8ee15ecdf429d8c35fbf12f9ac,sel_28781524_884be968,pred_e8b0eef3_6ddf0983,74.47447447447448,74.17417417417418,-0.30030030030029353,0.6006006006005982,9.00900900900901,75.07507507507508,pred_00bfa739_deb749bb
b2065a5ea50cbbd65982,CiteSeer,GNNDelete,2024,,baseline,degree,degree.yaml,5aff7d08d539f2f9a7d85c02b20f85aa94f0ca8ee15ecdf429d8c35fbf12f9ac,sel_abe5882c_46b01259,pred_99194c0a_48fde53b,74.17417417417418,74.17417417417418,0.0,1.501501501501501,9.60960960960961,75.67567567567568,pred_3cee84df_dd150cee
8a32ecfd7766765f8340,CiteSeer,GIF,2024,,GCN,r_point,r_point.yaml,5aff7d08d539f2f9a7d85c02b20f85aa94f0ca8ee15ecdf429d8c35fbf12f9ac,sel_be1753da_fff45c4d,pred_be441d90_645ea536,74.92492492492492,74.17417417417418,-0.7507507507507505,1.051051051051044,7.057057057057057,75.97597597597597,pred_94625982_e7a2ca3c
70f934917b124a9cb9ab,CiteSeer,GIF,2024,,GCN,gt_full,gt_full.yaml,5aff7d08d539f2f9a7d85c02b20f85aa94f0ca8ee15ecdf429d8c35fbf12f9ac,sel_bdc7ddb1_bd4416b3,pred_800d8922_dbf116d0,75.22522522522522,74.17417417417418,-1.051051051051044,1.0510510510510551,4.804804804804805,76.27627627627628,pred_f8fb0944_03350bc4
9419392117da6c61accb,CiteSeer,GIF,2024,,SGC,r_point,./selectors/r_point_sgc.yaml,5aff7d08d539f2f9a7d85c02b20f85aa94f0ca8ee15ecdf429d8c35fbf12f9ac,sel_0227742e_16b0c594,pred_e4d6e4bb_e5c0c127,74.32432432432432,74.17417417417418,-0.15015015015014122,0.45045045045045695,5.255255255255255,74.77477477477478,pred_1d7f64d0_e8954b9e
39cdb1d37c3c3f0a298f,CiteSeer,GIF,2024,,SGC,gt_full,./selectors/gt_full_sgc.yaml,5aff7d08d539f2f9a7d85c02b20f85aa94f0ca8ee15ecdf429d8c35fbf12f9ac,sel_e3cace0a_38921045,pred_a2062ff4_32d14850,74.17417417417418,74.17417417417418,0.0,0.15015015015014122,4.654654654654655,74.32432432432432,pred_3b76aa45_19ed2715
c4133c6d31d03fb9b6fb,CiteSeer,GIF,2024,,GAT,r_point,./selectors/r_point_gat.yaml,5aff7d08d539f2f9a7d85c02b20f85aa94f0ca8ee15ecdf429d8c35fbf12f9ac,sel_c2fd5286_ee1e56c9,pred_1689c905_5bc19512,74.92492492492492,74.17417417417418,-0.7507507507507505,-0.30030030030030463,9.30930930930931,74.62462462462463,pred_27a1a6d9_9b34c880
61f54571b0d40bfc1c74,CiteSeer,GIF,2024,,GAT,gt_full,./selectors/gt_full_gat.yaml,5aff7d08d539f2f9a7d85c02b20f85aa94f0ca8ee15ecdf429d8c35fbf12f9ac,sel_015582cf_37357119,pred_502ea08d_15e82a53,75.37537537537537,74.17417417417418,-1.2012012012011963,-0.9009009009009028,6.006006006006006,74.47447447447448,pred_a98ed44b_ec3a90ae
5412dbc4074e35030bad,CiteSeer,GIF,2024,,GIN,r_point,./selectors/r_point_gin.yaml,5aff7d08d539f2f9a7d85c02b20f85aa94f0ca8ee15ecdf429d8c35fbf12f9ac,sel_bb79a7b9_89edc502,pred_9e05fdc7_e7921e32,74.17417417417418,74.17417417417418,0.0,0.9009009009008917,7.207207207207207,75.07507507507508,pred_4d6719c9_9a7d952a
2ff5448fc3348a1cc1ee,CiteSeer,GIF,2024,,GIN,gt_full,./selectors/gt_full_gin.yaml,5aff7d08d539f2f9a7d85c02b20f85aa94f0ca8ee15ecdf429d8c35fbf12f9ac,sel_28781524_884be968,pred_288b2bcc_c256e2a9,74.47447447447448,74.17417417417418,-0.30030030030029353,0.6006006006005982,4.654654654654655,75.07507507507508,pred_00bfa739_deb749bb
f9c3b7dd76c78b101773,CiteSeer,GIF,2024,,baseline,degree,degree.yaml,5aff7d08d539f2f9a7d85c02b20f85aa94f0ca8ee15ecdf429d8c35fbf12f9ac,sel_abe5882c_46b01259,pred_3b4c737c_3b59ee63,74.32432432432432,74.17417417417418,-0.15015015015014122,1.3513513513513598,4.654654654654655,75.67567567567568,pred_3cee84df_dd150cee
a8d28e649ef8cbe39c70,CiteSeer,IDEA,2024,,GCN,r_point,r_point.yaml,5aff7d08d539f2f9a7d85c02b20f85aa94f0ca8ee15ecdf429d8c35fbf12f9ac,sel_be1753da_fff45c4d,pred_0102431b_a5f959bf,74.92492492492492,74.17417417417418,-0.7507507507507505,1.051051051051044,7.057057057057057,75.97597597597597,pred_94625982_e7a2ca3c
f1a9e4491e6bf55a61dd,CiteSeer,IDEA,2024,,GCN,gt_full,gt_full.yaml,5aff7d08d539f2f9a7d85c02b20f85aa94f0ca8ee15ecdf429d8c35fbf12f9ac,sel_bdc7ddb1_bd4416b3,pred_917f4d80_8f1c0c86,75.22522522522522,74.17417417417418,-1.051051051051044,1.0510510510510551,4.804804804804805,76.27627627627628,pred_f8fb0944_03350bc4
2313b1591c15c9b612bd,CiteSeer,IDEA,2024,,SGC,r_point,./selectors/r_point_sgc.yaml,5aff7d08d539f2f9a7d85c02b20f85aa94f0ca8ee15ecdf429d8c35fbf12f9ac,sel_0227742e_16b0c594,pred_e225473c_503008f3,74.32432432432432,74.17417417417418,-0.15015015015014122,0.45045045045045695,5.255255255255255,74.77477477477478,pred_1d7f64d0_e8954b9e
5f385ab2170796bdc03f,CiteSeer,IDEA,2024,,SGC,gt_full,./selectors/gt_full_sgc.yaml,5aff7d08d539f2f9a7d85c02b20f85aa94f0ca8ee15ecdf429d8c35fbf12f9ac,sel_e3cace0a_38921045,pred_62052129_eb22a47a,74.17417417417418,74.17417417417418,0.0,0.15015015015014122,4.654654654654655,74.32432432432432,pred_3b76aa45_19ed2715
87bb4ae3bb333820568a,CiteSeer,IDEA,2024,,GAT,r_point,./selectors/r_point_gat.yaml,5aff7d08d539f2f9a7d85c02b20f85aa94f0ca8ee15ecdf429d8c35fbf12f9ac,sel_c2fd5286_ee1e56c9,pred_f77be4e0_120a9492,74.92492492492492,74.17417417417418,-0.7507507507507505,-0.30030030030030463,9.30930930930931,74.62462462462463,pred_27a1a6d9_9b34c880
254ef176b073bc249a73,CiteSeer,IDEA,2024,,GAT,gt_full,./selectors/gt_full_gat.yaml,5aff7d08d539f2f9a7d85c02b20f85aa94f0ca8ee15ecdf429d8c35fbf12f9ac,sel_015582cf_37357119,pred_3ec34a40_2b08b00a,75.37537537537537,74.17417417417418,-1.2012012012011963,-0.9009009009009028,6.006006006006006,74.47447447447448,pred_a98ed44b_ec3a90ae
232dae38e826dcdae31f,CiteSeer,IDEA,2024,,GIN,r_point,./selectors/r_point_gin.yaml,5aff7d08d539f2f9a7d85c02b20f85aa94f0ca8ee15ecdf429d8c35fbf12f9ac,sel_bb79a7b9_89edc502,pred_72fd05a4_9eb9c3d9,74.17417417417418,74.17417417417418,0.0,0.9009009009008917,7.207207207207207,75.07507507507508,pred_4d6719c9_9a7d952a
7f239372f12053721b70,CiteSeer,IDEA,2024,,GIN,gt_full,./selectors/gt_full_gin.yaml,5aff7d08d539f2f9a7d85c02b20f85aa94f0ca8ee15ecdf429d8c35fbf12f9ac,sel_28781524_884be968,pred_045e32ae_dcea537e,74.47447447447448,74.17417417417418,-0.30030030030029353,0.6006006006005982,4.654654654654655,75.07507507507508,pred_00bfa739_deb749bb
b805154c39b995b56f3c,CiteSeer,IDEA,2024,,baseline,degree,degree.yaml,5aff7d08d539f2f9a7d85c02b20f85aa94f0ca8ee15ecdf429d8c35fbf12f9ac,sel_abe5882c_46b01259,pred_1bb8cd2e_50fe0210,74.32432432432432,74.17417417417418,-0.15015015015014122,1.3513513513513598,4.654654654654655,75.67567567567568,pred_3cee84df_dd150cee
d638e03742b8bd53eea6,CiteSeer,MEGU,2024,,GCN,r_point,r_point.yaml,5aff7d08d539f2f9a7d85c02b20f85aa94f0ca8ee15ecdf429d8c35fbf12f9ac,sel_be1753da_fff45c4d,pred_b4e4edc0_0519b3aa,75.97597597597597,74.17417417417418,-1.8018018018017945,0.0,7.207207207207207,75.97597597597597,pred_94625982_e7a2ca3c
763982df6eaf0136d2f2,CiteSeer,MEGU,2024,,GCN,gt_full,gt_full.yaml,5aff7d08d539f2f9a7d85c02b20f85aa94f0ca8ee15ecdf429d8c35fbf12f9ac,sel_bdc7ddb1_bd4416b3,pred_59c86618_3a2b5791,74.92492492492492,74.17417417417418,-0.7507507507507505,1.3513513513513487,6.756756756756757,76.27627627627628,pred_f8fb0944_03350bc4
a7dbfbc4162b7c6ec535,CiteSeer,MEGU,2024,,SGC,r_point,./selectors/r_point_sgc.yaml,5aff7d08d539f2f9a7d85c02b20f85aa94f0ca8ee15ecdf429d8c35fbf12f9ac,sel_0227742e_16b0c594,pred_dfa2fc4c_2746d821,75.37537537537537,74.17417417417418,-1.2012012012011963,-0.6006006006005982,6.606606606606606,74.77477477477478,pred_1d7f64d0_e8954b9e
5af0ccedf853de10a1c8,CiteSeer,MEGU,2024,,SGC,gt_full,./selectors/gt_full_sgc.yaml,5aff7d08d539f2f9a7d85c02b20f85aa94f0ca8ee15ecdf429d8c35fbf12f9ac,sel_e3cace0a_38921045,pred_c5895143_51e54c20,75.22522522522522,74.17417417417418,-1.051051051051044,-0.9009009009009028,6.156156156156156,74.32432432432432,pred_3b76aa45_19ed2715
3458fbdd7f69ce4f8f91,CiteSeer,MEGU,2024,,GAT,r_point,./selectors/r_point_gat.yaml,5aff7d08d539f2f9a7d85c02b20f85aa94f0ca8ee15ecdf429d8c35fbf12f9ac,sel_c2fd5286_ee1e56c9,pred_1c96ffa2_6c66ad95,75.52552552552552,74.17417417417418,-1.3513513513513487,-0.9009009009009028,8.558558558558559,74.62462462462463,pred_27a1a6d9_9b34c880
3eb580931dd24f08686b,CiteSeer,MEGU,2024,,GAT,gt_full,./selectors/gt_full_gat.yaml,5aff7d08d539f2f9a7d85c02b20f85aa94f0ca8ee15ecdf429d8c35fbf12f9ac,sel_015582cf_37357119,pred_1acd25ff_ec18d2c9,75.37537537537537,74.17417417417418,-1.2012012012011963,-0.9009009009009028,6.606606606606606,74.47447447447448,pred_a98ed44b_ec3a90ae
8a38b9a7c80cc6e0eb6d,CiteSeer,MEGU,2024,,GIN,r_point,./selectors/r_point_gin.yaml,5aff7d08d539f2f9a7d85c02b20f85aa94f0ca8ee15ecdf429d8c35fbf12f9ac,sel_bb79a7b9_89edc502,pred_136cd054_4609b193,75.52552552552552,74.17417417417418,-1.3513513513513487,-0.45045045045045695,7.057057057057057,75.07507507507508,pred_4d6719c9_9a7d952a
628bb4ed936743362dd2,CiteSeer,MEGU,2024,,GIN,gt_full,./selectors/gt_full_gin.yaml,5aff7d08d539f2f9a7d85c02b20f85aa94f0ca8ee15ecdf429d8c35fbf12f9ac,sel_28781524_884be968,pred_cc70b8e9_828ef54a,74.62462462462463,74.17417417417418,-0.45045045045044585,0.45045045045044585,4.804804804804805,75.07507507507508,pred_00bfa739_deb749bb
51ed0bb01ec86b5a29f1,CiteSeer,MEGU,2024,,baseline,degree,degree.yaml,5aff7d08d539f2f9a7d85c02b20f85aa94f0ca8ee15ecdf429d8c35fbf12f9ac,sel_abe5882c_46b01259,pred_7f9c2464_8fa3e503,75.37537537537537,74.17417417417418,-1.2012012012011963,0.30030030030030463,5.255255255255255,75.67567567567568,pred_3cee84df_dd150cee
85a0d57bf6fd9757efbb,CiteSeer,GraphEraser,2024,,GCN,r_point,r_point.yaml,5aff7d08d539f2f9a7d85c02b20f85aa94f0ca8ee15ecdf429d8c35fbf12f9ac,sel_be1753da_fff45c4d,pred_559ea1a0_3fcde1d0,74.92492492492492,76.42642642642643,1.501501501501501,1.051051051051044,15.765765765765765,75.97597597597597,pred_94625982_e7a2ca3c
a3f021757adb75e07a95,CiteSeer,GraphEraser,2024,,GCN,gt_full,gt_full.yaml,5aff7d08d539f2f9a7d85c02b20f85aa94f0ca8ee15ecdf429d8c35fbf12f9ac,sel_bdc7ddb1_bd4416b3,pred_826b8f5b_75c9bd2e,75.07507507507508,76.42642642642643,1.3513513513513598,1.2012012012012074,17.417417417417415,76.27627627627628,pred_f8fb0944_03350bc4
18b81a9b338424d9f521,CiteSeer,GraphEraser,2024,,SGC,r_point,./selectors/r_point_sgc.yaml,5aff7d08d539f2f9a7d85c02b20f85aa94f0ca8ee15ecdf429d8c35fbf12f9ac,sel_0227742e_16b0c594,pred_839486cc_6917815f,74.02402402402403,76.42642642642643,2.4024024024024038,0.7507507507507505,18.91891891891892,74.77477477477478,pred_1d7f64d0_e8954b9e
5caa10bd80d22f1ef794,CiteSeer,GraphEraser,2024,,SGC,gt_full,./selectors/gt_full_sgc.yaml,5aff7d08d539f2f9a7d85c02b20f85aa94f0ca8ee15ecdf429d8c35fbf12f9ac,sel_e3cace0a_38921045,pred_1d79e7c8_20801da9,75.22522522522522,76.42642642642643,1.2012012012012074,-0.9009009009009028,17.56756756756757,74.32432432432432,pred_3b76aa45_19ed2715
1a08beb8d848ad525ebe,CiteSeer,GraphEraser,2024,,GAT,r_point,./selectors/r_point_gat.yaml,5aff7d08d539f2f9a7d85c02b20f85aa94f0ca8ee15ecdf429d8c35fbf12f9ac,sel_c2fd5286_ee1e56c9,pred_51feb5f0_e1d7bb0c,75.22522522522522,76.42642642642643,1.2012012012012074,-0.6006006006005982,16.966966966966968,74.62462462462463,pred_27a1a6d9_9b34c880
ab94b6a3dfb1436a4b5e,CiteSeer,GraphEraser,2024,,GAT,gt_full,./selectors/gt_full_gat.yaml,5aff7d08d539f2f9a7d85c02b20f85aa94f0ca8ee15ecdf429d8c35fbf12f9ac,sel_015582cf_37357119,pred_5511a4a1_d13dd66f,75.22522522522522,76.42642642642643,1.2012012012012074,-0.7507507507507505,18.31831831831832,74.47447447447448,pred_a98ed44b_ec3a90ae
05cadabc585b70a27880,CiteSeer,GraphEraser,2024,,GIN,r_point,./selectors/r_point_gin.yaml,5aff7d08d539f2f9a7d85c02b20f85aa94f0ca8ee15ecdf429d8c35fbf12f9ac,sel_bb79a7b9_89edc502,pred_2dd05e0a_fbc0a18b,75.67567567567568,76.42642642642643,0.7507507507507505,-0.6006006006006093,20.42042042042042,75.07507507507508,pred_4d6719c9_9a7d952a
6b2a427d83779bc7c3a4,CiteSeer,GraphEraser,2024,,GIN,gt_full,./selectors/gt_full_gin.yaml,5aff7d08d539f2f9a7d85c02b20f85aa94f0ca8ee15ecdf429d8c35fbf12f9ac,sel_28781524_884be968,pred_54584456_1ff4282b,75.07507507507508,76.42642642642643,1.3513513513513598,0.0,19.51951951951952,75.07507507507508,pred_00bfa739_deb749bb
f109199f15b5df858a1b,CiteSeer,GraphEraser,2024,,baseline,degree,degree.yaml,5aff7d08d539f2f9a7d85c02b20f85aa94f0ca8ee15ecdf429d8c35fbf12f9ac,sel_abe5882c_46b01259,pred_1d9bf8d1_4a1b5beb,75.22522522522522,76.42642642642643,1.2012012012012074,0.45045045045045695,17.71771771771772,75.67567567567568,pred_3cee84df_dd150cee
e0285355605d33848382,CiteSeer,GraphRevoker,2024,,GCN,r_point,r_point.yaml,5aff7d08d539f2f9a7d85c02b20f85aa94f0ca8ee15ecdf429d8c35fbf12f9ac,sel_be1753da_fff45c4d,pred_d4e6acc4_372791ce,73.72372372372372,74.47447447447448,0.7507507507507505,2.2522522522522515,16.066066066066064,75.97597597597597,pred_94625982_e7a2ca3c
50c9a25895296e9b63d6,CiteSeer,GraphRevoker,2024,,GCN,gt_full,gt_full.yaml,5aff7d08d539f2f9a7d85c02b20f85aa94f0ca8ee15ecdf429d8c35fbf12f9ac,sel_bdc7ddb1_bd4416b3,pred_93a14c9e_d3946776,74.47447447447448,74.47447447447448,0.0,1.8018018018018056,17.71771771771772,76.27627627627628,pred_f8fb0944_03350bc4
0dc13d1915193d003c15,CiteSeer,GraphRevoker,2024,,SGC,r_point,./selectors/r_point_sgc.yaml,5aff7d08d539f2f9a7d85c02b20f85aa94f0ca8ee15ecdf429d8c35fbf12f9ac,sel_0227742e_16b0c594,pred_0b3fe641_56a7b03b,74.32432432432432,74.47447447447448,0.15015015015015232,0.45045045045045695,19.06906906906907,74.77477477477478,pred_1d7f64d0_e8954b9e
b6c0ba2533262150fc9d,CiteSeer,GraphRevoker,2024,,SGC,gt_full,./selectors/gt_full_sgc.yaml,5aff7d08d539f2f9a7d85c02b20f85aa94f0ca8ee15ecdf429d8c35fbf12f9ac,sel_e3cace0a_38921045,pred_e0cfda58_3a645bea,72.97297297297297,74.47447447447448,1.501501501501501,1.3513513513513487,19.06906906906907,74.32432432432432,pred_3b76aa45_19ed2715
79de2d0f00008c055f64,CiteSeer,GraphRevoker,2024,,GAT,r_point,./selectors/r_point_gat.yaml,5aff7d08d539f2f9a7d85c02b20f85aa94f0ca8ee15ecdf429d8c35fbf12f9ac,sel_c2fd5286_ee1e56c9,pred_fc11c131_2ea7b363,74.47447447447448,74.47447447447448,0.0,0.15015015015015232,18.46846846846847,74.62462462462463,pred_27a1a6d9_9b34c880
c046a865a758c73992bc,CiteSeer,GraphRevoker,2024,,GAT,gt_full,./selectors/gt_full_gat.yaml,5aff7d08d539f2f9a7d85c02b20f85aa94f0ca8ee15ecdf429d8c35fbf12f9ac,sel_015582cf_37357119,pred_ff74299f_78471717,73.72372372372372,74.47447447447448,0.7507507507507505,0.7507507507507505,19.36936936936937,74.47447447447448,pred_a98ed44b_ec3a90ae
9bfc7a44c8d3d8bca603,CiteSeer,GraphRevoker,2024,,GIN,r_point,./selectors/r_point_gin.yaml,5aff7d08d539f2f9a7d85c02b20f85aa94f0ca8ee15ecdf429d8c35fbf12f9ac,sel_bb79a7b9_89edc502,pred_a5b985e8_f24a3ef6,74.77477477477478,74.47447447447448,-0.30030030030030463,0.30030030030029353,21.32132132132132,75.07507507507508,pred_4d6719c9_9a7d952a
4cac36b998a5d4e5463e,CiteSeer,GraphRevoker,2024,,GIN,gt_full,./selectors/gt_full_gin.yaml,5aff7d08d539f2f9a7d85c02b20f85aa94f0ca8ee15ecdf429d8c35fbf12f9ac,sel_28781524_884be968,pred_f7ff53f6_22c9c206,73.87387387387388,74.47447447447448,0.6006006006005982,1.2012012012011963,19.06906906906907,75.07507507507508,pred_00bfa739_deb749bb
a023f31e679ddece78a1,CiteSeer,GraphRevoker,2024,,baseline,degree,degree.yaml,5aff7d08d539f2f9a7d85c02b20f85aa94f0ca8ee15ecdf429d8c35fbf12f9ac,sel_abe5882c_46b01259,pred_878899d7_43e3e9a7,75.22522522522522,74.47447447447448,-0.7507507507507505,0.45045045045045695,16.966966966966968,75.67567567567568,pred_3cee84df_dd150cee
786b421faec102a3f025,CiteSeer,Retrain,2024,,GCN,r_point,r_point.yaml,5aff7d08d539f2f9a7d85c02b20f85aa94f0ca8ee15ecdf429d8c35fbf12f9ac,sel_be1753da_fff45c4d,pred_94625982_e7a2ca3c,75.97597597597597,,,,,,
ac86494bca4b51088909,CiteSeer,Retrain,2024,,GCN,gt_full,gt_full.yaml,5aff7d08d539f2f9a7d85c02b20f85aa94f0ca8ee15ecdf429d8c35fbf12f9ac,sel_bdc7ddb1_bd4416b3,pred_f8fb0944_03350bc4,76.27627627627628,,,,,,
7a079b40fd928b36ea66,CiteSeer,Retrain,2024,,SGC,r_point,./selectors/r_point_sgc.yaml,5aff7d08d539f2f9a7d85c02b20f85aa94f0ca8ee15ecdf429d8c35fbf12f9ac,sel_0227742e_16b0c594,pred_1d7f64d0_e8954b9e,74.77477477477478,,,,,,
9e8f0cb5ce61419c8410,CiteSeer,Retrain,2024,,SGC,gt_full,./selectors/gt_full_sgc.yaml,5aff7d08d539f2f9a7d85c02b20f85aa94f0ca8ee15ecdf429d8c35fbf12f9ac,sel_e3cace0a_38921045,pred_3b76aa45_19ed2715,74.32432432432432,,,,,,
75714e9cf5ed5662ddc8,CiteSeer,Retrain,2024,,GAT,r_point,./selectors/r_point_gat.yaml,5aff7d08d539f2f9a7d85c02b20f85aa94f0ca8ee15ecdf429d8c35fbf12f9ac,sel_c2fd5286_ee1e56c9,pred_27a1a6d9_9b34c880,74.62462462462463,,,,,,
e61b5221b7deaaf7f3f4,CiteSeer,Retrain,2024,,GAT,gt_full,./selectors/gt_full_gat.yaml,5aff7d08d539f2f9a7d85c02b20f85aa94f0ca8ee15ecdf429d8c35fbf12f9ac,sel_015582cf_37357119,pred_a98ed44b_ec3a90ae,74.47447447447448,,,,,,
701e3a5661c03a103417,CiteSeer,Retrain,2024,,GIN,r_point,./selectors/r_point_gin.yaml,5aff7d08d539f2f9a7d85c02b20f85aa94f0ca8ee15ecdf429d8c35fbf12f9ac,sel_bb79a7b9_89edc502,pred_4d6719c9_9a7d952a,75.07507507507508,,,,,,
e8ee08224b50862d5029,CiteSeer,Retrain,2024,,GIN,gt_full,./selectors/gt_full_gin.yaml,5aff7d08d539f2f9a7d85c02b20f85aa94f0ca8ee15ecdf429d8c35fbf12f9ac,sel_28781524_884be968,pred_00bfa739_deb749bb,75.07507507507508,,,,,,
f7685278f8a19df5072c,CiteSeer,Retrain,2024,,baseline,degree,degree.yaml,5aff7d08d539f2f9a7d85c02b20f85aa94f0ca8ee15ecdf429d8c35fbf12f9ac,sel_abe5882c_46b01259,pred_3cee84df_dd150cee,75.67567567567568,,,,,,
e5ac7a5ad4147cd54f49,CiteSeer,GNNDelete,2024,11.0,baseline,random,random.yaml,5aff7d08d539f2f9a7d85c02b20f85aa94f0ca8ee15ecdf429d8c35fbf12f9ac,sel_2f4a5407_8ac4d2ce,pred_54a78e0b_9609e5ac,73.87387387387388,74.17417417417418,0.30030030030030463,1.8018018018018056,7.3573573573573565,75.67567567567568,pred_44556473_6961bab9
cf7d40d9a29841c68dfa,CiteSeer,GIF,2024,11.0,baseline,random,random.yaml,5aff7d08d539f2f9a7d85c02b20f85aa94f0ca8ee15ecdf429d8c35fbf12f9ac,sel_2f4a5407_8ac4d2ce,pred_04124934_1cef158a,74.17417417417418,74.17417417417418,0.0,1.501501501501501,4.954954954954955,75.67567567567568,pred_44556473_6961bab9
d4e3cd05cbeabe6e1149,CiteSeer,IDEA,2024,11.0,baseline,random,random.yaml,5aff7d08d539f2f9a7d85c02b20f85aa94f0ca8ee15ecdf429d8c35fbf12f9ac,sel_2f4a5407_8ac4d2ce,pred_568e7a91_bb747e2a,74.17417417417418,74.17417417417418,0.0,1.501501501501501,4.954954954954955,75.67567567567568,pred_44556473_6961bab9
f867b244cd6c50294d7a,CiteSeer,MEGU,2024,11.0,baseline,random,random.yaml,5aff7d08d539f2f9a7d85c02b20f85aa94f0ca8ee15ecdf429d8c35fbf12f9ac,sel_2f4a5407_8ac4d2ce,pred_c18830ab_8bb71507,74.77477477477478,74.17417417417418,-0.6006006006005982,0.9009009009009028,6.006006006006006,75.67567567567568,pred_44556473_6961bab9
baa2c63c37f0f635069b,CiteSeer,GraphEraser,2024,11.0,baseline,random,random.yaml,5aff7d08d539f2f9a7d85c02b20f85aa94f0ca8ee15ecdf429d8c35fbf12f9ac,sel_2f4a5407_8ac4d2ce,pred_cff36ef5_6e383fa5,75.37537537537537,76.42642642642643,1.0510510510510551,0.30030030030030463,16.966966966966968,75.67567567567568,pred_44556473_6961bab9
02d31c953a73df61df0e,CiteSeer,GraphRevoker,2024,11.0,baseline,random,random.yaml,5aff7d08d539f2f9a7d85c02b20f85aa94f0ca8ee15ecdf429d8c35fbf12f9ac,sel_2f4a5407_8ac4d2ce,pred_8b584727_37a861db,73.72372372372372,74.47447447447448,0.7507507507507505,1.951951951951958,17.56756756756757,75.67567567567568,pred_44556473_6961bab9
5da92d178975e7637994,CiteSeer,Retrain,2024,11.0,baseline,random,random.yaml,5aff7d08d539f2f9a7d85c02b20f85aa94f0ca8ee15ecdf429d8c35fbf12f9ac,sel_2f4a5407_8ac4d2ce,pred_44556473_6961bab9,75.67567567567568,,,,,,
1ad7b0ae56c7bc1fb7c6,CiteSeer,GNNDelete,2024,22.0,baseline,random,random.yaml,5aff7d08d539f2f9a7d85c02b20f85aa94f0ca8ee15ecdf429d8c35fbf12f9ac,sel_ba7995bb_4f2b91bf,pred_17bdfa7e_7e9e8d4d,73.72372372372372,74.17417417417418,0.45045045045045695,0.0,8.708708708708707,73.72372372372372,pred_07e800df_8fa10836
d8c0bfc6144d09bcfe96,CiteSeer,GIF,2024,22.0,baseline,random,random.yaml,5aff7d08d539f2f9a7d85c02b20f85aa94f0ca8ee15ecdf429d8c35fbf12f9ac,sel_ba7995bb_4f2b91bf,pred_6110e20c_ee5f822d,74.02402402402403,74.17417417417418,0.15015015015015232,-0.30030030030030463,5.105105105105105,73.72372372372372,pred_07e800df_8fa10836
1caff11665b35725a6e6,CiteSeer,IDEA,2024,22.0,baseline,random,random.yaml,5aff7d08d539f2f9a7d85c02b20f85aa94f0ca8ee15ecdf429d8c35fbf12f9ac,sel_ba7995bb_4f2b91bf,pred_e85f0a45_ed01b36b,74.02402402402403,74.17417417417418,0.15015015015015232,-0.30030030030030463,5.105105105105105,73.72372372372372,pred_07e800df_8fa10836
4d84d4028b50ee682b71,CiteSeer,MEGU,2024,22.0,baseline,random,random.yaml,5aff7d08d539f2f9a7d85c02b20f85aa94f0ca8ee15ecdf429d8c35fbf12f9ac,sel_ba7995bb_4f2b91bf,pred_a35c2e6b_2c0b2c1a,74.92492492492492,74.17417417417418,-0.7507507507507505,-1.2012012012012074,6.306306306306306,73.72372372372372,pred_07e800df_8fa10836
1592e3dc20cbe81d50a5,CiteSeer,GraphEraser,2024,22.0,baseline,random,random.yaml,5aff7d08d539f2f9a7d85c02b20f85aa94f0ca8ee15ecdf429d8c35fbf12f9ac,sel_ba7995bb_4f2b91bf,pred_f4f2fdfe_6be5feed,74.62462462462463,76.42642642642643,1.8018018018018056,-0.9009009009009028,19.66966966966967,73.72372372372372,pred_07e800df_8fa10836
94e9961c3fa8aa9cc132,CiteSeer,GraphRevoker,2024,22.0,baseline,random,random.yaml,5aff7d08d539f2f9a7d85c02b20f85aa94f0ca8ee15ecdf429d8c35fbf12f9ac,sel_ba7995bb_4f2b91bf,pred_73085ebc_af13935f,73.57357357357357,74.47447447447448,0.9009009009009028,0.15015015015015232,19.96996996996997,73.72372372372372,pred_07e800df_8fa10836
61222015e46033867dea,CiteSeer,Retrain,2024,22.0,baseline,random,random.yaml,5aff7d08d539f2f9a7d85c02b20f85aa94f0ca8ee15ecdf429d8c35fbf12f9ac,sel_ba7995bb_4f2b91bf,pred_07e800df_8fa10836,73.72372372372372,,,,,,
ceef8f6b8efdbe261d20,CiteSeer,GNNDelete,2024,33.0,baseline,random,random.yaml,5aff7d08d539f2f9a7d85c02b20f85aa94f0ca8ee15ecdf429d8c35fbf12f9ac,sel_99208ab9_93235d6c,pred_9deecd1a_34ac8c3e,73.57357357357357,74.17417417417418,0.6006006006006093,1.951951951951958,8.108108108108109,75.52552552552552,pred_dfc51322_8be2e931
0edb94313683128112dc,CiteSeer,GIF,2024,33.0,baseline,random,random.yaml,5aff7d08d539f2f9a7d85c02b20f85aa94f0ca8ee15ecdf429d8c35fbf12f9ac,sel_99208ab9_93235d6c,pred_9f4d3b32_77ba5587,74.17417417417418,74.17417417417418,0.0,1.3513513513513487,3.903903903903904,75.52552552552552,pred_dfc51322_8be2e931
a5aa710d043e13cfe386,CiteSeer,IDEA,2024,33.0,baseline,random,random.yaml,5aff7d08d539f2f9a7d85c02b20f85aa94f0ca8ee15ecdf429d8c35fbf12f9ac,sel_99208ab9_93235d6c,pred_8469f9a5_5b3682ae,74.17417417417418,74.17417417417418,0.0,1.3513513513513487,3.903903903903904,75.52552552552552,pred_dfc51322_8be2e931
338915ed983813406ef7,CiteSeer,MEGU,2024,33.0,baseline,random,random.yaml,5aff7d08d539f2f9a7d85c02b20f85aa94f0ca8ee15ecdf429d8c35fbf12f9ac,sel_99208ab9_93235d6c,pred_a8f46cc2_540970f2,74.92492492492492,74.17417417417418,-0.7507507507507505,0.6006006006005982,4.354354354354354,75.52552552552552,pred_dfc51322_8be2e931
6437430cf54f80dfe4a9,CiteSeer,GraphEraser,2024,33.0,baseline,random,random.yaml,5aff7d08d539f2f9a7d85c02b20f85aa94f0ca8ee15ecdf429d8c35fbf12f9ac,sel_99208ab9_93235d6c,pred_c89b847d_f07942f9,75.52552552552552,76.42642642642643,0.9009009009009028,0.0,18.91891891891892,75.52552552552552,pred_dfc51322_8be2e931
cb0c413c5ca1b42b8da4,CiteSeer,GraphRevoker,2024,33.0,baseline,random,random.yaml,5aff7d08d539f2f9a7d85c02b20f85aa94f0ca8ee15ecdf429d8c35fbf12f9ac,sel_99208ab9_93235d6c,pred_ac6e6c08_88b0f699,74.02402402402403,74.47447447447448,0.45045045045044585,1.501501501501501,18.91891891891892,75.52552552552552,pred_dfc51322_8be2e931
c663788f0384c621ed4f,CiteSeer,Retrain,2024,33.0,baseline,random,random.yaml,5aff7d08d539f2f9a7d85c02b20f85aa94f0ca8ee15ecdf429d8c35fbf12f9ac,sel_99208ab9_93235d6c,pred_dfc51322_8be2e931,75.52552552552552,,,,,,
6cc6b63a7f1c2a5288a4,PubMed,GNNDelete,42,,GCN,r_point,r_point.yaml,af33ba4c4ab691fdb1af14f8b352676bff01bc9c4d5ff5f40ae32e8b90ef182b,sel_97b756d9_95b89a88,pred_905be2b2_5638b16d,86.1815415821501,88.56490872210954,2.383367139959436,0.5578093306288001,6.135902636916836,86.7393509127789,pred_5920e465_73183a6a
67545825ae533a866863,PubMed,GNNDelete,42,,GCN,gt_full,gt_full.yaml,af33ba4c4ab691fdb1af14f8b352676bff01bc9c4d5ff5f40ae32e8b90ef182b,sel_1c7d4683_7b8b89b7,pred_86508631_520d9bec,87.09432048681542,88.56490872210954,1.4705882352941235,-0.30425963488843744,8.468559837728193,86.79006085192698,pred_a098338c_3b2aab2f
8fa091371d2c98854963,PubMed,GNNDelete,42,,SGC,r_point,./selectors/r_point_sgc.yaml,af33ba4c4ab691fdb1af14f8b352676bff01bc9c4d5ff5f40ae32e8b90ef182b,sel_c25c7180_833705a8,pred_5ee5c457_7fdb00c0,83.97565922920892,88.56490872210954,4.589249492900615,4.614604462474647,9.077079107505071,88.59026369168357,pred_e07fdeda_586ea9f4
4a1c3b3ff5f9d534592a,PubMed,GNNDelete,42,,SGC,gt_full,./selectors/gt_full_sgc.yaml,af33ba4c4ab691fdb1af14f8b352676bff01bc9c4d5ff5f40ae32e8b90ef182b,sel_6079fc6a_f28d79d4,pred_c90192b5_e81cca0e,76.8002028397566,88.56490872210954,11.764705882352944,12.06896551724138,18.788032454361055,88.86916835699797,pred_f23da888_0a01d46c
cfbe76e433a6ce2c38ff,PubMed,GNNDelete,42,,GAT,r_point,./selectors/r_point_gat.yaml,af33ba4c4ab691fdb1af14f8b352676bff01bc9c4d5ff5f40ae32e8b90ef182b,sel_dab30969_ce6d65cc,pred_3d305ef8_7cab8030,86.76470588235294,88.56490872210954,1.8002028397565928,-1.166328600405686,9.558823529411764,85.59837728194725,pred_a35936a0_8c7b6b1d
37edc7f581a4af3e0813,PubMed,GNNDelete,42,,GAT,gt_full,./selectors/gt_full_gat.yaml,af33ba4c4ab691fdb1af14f8b352676bff01bc9c4d5ff5f40ae32e8b90ef182b,sel_d4b37dea_02297080,pred_160692d9_7586f1aa,85.34482758620689,88.56490872210954,3.2200811359026416,0.32961460446248037,14.02129817444219,85.67444219066938,pred_3e4f4742_e691545c
67eab2fd02deb8493927,PubMed,GNNDelete,42,,GIN,r_point,./selectors/r_point_gin.yaml,af33ba4c4ab691fdb1af14f8b352676bff01bc9c4d5ff5f40ae32e8b90ef182b,sel_e10568d7_788993d9,pred_f398ad15_59c67714,86.05476673427992,88.56490872210954,2.510141987829617,1.9016227180527423,5.425963488843814,87.95638945233266,pred_83243a78_2f509937
5f6a3a04e28662d1411d,PubMed,GNNDelete,42,,GIN,gt_full,./selectors/gt_full_gin.yaml,af33ba4c4ab691fdb1af14f8b352676bff01bc9c4d5ff5f40ae32e8b90ef182b,sel_a0eb425e_c92bd6ed,pred_dc62ce50_6fa3e432,86.58722109533468,88.56490872210954,1.9776876267748489,1.749492900608518,6.364097363083164,88.3367139959432,pred_e2d2ddea_62d0d96b
2bfb517634b5687ab92f,PubMed,GNNDelete,42,,baseline,degree,degree.yaml,af33ba4c4ab691fdb1af14f8b352676bff01bc9c4d5ff5f40ae32e8b90ef182b,sel_435257f7_0fc3e473,pred_8b3f4ce2_dd08bf4e,87.2210953346856,88.56490872210954,1.3438133874239422,1.4959432048681554,5.476673427991886,88.71703853955376,pred_1fef0309_5a6f432d
0f1967c9eeb1a6e7f7d4,PubMed,GIF,42,,GCN,r_point,r_point.yaml,af33ba4c4ab691fdb1af14f8b352676bff01bc9c4d5ff5f40ae32e8b90ef182b,sel_97b756d9_95b89a88,pred_2b4a3deb_27a12a2b,88.43813387423936,88.56490872210954,0.12677484787018134,-1.6987829614604544,4.462474645030426,86.7393509127789,pred_5920e465_73183a6a
63d19de7cb66f8f16518,PubMed,GIF,42,,GCN,gt_full,gt_full.yaml,af33ba4c4ab691fdb1af14f8b352676bff01bc9c4d5ff5f40ae32e8b90ef182b,sel_1c7d4683_7b8b89b7,pred_794622dc_19de37c0,88.15922920892496,88.56490872210954,0.40567951318458695,-1.369168356997974,4.234279918864097,86.79006085192698,pred_a098338c_3b2aab2f
8ee6ac6351911c2f6c54,PubMed,GIF,42,,SGC,r_point,./selectors/r_point_sgc.yaml,af33ba4c4ab691fdb1af14f8b352676bff01bc9c4d5ff5f40ae32e8b90ef182b,sel_c25c7180_833705a8,pred_292f4041_c09baaf6,88.64097363083164,88.56490872210954,-0.07606490872210658,-0.050709939148074756,1.7748478701825559,88.59026369168357,pred_e07fdeda_586ea9f4
29009d51575dfbafa441,PubMed,GIF,42,,SGC,gt_full,./selectors/gt_full_sgc.yaml,af33ba4c4ab691fdb1af14f8b352676bff01bc9c4d5ff5f40ae32e8b90ef182b,sel_6079fc6a_f28d79d4,pred_f5903cd4_76bb4a8a,88.59026369168357,88.56490872210954,-0.025354969574031827,0.2789046653144056,2.1044624746450307,88.86916835699797,pred_f23da888_0a01d46c
5548b3ffaa61356e6d73,PubMed,GIF,42,,GAT,r_point,./selectors/r_point_gat.yaml,af33ba4c4ab691fdb1af14f8b352676bff01bc9c4d5ff5f40ae32e8b90ef182b,sel_dab30969_ce6d65cc,pred_1e29b393_849d70ac,88.64097363083164,88.56490872210954,-0.07606490872210658,-3.0425963488843855,7.352941176470589,85.59837728194725,pred_a35936a0_8c7b6b1d
1d7b507c4f57ac30cc86,PubMed,GIF,42,,GAT,gt_full,./selectors/gt_full_gat.yaml,af33ba4c4ab691fdb1af14f8b352676bff01bc9c4d5ff5f40ae32e8b90ef182b,sel_d4b37dea_02297080,pred_4821765b_ad569a05,88.28600405679514,88.56490872210954,0.2789046653144056,-2.6115618661257556,5.856997971602434,85.67444219066938,pred_3e4f4742_e691545c
b69b0870e6bae6b6858f,PubMed,GIF,42,,GIN,r_point,./selectors/r_point_gin.yaml,af33ba4c4ab691fdb1af14f8b352676bff01bc9c4d5ff5f40ae32e8b90ef182b,sel_e10568d7_788993d9,pred_6ccfb704_444311bc,88.64097363083164,88.56490872210954,-0.07606490872210658,-0.6845841784989815,3.0933062880324544,87.95638945233266,pred_83243a78_2f509937
6e0b516e354abf2754fe,PubMed,GIF,42,,GIN,gt_full,./selectors/gt_full_gin.yaml,af33ba4c4ab691fdb1af14f8b352676bff01bc9c4d5ff5f40ae32e8b90ef182b,sel_a0eb425e_c92bd6ed,pred_9690ce1f_681b064e,88.76774847870182,88.56490872210954,-0.20283975659228792,-0.4310344827586188,2.76369168356998,88.3367139959432,pred_e2d2ddea_62d0d96b
7d49896c7287d74609df,PubMed,GIF,42,,baseline,degree,degree.yaml,af33ba4c4ab691fdb1af14f8b352676bff01bc9c4d5ff5f40ae32e8b90ef182b,sel_435257f7_0fc3e473,pred_64511639_981a21f9,88.31135902636917,88.56490872210954,0.2535496957403627,0.40567951318457585,2.712981744421907,88.71703853955376,pred_1fef0309_5a6f432d
c736a7949f0da6c1952d,PubMed,IDEA,42,,GCN,r_point,r_point.yaml,af33ba4c4ab691fdb1af14f8b352676bff01bc9c4d5ff5f40ae32e8b90ef182b,sel_97b756d9_95b89a88,pred_243119d2_447ba7dd,88.43813387423936,88.56490872210954,0.12677484787018134,-1.6987829614604544,4.462474645030426,86.7393509127789,pred_5920e465_73183a6a
b2e2822e29d1d5ac1fd1,PubMed,IDEA,42,,GCN,gt_full,gt_full.yaml,af33ba4c4ab691fdb1af14f8b352676bff01bc9c4d5ff5f40ae32e8b90ef182b,sel_1c7d4683_7b8b89b7,pred_6bc5868e_de3ea1f2,88.15922920892496,88.56490872210954,0.40567951318458695,-1.369168356997974,4.234279918864097,86.79006085192698,pred_a098338c_3b2aab2f
9b39ce5a66210bc811c8,PubMed,IDEA,42,,SGC,r_point,./selectors/r_point_sgc.yaml,af33ba4c4ab691fdb1af14f8b352676bff01bc9c4d5ff5f40ae32e8b90ef182b,sel_c25c7180_833705a8,pred_84070ee1_23f35e8d,88.64097363083164,88.56490872210954,-0.07606490872210658,-0.050709939148074756,1.7748478701825559,88.59026369168357,pred_e07fdeda_586ea9f4
d05bf97f940badebaa5d,PubMed,IDEA,42,,SGC,gt_full,./selectors/gt_full_sgc.yaml,af33ba4c4ab691fdb1af14f8b352676bff01bc9c4d5ff5f40ae32e8b90ef182b,sel_6079fc6a_f28d79d4,pred_5d7826ae_e95764e0,88.59026369168357,88.56490872210954,-0.025354969574031827,0.2789046653144056,2.1044624746450307,88.86916835699797,pred_f23da888_0a01d46c
b9cb92f7744dc5fc223a,PubMed,IDEA,42,,GAT,r_point,./selectors/r_point_gat.yaml,af33ba4c4ab691fdb1af14f8b352676bff01bc9c4d5ff5f40ae32e8b90ef182b,sel_dab30969_ce6d65cc,pred_f594177c_be83aac6,88.64097363083164,88.56490872210954,-0.07606490872210658,-3.0425963488843855,7.352941176470589,85.59837728194725,pred_a35936a0_8c7b6b1d
55b63ad5f39a386a5bd3,PubMed,IDEA,42,,GAT,gt_full,./selectors/gt_full_gat.yaml,af33ba4c4ab691fdb1af14f8b352676bff01bc9c4d5ff5f40ae32e8b90ef182b,sel_d4b37dea_02297080,pred_437ceb94_500dedf5,88.28600405679514,88.56490872210954,0.2789046653144056,-2.6115618661257556,5.856997971602434,85.67444219066938,pred_3e4f4742_e691545c
37c522e1467d07aa3480,PubMed,IDEA,42,,GIN,r_point,./selectors/r_point_gin.yaml,af33ba4c4ab691fdb1af14f8b352676bff01bc9c4d5ff5f40ae32e8b90ef182b,sel_e10568d7_788993d9,pred_6cdf4863_2dca3962,88.64097363083164,88.56490872210954,-0.07606490872210658,-0.6845841784989815,3.0933062880324544,87.95638945233266,pred_83243a78_2f509937
10156a73498c9bbad293,PubMed,IDEA,42,,GIN,gt_full,./selectors/gt_full_gin.yaml,af33ba4c4ab691fdb1af14f8b352676bff01bc9c4d5ff5f40ae32e8b90ef182b,sel_a0eb425e_c92bd6ed,pred_ced4b9dc_44dc05b9,88.76774847870182,88.56490872210954,-0.20283975659228792,-0.4310344827586188,2.76369168356998,88.3367139959432,pred_e2d2ddea_62d0d96b
92c025a3d3cb190c71ff,PubMed,IDEA,42,,baseline,degree,degree.yaml,af33ba4c4ab691fdb1af14f8b352676bff01bc9c4d5ff5f40ae32e8b90ef182b,sel_435257f7_0fc3e473,pred_e5524750_b5207c09,88.31135902636917,88.56490872210954,0.2535496957403627,0.40567951318457585,2.712981744421907,88.71703853955376,pred_1fef0309_5a6f432d
bc327be2faf3036083c1,PubMed,MEGU,42,,GCN,r_point,r_point.yaml,af33ba4c4ab691fdb1af14f8b352676bff01bc9c4d5ff5f40ae32e8b90ef182b,sel_97b756d9_95b89a88,pred_46571adb_08785c5c,86.56186612576064,88.56490872210954,2.003042596348892,0.1774847870182561,6.871196754563895,86.7393509127789,pred_5920e465_73183a6a
1fb091fb7842cf9d7c27,PubMed,MEGU,42,,GCN,gt_full,gt_full.yaml,af33ba4c4ab691fdb1af14f8b352676bff01bc9c4d5ff5f40ae32e8b90ef182b,sel_1c7d4683_7b8b89b7,pred_fbe23093_4b07f273,86.51115618661258,88.56490872210954,2.0537525354969555,0.2789046653143945,8.341784989858011,86.79006085192698,pred_a098338c_3b2aab2f
a84eea5529a591be64d6,PubMed,MEGU,42,,SGC,r_point,./selectors/r_point_sgc.yaml,af33ba4c4ab691fdb1af14f8b352676bff01bc9c4d5ff5f40ae32e8b90ef182b,sel_c25c7180_833705a8,pred_53f7f216_923a2998,86.43509127789046,88.56490872210954,2.129817444219073,2.155172413793105,5.755578093306288,88.59026369168357,pred_e07fdeda_586ea9f4
b17215ec404fb8c783de,PubMed,MEGU,42,,SGC,gt_full,./selectors/gt_full_sgc.yaml,af33ba4c4ab691fdb1af14f8b352676bff01bc9c4d5ff5f40ae32e8b90ef182b,sel_6079fc6a_f28d79d4,pred_167da7a3_14df27f3,86.58722109533468,88.56490872210954,1.9776876267748489,2.2819472616632863,5.755578093306288,88.86916835699797,pred_f23da888_0a01d46c
ac10cafe338a0460bf1b,PubMed,MEGU,42,,GAT,r_point,./selectors/r_point_gat.yaml,af33ba4c4ab691fdb1af14f8b352676bff01bc9c4d5ff5f40ae32e8b90ef182b,sel_dab30969_ce6d65cc,pred_8e96ec22_33c97117,86.43509127789046,88.56490872210954,2.129817444219073,-0.8367139959432057,9.939148073022313,85.59837728194725,pred_a35936a0_8c7b6b1d
ebd6b127575f389b0c8a,PubMed,MEGU,42,,GAT,gt_full,./selectors/gt_full_gat.yaml,af33ba4c4ab691fdb1af14f8b352676bff01bc9c4d5ff5f40ae32e8b90ef182b,sel_d4b37dea_02297080,pred_e3b246ce_50debc97,86.38438133874239,88.56490872210954,2.180527383367148,-0.7099391480730133,9.863083164300203,85.67444219066938,pred_3e4f4742_e691545c
0c527d7c79c5ac211a94,PubMed,MEGU,42,,GIN,r_point,./selectors/r_point_gin.yaml,af33ba4c4ab691fdb1af14f8b352676bff01bc9c4d5ff5f40ae32e8b90ef182b,sel_e10568d7_788993d9,pred_6f0fb93a_a593bdea,86.58722109533468,88.56490872210954,1.9776876267748489,1.369168356997974,6.0344827586206895,87.95638945233266,pred_83243a78_2f509937
44994e48c9499cb4726a,PubMed,MEGU,42,,GIN,gt_full,./selectors/gt_full_gin.yaml,af33ba4c4ab691fdb1af14f8b352676bff01bc9c4d5ff5f40ae32e8b90ef182b,sel_a0eb425e_c92bd6ed,pred_784c3edc_4b9c1ff0,86.51115618661258,88.56490872210954,2.0537525354969555,1.8255578093306246,6.845841784989857,88.3367139959432,pred_e2d2ddea_62d0d96b
f29a99da2a9db3ce1524,PubMed,MEGU,42,,baseline,degree,degree.yaml,af33ba4c4ab691fdb1af14f8b352676bff01bc9c4d5ff5f40ae32e8b90ef182b,sel_435257f7_0fc3e473,pred_1d74da98_aad6780a,86.68864097363083,88.56490872210954,1.8762677484787105,2.0283975659229236,5.52738336713996,88.71703853955376,pred_1fef0309_5a6f432d
50f7b7e707abbbb79fe8,PubMed,GraphEraser,42,,GCN,r_point,r_point.yaml,af33ba4c4ab691fdb1af14f8b352676bff01bc9c4d5ff5f40ae32e8b90ef182b,sel_97b756d9_95b89a88,pred_e9fc82cf_0681c872,86.105476673428,87.44929006085192,1.343813387423931,0.6338742393509067,7.657200811359026,86.7393509127789,pred_5920e465_73183a6a
6e86e745f49ea119e6ce,PubMed,GraphEraser,42,,GCN,gt_full,gt_full.yaml,af33ba4c4ab691fdb1af14f8b352676bff01bc9c4d5ff5f40ae32e8b90ef182b,sel_1c7d4683_7b8b89b7,pred_dd903f2b_ba58aedc,86.51115618661258,87.44929006085192,0.9381338742393441,0.2789046653143945,7.834685598377282,86.79006085192698,pred_a098338c_3b2aab2f
fbf12cbee41f13838f3e,PubMed,GraphEraser,42,,SGC,r_point,./selectors/r_point_sgc.yaml,af33ba4c4ab691fdb1af14f8b352676bff01bc9c4d5ff5f40ae32e8b90ef182b,sel_c25c7180_833705a8,pred_f9c03d77_256cc1cd,86.76470588235294,87.44929006085192,0.6845841784989815,1.8255578093306246,8.037525354969574,88.59026369168357,pred_e07fdeda_586ea9f4
673075d8082734a1fe0c,PubMed,GraphEraser,42,,SGC,gt_full,./selectors/gt_full_sgc.yaml,af33ba4c4ab691fdb1af14f8b352676bff01bc9c4d5ff5f40ae32e8b90ef182b,sel_6079fc6a_f28d79d4,pred_0e56539f_eda17f15,86.96754563894523,87.44929006085192,0.48174442190669353,1.9016227180527423,8.13894523326572,88.86916835699797,pred_f23da888_0a01d46c
0732447fc26a28be45a3,PubMed,GraphEraser,42,,GAT,r_point,./selectors/r_point_gat.yaml,af33ba4c4ab691fdb1af14f8b352676bff01bc9c4d5ff5f40ae32e8b90ef182b,sel_dab30969_ce6d65cc,pred_62356433_603054fc,85.19269776876268,87.44929006085192,2.2565922920892434,0.40567951318457585,8.848884381338742,85.59837728194725,pred_a35936a0_8c7b6b1d
5bd130df4b012752ef81,PubMed,GraphEraser,42,,GAT,gt_full,./selectors/gt_full_gat.yaml,af33ba4c4ab691fdb1af14f8b352676bff01bc9c4d5ff5f40ae32e8b90ef182b,sel_d4b37dea_02297080,pred_73e5f257_f2e74c3c,86.13083164300203,87.44929006085192,1.3184584178498993,-0.4563894523326506,9.051724137931034,85.67444219066938,pred_3e4f4742_e691545c
b7eab22c3a3497292ab6,PubMed,GraphEraser,42,,GIN,r_point,./selectors/r_point_gin.yaml,af33ba4c4ab691fdb1af14f8b352676bff01bc9c4d5ff5f40ae32e8b90ef182b,sel_e10568d7_788993d9,pred_b36f842a_5b10ad1d,86.13083164300203,87.44929006085192,1.3184584178498993,1.8255578093306357,8.037525354969574,87.95638945233266,pred_83243a78_2f509937
a8bfea1bdc63fbe22d0c,PubMed,GraphEraser,42,,GIN,gt_full,./selectors/gt_full_gin.yaml,af33ba4c4ab691fdb1af14f8b352676bff01bc9c4d5ff5f40ae32e8b90ef182b,sel_a0eb425e_c92bd6ed,pred_6b694339_eb3a9ac8,87.09432048681542,87.44929006085192,0.3549695740365122,1.2423935091277927,7.5304259634888435,88.3367139959432,pred_e2d2ddea_62d0d96b
95f6b2f8406ac5b90ee7,PubMed,GraphEraser,42,,baseline,degree,degree.yaml,af33ba4c4ab691fdb1af14f8b352676bff01bc9c4d5ff5f40ae32e8b90ef182b,sel_435257f7_0fc3e473,pred_53cb71c8_317b15d0,87.11967545638946,87.44929006085192,0.32961460446246926,1.5973630831642938,6.7951318458417855,88.71703853955376,pred_1fef0309_5a6f432d
fb6e4bcbce171aefad43,PubMed,GraphRevoker,42,,GCN,r_point,r_point.yaml,af33ba4c4ab691fdb1af14f8b352676bff01bc9c4d5ff5f40ae32e8b90ef182b,sel_97b756d9_95b89a88,pred_774f1b2b_82db7a53,85.01521298174443,86.48580121703854,1.4705882352941124,1.724137931034475,8.443204868154158,86.7393509127789,pred_5920e465_73183a6a
c325f48bd8ae33eb917e,PubMed,GraphRevoker,42,,GCN,gt_full,gt_full.yaml,af33ba4c4ab691fdb1af14f8b352676bff01bc9c4d5ff5f40ae32e8b90ef182b,sel_1c7d4683_7b8b89b7,pred_5009343d_bf392b19,85.5476673427992,86.48580121703854,0.9381338742393441,1.2423935091277816,8.417849898580123,86.79006085192698,pred_a098338c_3b2aab2f
75a2e7997add1d1c22a5,PubMed,GraphRevoker,42,,SGC,r_point,./selectors/r_point_sgc.yaml,af33ba4c4ab691fdb1af14f8b352676bff01bc9c4d5ff5f40ae32e8b90ef182b,sel_c25c7180_833705a8,pred_cd76a6d0_61773391,85.82657200811359,86.48580121703854,0.6592292089249496,2.76369168356998,9.051724137931034,88.59026369168357,pred_e07fdeda_586ea9f4
25950068d79377706844,PubMed,GraphRevoker,42,,SGC,gt_full,./selectors/gt_full_sgc.yaml,af33ba4c4ab691fdb1af14f8b352676bff01bc9c4d5ff5f40ae32e8b90ef182b,sel_6079fc6a_f28d79d4,pred_fc481fcd_afcb638b,86.13083164300203,86.48580121703854,0.3549695740365122,2.738336713995948,8.950304259634887,88.86916835699797,pred_f23da888_0a01d46c
afa35a5f77f4ce66fce1,PubMed,GraphRevoker,42,,GAT,r_point,./selectors/r_point_gat.yaml,af33ba4c4ab691fdb1af14f8b352676bff01bc9c4d5ff5f40ae32e8b90ef182b,sel_dab30969_ce6d65cc,pred_8a4dd956_a2f095ec,85.37018255578094,86.48580121703854,1.1156186612576002,0.22819472616631975,9.406693711967545,85.59837728194725,pred_a35936a0_8c7b6b1d
f9e4d4d9935113120ee2,PubMed,GraphRevoker,42,,GAT,gt_full,./selectors/gt_full_gat.yaml,af33ba4c4ab691fdb1af14f8b352676bff01bc9c4d5ff5f40ae32e8b90ef182b,sel_d4b37dea_02297080,pred_a1f8029c_18af1996,85.90263691683569,86.48580121703854,0.583164300202843,-0.22819472616631975,9.558823529411764,85.67444219066938,pred_3e4f4742_e691545c
28722c2529b7aca7ff9b,PubMed,GraphRevoker,42,,GIN,r_point,./selectors/r_point_gin.yaml,af33ba4c4ab691fdb1af14f8b352676bff01bc9c4d5ff5f40ae32e8b90ef182b,sel_e10568d7_788993d9,pred_7838d293_c0f2640c,85.80121703853956,86.48580121703854,0.6845841784989815,2.155172413793105,8.291075050709939,87.95638945233266,pred_83243a78_2f509937
1422016ddb008f91a9ba,PubMed,GraphRevoker,42,,GIN,gt_full,./selectors/gt_full_gin.yaml,af33ba4c4ab691fdb1af14f8b352676bff01bc9c4d5ff5f40ae32e8b90ef182b,sel_a0eb425e_c92bd6ed,pred_c8e147f7_bef044c0,86.23225152129818,86.48580121703854,0.2535496957403627,2.1044624746450302,7.936105476673427,88.3367139959432,pred_e2d2ddea_62d0d96b
82d7f4865250f97014f9,PubMed,GraphRevoker,42,,baseline,degree,degree.yaml,af33ba4c4ab691fdb1af14f8b352676bff01bc9c4d5ff5f40ae32e8b90ef182b,sel_435257f7_0fc3e473,pred_20aed6fc_910cb0ad,86.6632860040568,86.48580121703854,-0.1774847870182561,2.0537525354969555,7.733265720081135,88.71703853955376,pred_1fef0309_5a6f432d
2b31161ed6a6e49100b5,PubMed,Retrain,42,,GCN,r_point,r_point.yaml,af33ba4c4ab691fdb1af14f8b352676bff01bc9c4d5ff5f40ae32e8b90ef182b,sel_97b756d9_95b89a88,pred_5920e465_73183a6a,86.7393509127789,,,,,,
6b818f619828bdb550ac,PubMed,Retrain,42,,GCN,gt_full,gt_full.yaml,af33ba4c4ab691fdb1af14f8b352676bff01bc9c4d5ff5f40ae32e8b90ef182b,sel_1c7d4683_7b8b89b7,pred_a098338c_3b2aab2f,86.79006085192698,,,,,,
ae73c2f9883d9a45d29e,PubMed,Retrain,42,,SGC,r_point,./selectors/r_point_sgc.yaml,af33ba4c4ab691fdb1af14f8b352676bff01bc9c4d5ff5f40ae32e8b90ef182b,sel_c25c7180_833705a8,pred_e07fdeda_586ea9f4,88.59026369168357,,,,,,
69a5944ece214d9e189a,PubMed,Retrain,42,,SGC,gt_full,./selectors/gt_full_sgc.yaml,af33ba4c4ab691fdb1af14f8b352676bff01bc9c4d5ff5f40ae32e8b90ef182b,sel_6079fc6a_f28d79d4,pred_f23da888_0a01d46c,88.86916835699797,,,,,,
541f383e106497f7335a,PubMed,Retrain,42,,GAT,r_point,./selectors/r_point_gat.yaml,af33ba4c4ab691fdb1af14f8b352676bff01bc9c4d5ff5f40ae32e8b90ef182b,sel_dab30969_ce6d65cc,pred_a35936a0_8c7b6b1d,85.59837728194725,,,,,,
b63f754f358d105e1c30,PubMed,Retrain,42,,GAT,gt_full,./selectors/gt_full_gat.yaml,af33ba4c4ab691fdb1af14f8b352676bff01bc9c4d5ff5f40ae32e8b90ef182b,sel_d4b37dea_02297080,pred_3e4f4742_e691545c,85.67444219066938,,,,,,
e542bbfb06800b6a8721,PubMed,Retrain,42,,GIN,r_point,./selectors/r_point_gin.yaml,af33ba4c4ab691fdb1af14f8b352676bff01bc9c4d5ff5f40ae32e8b90ef182b,sel_e10568d7_788993d9,pred_83243a78_2f509937,87.95638945233266,,,,,,
7fdecaa20dd32dea16c6,PubMed,Retrain,42,,GIN,gt_full,./selectors/gt_full_gin.yaml,af33ba4c4ab691fdb1af14f8b352676bff01bc9c4d5ff5f40ae32e8b90ef182b,sel_a0eb425e_c92bd6ed,pred_e2d2ddea_62d0d96b,88.3367139959432,,,,,,
c348ef1ff676668dafed,PubMed,Retrain,42,,baseline,degree,degree.yaml,af33ba4c4ab691fdb1af14f8b352676bff01bc9c4d5ff5f40ae32e8b90ef182b,sel_435257f7_0fc3e473,pred_1fef0309_5a6f432d,88.71703853955376,,,,,,
dd60ef7eef81a9ae2d4c,PubMed,GNNDelete,42,11.0,baseline,random,random.yaml,af33ba4c4ab691fdb1af14f8b352676bff01bc9c4d5ff5f40ae32e8b90ef182b,sel_6573d457_eb63973f,pred_8faed473_6ea4eb44,86.86612576064908,88.56490872210954,1.6987829614604544,1.8762677484787105,5.045638945233265,88.7423935091278,pred_0e441fae_7027b2e2
f9c84471763fde7a2d11,PubMed,GIF,42,11.0,baseline,random,random.yaml,af33ba4c4ab691fdb1af14f8b352676bff01bc9c4d5ff5f40ae32e8b90ef182b,sel_6573d457_eb63973f,pred_fa0042d6_1295b649,88.5395537525355,88.56490872210954,0.02535496957404293,0.20283975659229903,2.434077079107505,88.7423935091278,pred_0e441fae_7027b2e2
e10e3d5630bc67938ccb,PubMed,IDEA,42,11.0,baseline,random,random.yaml,af33ba4c4ab691fdb1af14f8b352676bff01bc9c4d5ff5f40ae32e8b90ef182b,sel_6573d457_eb63973f,pred_1ed70b62_363f6d2a,88.5395537525355,88.56490872210954,0.02535496957404293,0.20283975659229903,2.434077079107505,88.7423935091278,pred_0e441fae_7027b2e2
91513400b43f5ceefe99,PubMed,MEGU,42,11.0,baseline,random,random.yaml,af33ba4c4ab691fdb1af14f8b352676bff01bc9c4d5ff5f40ae32e8b90ef182b,sel_6573d457_eb63973f,pred_860f8904_e98ebe24,86.58722109533468,88.56490872210954,1.9776876267748489,2.155172413793105,5.856997971602434,88.7423935091278,pred_0e441fae_7027b2e2
06cbe22562719c82a3f9,PubMed,GraphEraser,42,11.0,baseline,random,random.yaml,af33ba4c4ab691fdb1af14f8b352676bff01bc9c4d5ff5f40ae32e8b90ef182b,sel_6573d457_eb63973f,pred_420d3da7_6ac57a1d,87.19574036511156,87.44929006085192,0.2535496957403627,1.54665314401623,7.682555780933063,88.7423935091278,pred_0e441fae_7027b2e2
4feea3a3350c49d235a0,PubMed,GraphRevoker,42,11.0,baseline,random,random.yaml,af33ba4c4ab691fdb1af14f8b352676bff01bc9c4d5ff5f40ae32e8b90ef182b,sel_6573d457_eb63973f,pred_4575f61c_e8a4120f,86.33367139959432,86.48580121703854,0.15212981744421317,2.4087221095334677,8.443204868154158,88.7423935091278,pred_0e441fae_7027b2e2
628a11a171ebe9e20458,PubMed,Retrain,42,11.0,baseline,random,random.yaml,af33ba4c4ab691fdb1af14f8b352676bff01bc9c4d5ff5f40ae32e8b90ef182b,sel_6573d457_eb63973f,pred_0e441fae_7027b2e2,88.7423935091278,,,,,,
91d07e063d9902235d8f,PubMed,GNNDelete,42,22.0,baseline,random,random.yaml,af33ba4c4ab691fdb1af14f8b352676bff01bc9c4d5ff5f40ae32e8b90ef182b,sel_53170519_cecc2743,pred_5f0ae066_71898ec7,85.47160243407707,88.56490872210954,3.09330628803246,2.941176470588236,8.113590263691684,88.41277890466532,pred_65b76da1_abe6f2dc
2ade5b2d0b986de6ae34,PubMed,GIF,42,22.0,baseline,random,random.yaml,af33ba4c4ab691fdb1af14f8b352676bff01bc9c4d5ff5f40ae32e8b90ef182b,sel_53170519_cecc2743,pred_26b323f5_4c24b48b,88.56490872210954,88.56490872210954,0.0,-0.15212981744422427,1.4705882352941175,88.41277890466532,pred_65b76da1_abe6f2dc
e78aa5c48903e27a2a2a,PubMed,IDEA,42,22.0,baseline,random,random.yaml,af33ba4c4ab691fdb1af14f8b352676bff01bc9c4d5ff5f40ae32e8b90ef182b,sel_53170519_cecc2743,pred_d48a492d_1b2a2c27,88.56490872210954,88.56490872210954,0.0,-0.15212981744422427,1.4705882352941175,88.41277890466532,pred_65b76da1_abe6f2dc
6401ad0e93ffef80cfe6,PubMed,MEGU,42,22.0,baseline,random,random.yaml,af33ba4c4ab691fdb1af14f8b352676bff01bc9c4d5ff5f40ae32e8b90ef182b,sel_53170519_cecc2743,pred_5f0b2843_77500587,86.43509127789046,88.56490872210954,2.129817444219073,1.9776876267748489,5.045638945233265,88.41277890466532,pred_65b76da1_abe6f2dc
04e1d8e37610e2df504c,PubMed,GraphEraser,42,22.0,baseline,random,random.yaml,af33ba4c4ab691fdb1af14f8b352676bff01bc9c4d5ff5f40ae32e8b90ef182b,sel_53170519_cecc2743,pred_8a9a6d05_5b1f61eb,87.34787018255578,87.44929006085192,0.10141987829614951,1.0649087221095366,7.657200811359026,88.41277890466532,pred_65b76da1_abe6f2dc
18f7ffb33346b80f1e1b,PubMed,GraphRevoker,42,22.0,baseline,random,random.yaml,af33ba4c4ab691fdb1af14f8b352676bff01bc9c4d5ff5f40ae32e8b90ef182b,sel_53170519_cecc2743,pred_bf461015_a8533c0f,86.61257606490872,86.48580121703854,-0.12677484787018134,1.8002028397565928,8.21501014198783,88.41277890466532,pred_65b76da1_abe6f2dc
8da38245f6cd3d646b8b,PubMed,Retrain,42,22.0,baseline,random,random.yaml,af33ba4c4ab691fdb1af14f8b352676bff01bc9c4d5ff5f40ae32e8b90ef182b,sel_53170519_cecc2743,pred_65b76da1_abe6f2dc,88.41277890466532,,,,,,
616cdf3cf85f14cced13,PubMed,GNNDelete,42,33.0,baseline,random,random.yaml,af33ba4c4ab691fdb1af14f8b352676bff01bc9c4d5ff5f40ae32e8b90ef182b,sel_db76d97d_afad25a1,pred_41a33eea_54012d63,85.5476673427992,88.56490872210954,3.0172413793103425,2.890466531440161,7.175456389452332,88.43813387423936,pred_db724850_ac1c4726
e98456ca48d1cc29db97,PubMed,GIF,42,33.0,baseline,random,random.yaml,af33ba4c4ab691fdb1af14f8b352676bff01bc9c4d5ff5f40ae32e8b90ef182b,sel_db76d97d_afad25a1,pred_f0c6796a_08885ca1,88.5395537525355,88.56490872210954,0.02535496957404293,-0.10141987829613841,2.586206896551724,88.43813387423936,pred_db724850_ac1c4726
e95c372ffc01a6b35f2b,PubMed,IDEA,42,33.0,baseline,random,random.yaml,af33ba4c4ab691fdb1af14f8b352676bff01bc9c4d5ff5f40ae32e8b90ef182b,sel_db76d97d_afad25a1,pred_1d6c7da3_f72c8fb6,88.5395537525355,88.56490872210954,0.02535496957404293,-0.10141987829613841,2.586206896551724,88.43813387423936,pred_db724850_ac1c4726
5896d7f62eb22c18e835,PubMed,MEGU,42,33.0,baseline,random,random.yaml,af33ba4c4ab691fdb1af14f8b352676bff01bc9c4d5ff5f40ae32e8b90ef182b,sel_db76d97d_afad25a1,pred_b5a7bfce_5362f61e,86.84077079107504,88.56490872210954,1.7241379310344862,1.5973630831643049,5.9330628803245435,88.43813387423936,pred_db724850_ac1c4726
5568300b4ff852f2e256,PubMed,GraphEraser,42,33.0,baseline,random,random.yaml,af33ba4c4ab691fdb1af14f8b352676bff01bc9c4d5ff5f40ae32e8b90ef182b,sel_db76d97d_afad25a1,pred_20235e21_e8c7d527,86.96754563894523,87.44929006085192,0.48174442190669353,1.4705882352941235,8.012170385395539,88.43813387423936,pred_db724850_ac1c4726
6bd44420ddd62e2c49e0,PubMed,GraphRevoker,42,33.0,baseline,random,random.yaml,af33ba4c4ab691fdb1af14f8b352676bff01bc9c4d5ff5f40ae32e8b90ef182b,sel_db76d97d_afad25a1,pred_95e7f610_317e443e,86.56186612576064,86.48580121703854,-0.07606490872210658,1.8762677484787105,8.341784989858011,88.43813387423936,pred_db724850_ac1c4726
0e51525ec30d723df697,PubMed,Retrain,42,33.0,baseline,random,random.yaml,af33ba4c4ab691fdb1af14f8b352676bff01bc9c4d5ff5f40ae32e8b90ef182b,sel_db76d97d_afad25a1,pred_db724850_ac1c4726,88.43813387423936,,,,,,
1b640ef6e7f2f9277cc9,PubMed,GNNDelete,212,,GCN,r_point,r_point.yaml,af33ba4c4ab691fdb1af14f8b352676bff01bc9c4d5ff5f40ae32e8b90ef182b,sel_61d739bc_e32b6515,pred_d69d5946_4876da22,87.70283975659228,88.3367139959432,0.6338742393509178,-1.5973630831642938,8.265720081135902,86.105476673428,pred_94f9d8d8_9ba5bec4
39c22bb8b1e7d09950da,PubMed,GNNDelete,212,,GCN,gt_full,gt_full.yaml,af33ba4c4ab691fdb1af14f8b352676bff01bc9c4d5ff5f40ae32e8b90ef182b,sel_b8abfd33_551dc83d,pred_8294e799_8aef58c3,87.24645030425964,88.3367139959432,1.0902636916835684,-1.572008113590262,10.75050709939148,85.67444219066938,pred_8bb15b13_bc9b7ba1
5d2cfe7017654ca7656f,PubMed,GNNDelete,212,,SGC,r_point,./selectors/r_point_sgc.yaml,af33ba4c4ab691fdb1af14f8b352676bff01bc9c4d5ff5f40ae32e8b90ef182b,sel_f83b8192_8471bb5b,pred_c2254d30_0df1c51b,83.72210953346855,88.3367139959432,4.614604462474647,4.96957403651116,10.39553752535497,88.69168356997972,pred_18a0b8eb_525cffc2
fb09011d832b8b9e6e8b,PubMed,GNNDelete,212,,SGC,gt_full,./selectors/gt_full_sgc.yaml,af33ba4c4ab691fdb1af14f8b352676bff01bc9c4d5ff5f40ae32e8b90ef182b,sel_28347f34_6e9ea121,pred_22ecca25_c2375e85,81.08519269776876,88.3367139959432,7.2515212981744455,7.099391480730222,12.728194726166327,88.18458417849898,pred_19ef9f5f_3939f3ad
682caa218850694591f2,PubMed,GNNDelete,212,,GAT,r_point,./selectors/r_point_gat.yaml,af33ba4c4ab691fdb1af14f8b352676bff01bc9c4d5ff5f40ae32e8b90ef182b,sel_9d4f74ca_33c7f5be,pred_562852e8_1387ce5c,83.01217038539554,88.3367139959432,5.324543610547671,3.8032454361054846,8.493914807302232,86.81541582150102,pred_0f496c66_29b26f51
5503d222e63f04300093,PubMed,GNNDelete,212,,GAT,gt_full,./selectors/gt_full_gat.yaml,af33ba4c4ab691fdb1af14f8b352676bff01bc9c4d5ff5f40ae32e8b90ef182b,sel_2417b711_32797bab,pred_a7921da3_b3cc8d53,87.29716024340772,88.3367139959432,1.0395537525354936,-0.2789046653144056,8.21501014198783,87.0182555780933,pred_3f24cea2_f2723373
1ee87af6fd9e334bb193,PubMed,GNNDelete,212,,GIN,r_point,./selectors/r_point_gin.yaml,af33ba4c4ab691fdb1af14f8b352676bff01bc9c4d5ff5f40ae32e8b90ef182b,sel_32094166_84fdd867,pred_06294a03_87beda77,87.2210953346856,88.3367139959432,1.1156186612576113,-0.380324543610544,6.009127789046653,86.84077079107504,pred_a192c0bd_f45a019c
525d6356ce6ef5573247,PubMed,GNNDelete,212,,GIN,gt_full,./selectors/gt_full_gin.yaml,af33ba4c4ab691fdb1af14f8b352676bff01bc9c4d5ff5f40ae32e8b90ef182b,sel_496686dc_b8baeb31,pred_bee1739d_4ea668ee,87.65212981744422,88.3367139959432,0.6845841784989815,-0.3549695740365122,5.045638945233265,87.29716024340772,pred_cfcbffb8_3f31be8d
ffb8294823b92f89709f,PubMed,GNNDelete,212,,baseline,degree,degree.yaml,af33ba4c4ab691fdb1af14f8b352676bff01bc9c4d5ff5f40ae32e8b90ef182b,sel_435257f7_0fc3e473,pred_93b77d14_3e71def1,87.4239350912779,88.3367139959432,0.9127789046653123,1.3184584178498993,5.578093306288032,88.7423935091278,pred_9cdf0a5c_7ab68e5c
8aeb4b259c5325560b26,PubMed,GIF,212,,GCN,r_point,r_point.yaml,af33ba4c4ab691fdb1af14f8b352676bff01bc9c4d5ff5f40ae32e8b90ef182b,sel_61d739bc_e32b6515,pred_38948f51_090c239f,87.24645030425964,88.3367139959432,1.0902636916835684,-1.1409736308316432,3.27079107505071,86.105476673428,pred_94f9d8d8_9ba5bec4
5d9744d2a0b2e5a92657,PubMed,GIF,212,,GCN,gt_full,gt_full.yaml,af33ba4c4ab691fdb1af14f8b352676bff01bc9c4d5ff5f40ae32e8b90ef182b,sel_b8abfd33_551dc83d,pred_52b11650_2c4bf576,87.11967545638946,88.3367139959432,1.2170385395537497,-1.4452332657200806,3.5496957403651117,85.67444219066938,pred_8bb15b13_bc9b7ba1
07ea77573fbba5ade847,PubMed,GIF,212,,SGC,r_point,./selectors/r_point_sgc.yaml,af33ba4c4ab691fdb1af14f8b352676bff01bc9c4d5ff5f40ae32e8b90ef182b,sel_f83b8192_8471bb5b,pred_d83f439a_0eddce7f,88.31135902636917,88.3367139959432,0.025354969574031827,0.380324543610544,2.712981744421907,88.69168356997972,pred_18a0b8eb_525cffc2
288a4615ea6e901b1574,PubMed,GIF,212,,SGC,gt_full,./selectors/gt_full_sgc.yaml,af33ba4c4ab691fdb1af14f8b352676bff01bc9c4d5ff5f40ae32e8b90ef182b,sel_28347f34_6e9ea121,pred_1117a936_6e0814ef,88.23529411764706,88.3367139959432,0.10141987829614951,-0.050709939148074756,2.3073022312373226,88.18458417849898,pred_19ef9f5f_3939f3ad
27c10eeca939f5cbf189,PubMed,GIF,212,,GAT,r_point,./selectors/r_point_gat.yaml,af33ba4c4ab691fdb1af14f8b352676bff01bc9c4d5ff5f40ae32e8b90ef182b,sel_9d4f74ca_33c7f5be,pred_bfc77f45_4e47ad47,87.80425963488844,88.3367139959432,0.5324543610547683,-0.9888438133874189,2.789046653144016,86.81541582150102,pred_0f496c66_29b26f51
b2bb24ef9630e78d0e9f,PubMed,GIF,212,,GAT,gt_full,./selectors/gt_full_gat.yaml,af33ba4c4ab691fdb1af14f8b352676bff01bc9c4d5ff5f40ae32e8b90ef182b,sel_2417b711_32797bab,pred_7e2d30cc_901df88b,87.75354969574036,88.3367139959432,0.583164300202843,-0.7352941176470562,2.611561866125761,87.0182555780933,pred_3f24cea2_f2723373
22c13205387dc358726c,PubMed,GIF,212,,GIN,r_point,./selectors/r_point_gin.yaml,af33ba4c4ab691fdb1af14f8b352676bff01bc9c4d5ff5f40ae32e8b90ef182b,sel_32094166_84fdd867,pred_83aadbad_da176fc0,87.67748478701826,88.3367139959432,0.6592292089249496,-0.8367139959432057,3.296146044624747,86.84077079107504,pred_a192c0bd_f45a019c
1c0b34635dd97981db8b,PubMed,GIF,212,,GIN,gt_full,./selectors/gt_full_gin.yaml,af33ba4c4ab691fdb1af14f8b352676bff01bc9c4d5ff5f40ae32e8b90ef182b,sel_496686dc_b8baeb31,pred_10cf7051_4a247fc5,87.55070993914808,88.3367139959432,0.786004056795131,-0.2535496957403627,2.789046653144016,87.29716024340772,pred_cfcbffb8_3f31be8d
65f191c4348155b8ae62,PubMed,GIF,212,,baseline,degree,degree.yaml,af33ba4c4ab691fdb1af14f8b352676bff01bc9c4d5ff5f40ae32e8b90ef182b,sel_435257f7_0fc3e473,pred_4a436903_76c1f444,87.9817444219067,88.3367139959432,0.3549695740365122,0.7606490872210991,2.890466531440162,88.7423935091278,pred_9cdf0a5c_7ab68e5c
a3718a01f964b472cf50,PubMed,IDEA,212,,GCN,r_point,r_point.yaml,af33ba4c4ab691fdb1af14f8b352676bff01bc9c4d5ff5f40ae32e8b90ef182b,sel_61d739bc_e32b6515,pred_61275fbe_a021cdad,87.24645030425964,88.3367139959432,1.0902636916835684,-1.1409736308316432,3.27079107505071,86.105476673428,pred_94f9d8d8_9ba5bec4
a37f14896cb158873323,PubMed,IDEA,212,,GCN,gt_full,gt_full.yaml,af33ba4c4ab691fdb1af14f8b352676bff01bc9c4d5ff5f40ae32e8b90ef182b,sel_b8abfd33_551dc83d,pred_16f6abd2_009910e0,87.11967545638946,88.3367139959432,1.2170385395537497,-1.4452332657200806,3.5496957403651117,85.67444219066938,pred_8bb15b13_bc9b7ba1
9ce393680873b2c95a50,PubMed,IDEA,212,,SGC,r_point,./selectors/r_point_sgc.yaml,af33ba4c4ab691fdb1af14f8b352676bff01bc9c4d5ff5f40ae32e8b90ef182b,sel_f83b8192_8471bb5b,pred_7017bf91_ddf915b1,88.31135902636917,88.3367139959432,0.025354969574031827,0.380324543610544,2.712981744421907,88.69168356997972,pred_18a0b8eb_525cffc2
8f63493d326764972c9a,PubMed,IDEA,212,,SGC,gt_full,./selectors/gt_full_sgc.yaml,af33ba4c4ab691fdb1af14f8b352676bff01bc9c4d5ff5f40ae32e8b90ef182b,sel_28347f34_6e9ea121,pred_23baa238_80065cb5,88.23529411764706,88.3367139959432,0.10141987829614951,-0.050709939148074756,2.3073022312373226,88.18458417849898,pred_19ef9f5f_3939f3ad
f6fc014c6e7c83fbd8fe,PubMed,IDEA,212,,GAT,r_point,./selectors/r_point_gat.yaml,af33ba4c4ab691fdb1af14f8b352676bff01bc9c4d5ff5f40ae32e8b90ef182b,sel_9d4f74ca_33c7f5be,pred_9d90c70f_48f25494,87.80425963488844,88.3367139959432,0.5324543610547683,-0.9888438133874189,2.789046653144016,86.81541582150102,pred_0f496c66_29b26f51
5fab2516895c3e8cab45,PubMed,IDEA,212,,GAT,gt_full,./selectors/gt_full_gat.yaml,af33ba4c4ab691fdb1af14f8b352676bff01bc9c4d5ff5f40ae32e8b90ef182b,sel_2417b711_32797bab,pred_15c6e27c_c837de7d,87.75354969574036,88.3367139959432,0.583164300202843,-0.7352941176470562,2.611561866125761,87.0182555780933,pred_3f24cea2_f2723373
ad56c84b84db4a1dc96f,PubMed,IDEA,212,,GIN,r_point,./selectors/r_point_gin.yaml,af33ba4c4ab691fdb1af14f8b352676bff01bc9c4d5ff5f40ae32e8b90ef182b,sel_32094166_84fdd867,pred_d36bd074_1a00cc0c,87.67748478701826,88.3367139959432,0.6592292089249496,-0.8367139959432057,3.296146044624747,86.84077079107504,pred_a192c0bd_f45a019c
caa04c54c1b4c14be691,PubMed,IDEA,212,,GIN,gt_full,./selectors/gt_full_gin.yaml,af33ba4c4ab691fdb1af14f8b352676bff01bc9c4d5ff5f40ae32e8b90ef182b,sel_496686dc_b8baeb31,pred_1c0d5547_f3b12a0f,87.55070993914808,88.3367139959432,0.786004056795131,-0.2535496957403627,2.789046653144016,87.29716024340772,pred_cfcbffb8_3f31be8d
ee24290224b41758dca7,PubMed,IDEA,212,,baseline,degree,degree.yaml,af33ba4c4ab691fdb1af14f8b352676bff01bc9c4d5ff5f40ae32e8b90ef182b,sel_435257f7_0fc3e473,pred_7f2c6889_0c1bcb1c,87.9817444219067,88.3367139959432,0.3549695740365122,0.7606490872210991,2.890466531440162,88.7423935091278,pred_9cdf0a5c_7ab68e5c
06036cf0898e8f543f7c,PubMed,MEGU,212,,GCN,r_point,r_point.yaml,af33ba4c4ab691fdb1af14f8b352676bff01bc9c4d5ff5f40ae32e8b90ef182b,sel_61d739bc_e32b6515,pred_168066a7_ddc5c61c,86.56186612576064,88.3367139959432,1.774847870182561,-0.4563894523326506,7.5304259634888435,86.105476673428,pred_94f9d8d8_9ba5bec4
a051f3ce55fec6631631,PubMed,MEGU,212,,GCN,gt_full,gt_full.yaml,af33ba4c4ab691fdb1af14f8b352676bff01bc9c4d5ff5f40ae32e8b90ef182b,sel_b8abfd33_551dc83d,pred_8f212ab0_978c0924,86.58722109533468,88.3367139959432,1.749492900608518,-0.9127789046653123,8.493914807302232,85.67444219066938,pred_8bb15b13_bc9b7ba1
ef5032b721f42e9268a2,PubMed,MEGU,212,,SGC,r_point,./selectors/r_point_sgc.yaml,af33ba4c4ab691fdb1af14f8b352676bff01bc9c4d5ff5f40ae32e8b90ef182b,sel_f83b8192_8471bb5b,pred_c341ba07_b673c8ef,86.68864097363083,88.3367139959432,1.6480730223123796,2.003042596348892,6.009127789046653,88.69168356997972,pred_18a0b8eb_525cffc2
ebc8205cfe7465e82753,PubMed,MEGU,212,,SGC,gt_full,./selectors/gt_full_sgc.yaml,af33ba4c4ab691fdb1af14f8b352676bff01bc9c4d5ff5f40ae32e8b90ef182b,sel_28347f34_6e9ea121,pred_3af292a9_37ca8049,86.81541582150102,88.3367139959432,1.5212981744421872,1.369168356997963,5.45131845841785,88.18458417849898,pred_19ef9f5f_3939f3ad
67bade96eb9fa5d1872b,PubMed,MEGU,212,,GAT,r_point,./selectors/r_point_gat.yaml,af33ba4c4ab691fdb1af14f8b352676bff01bc9c4d5ff5f40ae32e8b90ef182b,sel_9d4f74ca_33c7f5be,pred_aa2f2a30_0470d5be,86.5365111561866,88.3367139959432,1.8002028397565928,0.2789046653144056,6.744421906693712,86.81541582150102,pred_0f496c66_29b26f51
f6f1e83b6d00211cf67f,PubMed,MEGU,212,,GAT,gt_full,./selectors/gt_full_gat.yaml,af33ba4c4ab691fdb1af14f8b352676bff01bc9c4d5ff5f40ae32e8b90ef182b,sel_2417b711_32797bab,pred_3c1226b4_55625d87,86.56186612576064,88.3367139959432,1.774847870182561,0.4563894523326617,7.023326572008114,87.0182555780933,pred_3f24cea2_f2723373
b3e0c46dbaf7cda3103c,PubMed,MEGU,212,,GIN,r_point,./selectors/r_point_gin.yaml,af33ba4c4ab691fdb1af14f8b352676bff01bc9c4d5ff5f40ae32e8b90ef182b,sel_32094166_84fdd867,pred_ed492827_0bacca01,86.6632860040568,88.3367139959432,1.6734279918864114,0.1774847870182561,6.338742393509128,86.84077079107504,pred_a192c0bd_f45a019c
d5dbf449869e49f6d263,PubMed,MEGU,212,,GIN,gt_full,./selectors/gt_full_gin.yaml,af33ba4c4ab691fdb1af14f8b352676bff01bc9c4d5ff5f40ae32e8b90ef182b,sel_496686dc_b8baeb31,pred_1f84621a_68a85510,86.68864097363083,88.3367139959432,1.6480730223123796,0.608519269776886,6.059837728194726,87.29716024340772,pred_cfcbffb8_3f31be8d
4373371e436d11a034f2,PubMed,MEGU,212,,baseline,degree,degree.yaml,af33ba4c4ab691fdb1af14f8b352676bff01bc9c4d5ff5f40ae32e8b90ef182b,sel_435257f7_0fc3e473,pred_9350632b_2c564755,86.48580121703854,88.3367139959432,1.8509127789046675,2.2565922920892545,5.578093306288032,88.7423935091278,pred_9cdf0a5c_7ab68e5c
df5e9acbe4dd549c45dd,PubMed,GraphEraser,212,,GCN,r_point,r_point.yaml,af33ba4c4ab691fdb1af14f8b352676bff01bc9c4d5ff5f40ae32e8b90ef182b,sel_61d739bc_e32b6515,pred_ade4c312_969c00cb,85.80121703853956,87.04361054766734,1.2423935091277816,0.30425963488843744,8.21501014198783,86.105476673428,pred_94f9d8d8_9ba5bec4
41833f2a9dc228c31b67,PubMed,GraphEraser,212,,GCN,gt_full,gt_full.yaml,af33ba4c4ab691fdb1af14f8b352676bff01bc9c4d5ff5f40ae32e8b90ef182b,sel_b8abfd33_551dc83d,pred_1a76aae9_931a0d79,86.4604462474645,87.04361054766734,0.5831643002028319,-0.786004056795131,8.848884381338742,85.67444219066938,pred_8bb15b13_bc9b7ba1
70deca7c2c830e53b479,PubMed,GraphEraser,212,,SGC,r_point,./selectors/r_point_sgc.yaml,af33ba4c4ab691fdb1af14f8b352676bff01bc9c4d5ff5f40ae32e8b90ef182b,sel_f83b8192_8471bb5b,pred_f1095b5f_0a73b901,86.08012170385395,87.04361054766734,0.9634888438133871,2.6115618661257667,8.671399594320487,88.69168356997972,pred_18a0b8eb_525cffc2
64ae414a57bb890ab57f,PubMed,GraphEraser,212,,SGC,gt_full,./selectors/gt_full_sgc.yaml,af33ba4c4ab691fdb1af14f8b352676bff01bc9c4d5ff5f40ae32e8b90ef182b,sel_28347f34_6e9ea121,pred_dc2ce1a5_7aebf277,86.61257606490872,87.04361054766734,0.4310344827586188,1.572008113590262,8.265720081135902,88.18458417849898,pred_19ef9f5f_3939f3ad
a8b4d56505ccaf6bf002,PubMed,GraphEraser,212,,GAT,r_point,./selectors/r_point_gat.yaml,af33ba4c4ab691fdb1af14f8b352676bff01bc9c4d5ff5f40ae32e8b90ef182b,sel_9d4f74ca_33c7f5be,pred_ef56928e_f05b032a,85.31947261663286,87.04361054766734,1.724137931034475,1.4959432048681554,7.860040567951318,86.81541582150102,pred_0f496c66_29b26f51
642cbeb920a8a65db652,PubMed,GraphEraser,212,,GAT,gt_full,./selectors/gt_full_gat.yaml,af33ba4c4ab691fdb1af14f8b352676bff01bc9c4d5ff5f40ae32e8b90ef182b,sel_2417b711_32797bab,pred_04b731dc_1f7ab71a,86.15618661257606,87.04361054766734,0.8874239350912694,0.8620689655172376,7.505070993914807,87.0182555780933,pred_3f24cea2_f2723373
29621f690fbd15256ee2,PubMed,GraphEraser,212,,GIN,r_point,./selectors/r_point_gin.yaml,af33ba4c4ab691fdb1af14f8b352676bff01bc9c4d5ff5f40ae32e8b90ef182b,sel_32094166_84fdd867,pred_13df1313_10dd91c4,86.1815415821501,87.04361054766734,0.8620689655172376,0.6592292089249496,7.074036511156187,86.84077079107504,pred_a192c0bd_f45a019c
1fdf68c9eab26581207b,PubMed,GraphEraser,212,,GIN,gt_full,./selectors/gt_full_gin.yaml,af33ba4c4ab691fdb1af14f8b352676bff01bc9c4d5ff5f40ae32e8b90ef182b,sel_496686dc_b8baeb31,pred_a5860a8d_0287960c,86.79006085192698,87.04361054766734,0.2535496957403627,0.5070993914807365,7.606490872210954,87.29716024340772,pred_cfcbffb8_3f31be8d
b701b405ec4e9e458adc,PubMed,GraphEraser,212,,baseline,degree,degree.yaml,af33ba4c4ab691fdb1af14f8b352676bff01bc9c4d5ff5f40ae32e8b90ef182b,sel_435257f7_0fc3e473,pred_f12dc516_f8787c77,87.24645030425964,87.04361054766734,-0.20283975659229903,1.4959432048681554,7.04868154158215,88.7423935091278,pred_9cdf0a5c_7ab68e5c
3e19ce3d3daa8f8c709b,PubMed,GraphRevoker,212,,GCN,r_point,r_point.yaml,af33ba4c4ab691fdb1af14f8b352676bff01bc9c4d5ff5f40ae32e8b90ef182b,sel_61d739bc_e32b6515,pred_33f53967_8097b069,85.49695740365112,86.63793103448276,1.1409736308316432,0.6085192697768749,8.088235294117647,86.105476673428,pred_94f9d8d8_9ba5bec4
2488d44a7594a2c7198d,PubMed,GraphRevoker,212,,GCN,gt_full,gt_full.yaml,af33ba4c4ab691fdb1af14f8b352676bff01bc9c4d5ff5f40ae32e8b90ef182b,sel_b8abfd33_551dc83d,pred_aaaf946c_e696cb8a,85.87728194726166,86.63793103448276,0.7606490872210991,-0.20283975659228792,8.56997971602434,85.67444219066938,pred_8bb15b13_bc9b7ba1
203835b92f019a6973e6,PubMed,GraphRevoker,212,,SGC,r_point,./selectors/r_point_sgc.yaml,af33ba4c4ab691fdb1af14f8b352676bff01bc9c4d5ff5f40ae32e8b90ef182b,sel_f83b8192_8471bb5b,pred_b93d1d52_be640efd,86.1815415821501,86.63793103448276,0.4563894523326617,2.510141987829617,8.848884381338742,88.69168356997972,pred_18a0b8eb_525cffc2
000a59e1af8344284ef9,PubMed,GraphRevoker,212,,SGC,gt_full,./selectors/gt_full_sgc.yaml,af33ba4c4ab691fdb1af14f8b352676bff01bc9c4d5ff5f40ae32e8b90ef182b,sel_28347f34_6e9ea121,pred_fa7c6937_856353ef,86.5365111561866,86.63793103448276,0.10141987829614951,1.6480730223123685,8.468559837728193,88.18458417849898,pred_19ef9f5f_3939f3ad
6db890a2bec0adaea081,PubMed,GraphRevoker,212,,GAT,r_point,./selectors/r_point_gat.yaml,af33ba4c4ab691fdb1af14f8b352676bff01bc9c4d5ff5f40ae32e8b90ef182b,sel_9d4f74ca_33c7f5be,pred_8aa3015f_db1cc3a6,84.00101419878297,86.63793103448276,2.6369168356997985,2.8144016227180546,8.924949290060852,86.81541582150102,pred_0f496c66_29b26f51
10c34d0f9ba281eaf857,PubMed,GraphRevoker,212,,GAT,gt_full,./selectors/gt_full_gat.yaml,af33ba4c4ab691fdb1af14f8b352676bff01bc9c4d5ff5f40ae32e8b90ef182b,sel_2417b711_32797bab,pred_225b8840_a24949ec,85.77586206896551,86.63793103448276,0.8620689655172487,1.2423935091277927,8.367139959432048,87.0182555780933,pred_3f24cea2_f2723373
9a14f04234138ae0dfa8,PubMed,GraphRevoker,212,,GIN,r_point,./selectors/r_point_gin.yaml,af33ba4c4ab691fdb1af14f8b352676bff01bc9c4d5ff5f40ae32e8b90ef182b,sel_32094166_84fdd867,pred_18571288_318f5a3a,85.85192697768763,86.63793103448276,0.786004056795131,0.9888438133874189,7.936105476673427,86.84077079107504,pred_a192c0bd_f45a019c
b059646e0e54966fbd13,PubMed,GraphRevoker,212,,GIN,gt_full,./selectors/gt_full_gin.yaml,af33ba4c4ab691fdb1af14f8b352676bff01bc9c4d5ff5f40ae32e8b90ef182b,sel_496686dc_b8baeb31,pred_f69b98a0_3494770d,86.15618661257606,86.63793103448276,0.48174442190669353,1.1409736308316432,8.367139959432048,87.29716024340772,pred_cfcbffb8_3f31be8d
4c0c3109d3c30a49f2b5,PubMed,GraphRevoker,212,,baseline,degree,degree.yaml,af33ba4c4ab691fdb1af14f8b352676bff01bc9c4d5ff5f40ae32e8b90ef182b,sel_435257f7_0fc3e473,pred_b10f26c3_47cded62,86.63793103448276,86.63793103448276,0.0,2.1044624746450302,7.581135902636917,88.7423935091278,pred_9cdf0a5c_7ab68e5c
721fd23e553575fda6a6,PubMed,Retrain,212,,GCN,r_point,r_point.yaml,af33ba4c4ab691fdb1af14f8b352676bff01bc9c4d5ff5f40ae32e8b90ef182b,sel_61d739bc_e32b6515,pred_94f9d8d8_9ba5bec4,86.105476673428,,,,,,
e772a84c4b16ec0977b3,PubMed,Retrain,212,,GCN,gt_full,gt_full.yaml,af33ba4c4ab691fdb1af14f8b352676bff01bc9c4d5ff5f40ae32e8b90ef182b,sel_b8abfd33_551dc83d,pred_8bb15b13_bc9b7ba1,85.67444219066938,,,,,,
9e0020ac2fb5fb4b4dd3,PubMed,Retrain,212,,SGC,r_point,./selectors/r_point_sgc.yaml,af33ba4c4ab691fdb1af14f8b352676bff01bc9c4d5ff5f40ae32e8b90ef182b,sel_f83b8192_8471bb5b,pred_18a0b8eb_525cffc2,88.69168356997972,,,,,,
6388480c27d49becef18,PubMed,Retrain,212,,SGC,gt_full,./selectors/gt_full_sgc.yaml,af33ba4c4ab691fdb1af14f8b352676bff01bc9c4d5ff5f40ae32e8b90ef182b,sel_28347f34_6e9ea121,pred_19ef9f5f_3939f3ad,88.18458417849898,,,,,,
be74444407741742bb69,PubMed,Retrain,212,,GAT,r_point,./selectors/r_point_gat.yaml,af33ba4c4ab691fdb1af14f8b352676bff01bc9c4d5ff5f40ae32e8b90ef182b,sel_9d4f74ca_33c7f5be,pred_0f496c66_29b26f51,86.81541582150102,,,,,,
b0d3cf5ffe0be03d4848,PubMed,Retrain,212,,GAT,gt_full,./selectors/gt_full_gat.yaml,af33ba4c4ab691fdb1af14f8b352676bff01bc9c4d5ff5f40ae32e8b90ef182b,sel_2417b711_32797bab,pred_3f24cea2_f2723373,87.0182555780933,,,,,,
a81e40ffe18717f603ed,PubMed,Retrain,212,,GIN,r_point,./selectors/r_point_gin.yaml,af33ba4c4ab691fdb1af14f8b352676bff01bc9c4d5ff5f40ae32e8b90ef182b,sel_32094166_84fdd867,pred_a192c0bd_f45a019c,86.84077079107504,,,,,,
16462c902e7f931a8df5,PubMed,Retrain,212,,GIN,gt_full,./selectors/gt_full_gin.yaml,af33ba4c4ab691fdb1af14f8b352676bff01bc9c4d5ff5f40ae32e8b90ef182b,sel_496686dc_b8baeb31,pred_cfcbffb8_3f31be8d,87.29716024340772,,,,,,
94b34c7076dc224c18ac,PubMed,Retrain,212,,baseline,degree,degree.yaml,af33ba4c4ab691fdb1af14f8b352676bff01bc9c4d5ff5f40ae32e8b90ef182b,sel_435257f7_0fc3e473,pred_9cdf0a5c_7ab68e5c,88.7423935091278,,,,,,
f23f3efdb27a93db46cb,PubMed,GNNDelete,212,11.0,baseline,random,random.yaml,af33ba4c4ab691fdb1af14f8b352676bff01bc9c4d5ff5f40ae32e8b90ef182b,sel_6573d457_eb63973f,pred_cc14ffb7_498f01a9,87.09432048681542,88.3367139959432,1.2423935091277927,1.4705882352941235,5.856997971602434,88.56490872210954,pred_aedd93e7_568b58f8
7f5427e18b39821d1686,PubMed,GIF,212,11.0,baseline,random,random.yaml,af33ba4c4ab691fdb1af14f8b352676bff01bc9c4d5ff5f40ae32e8b90ef182b,sel_6573d457_eb63973f,pred_4fa371eb_3c19c7a8,88.28600405679514,88.3367139959432,0.050709939148074756,0.2789046653144056,1.8762677484787018,88.56490872210954,pred_aedd93e7_568b58f8
23fc9f7b2c74474662ab,PubMed,IDEA,212,11.0,baseline,random,random.yaml,af33ba4c4ab691fdb1af14f8b352676bff01bc9c4d5ff5f40ae32e8b90ef182b,sel_6573d457_eb63973f,pred_2c24e748_bc0d54ed,88.28600405679514,88.3367139959432,0.050709939148074756,0.2789046653144056,1.8762677484787018,88.56490872210954,pred_aedd93e7_568b58f8
432d44f656658698fa2f,PubMed,MEGU,212,11.0,baseline,random,random.yaml,af33ba4c4ab691fdb1af14f8b352676bff01bc9c4d5ff5f40ae32e8b90ef182b,sel_6573d457_eb63973f,pred_258d19e2_c3a42e4f,86.89148073022312,88.3367139959432,1.4452332657200806,1.6734279918864114,4.9695740365111565,88.56490872210954,pred_aedd93e7_568b58f8
e61cec43373af8113f42,PubMed,GraphEraser,212,11.0,baseline,random,random.yaml,af33ba4c4ab691fdb1af14f8b352676bff01bc9c4d5ff5f40ae32e8b90ef182b,sel_6573d457_eb63973f,pred_ef41848c_d0906968,86.86612576064908,87.04361054766734,0.1774847870182561,1.6987829614604544,7.429006085192698,88.56490872210954,pred_aedd93e7_568b58f8
88170bec044474c73267,PubMed,GraphRevoker,212,11.0,baseline,random,random.yaml,af33ba4c4ab691fdb1af14f8b352676bff01bc9c4d5ff5f40ae32e8b90ef182b,sel_6573d457_eb63973f,pred_509634e9_ddd7c3ef,86.56186612576064,86.63793103448276,0.07606490872211769,2.003042596348892,7.885395537525356,88.56490872210954,pred_aedd93e7_568b58f8
adf4692dcb146b6883e5,PubMed,Retrain,212,11.0,baseline,random,random.yaml,af33ba4c4ab691fdb1af14f8b352676bff01bc9c4d5ff5f40ae32e8b90ef182b,sel_6573d457_eb63973f,pred_aedd93e7_568b58f8,88.56490872210954,,,,,,
a3dc68d8aeb3977d5a2d,PubMed,GNNDelete,212,22.0,baseline,random,random.yaml,af33ba4c4ab691fdb1af14f8b352676bff01bc9c4d5ff5f40ae32e8b90ef182b,sel_53170519_cecc2743,pred_1a4d696c_cabfd430,86.13083164300203,88.3367139959432,2.2058823529411797,2.358012170385393,6.414807302231237,88.48884381338742,pred_b9d0f039_1779a2fa
cf1703ed585e10a39241,PubMed,GIF,212,22.0,baseline,random,random.yaml,af33ba4c4ab691fdb1af14f8b352676bff01bc9c4d5ff5f40ae32e8b90ef182b,sel_53170519_cecc2743,pred_3a3ef40a_2d904fb8,88.28600405679514,88.3367139959432,0.050709939148074756,0.20283975659228792,1.8509127789046655,88.48884381338742,pred_b9d0f039_1779a2fa
9599b4ec5b7bf01456b3,PubMed,IDEA,212,22.0,baseline,random,random.yaml,af33ba4c4ab691fdb1af14f8b352676bff01bc9c4d5ff5f40ae32e8b90ef182b,sel_53170519_cecc2743,pred_32e5d77a_ae73a68d,88.28600405679514,88.3367139959432,0.050709939148074756,0.20283975659228792,1.8509127789046655,88.48884381338742,pred_b9d0f039_1779a2fa
7e5bdcb73ef6b231cd3c,PubMed,MEGU,212,22.0,baseline,random,random.yaml,af33ba4c4ab691fdb1af14f8b352676bff01bc9c4d5ff5f40ae32e8b90ef182b,sel_53170519_cecc2743,pred_93321d6e_c419b267,86.84077079107504,88.3367139959432,1.4959432048681554,1.6480730223123685,4.994929006085193,88.48884381338742,pred_b9d0f039_1779a2fa
beec1a873356fce956ff,PubMed,GraphEraser,212,22.0,baseline,random,random.yaml,af33ba4c4ab691fdb1af14f8b352676bff01bc9c4d5ff5f40ae32e8b90ef182b,sel_53170519_cecc2743,pred_8442670f_e13984f4,87.11967545638946,87.04361054766734,-0.07606490872211769,1.369168356997963,7.555780933062881,88.48884381338742,pred_b9d0f039_1779a2fa
f7316b625c632c4d2529,PubMed,GraphRevoker,212,22.0,baseline,random,random.yaml,af33ba4c4ab691fdb1af14f8b352676bff01bc9c4d5ff5f40ae32e8b90ef182b,sel_53170519_cecc2743,pred_36111428_6a7c95f6,86.58722109533468,86.63793103448276,0.050709939148074756,1.9016227180527312,7.758620689655173,88.48884381338742,pred_b9d0f039_1779a2fa
3eb69cc95d170d56c629,PubMed,Retrain,212,22.0,baseline,random,random.yaml,af33ba4c4ab691fdb1af14f8b352676bff01bc9c4d5ff5f40ae32e8b90ef182b,sel_53170519_cecc2743,pred_b9d0f039_1779a2fa,88.48884381338742,,,,,,
d5469a2f1cf922b23168,PubMed,GNNDelete,212,33.0,baseline,random,random.yaml,af33ba4c4ab691fdb1af14f8b352676bff01bc9c4d5ff5f40ae32e8b90ef182b,sel_db76d97d_afad25a1,pred_cfc01b65_e7cbcb7d,86.81541582150102,88.3367139959432,1.5212981744421872,1.6987829614604433,6.110547667342799,88.51419878296146,pred_d0dae5cf_05838892
05f64400823241bc411c,PubMed,GIF,212,33.0,baseline,random,random.yaml,af33ba4c4ab691fdb1af14f8b352676bff01bc9c4d5ff5f40ae32e8b90ef182b,sel_db76d97d_afad25a1,pred_b88c31fd_00a8556e,88.31135902636917,88.3367139959432,0.025354969574031827,0.20283975659228792,3.0172413793103448,88.51419878296146,pred_d0dae5cf_05838892
c31b7ad536ac5f833913,PubMed,IDEA,212,33.0,baseline,random,random.yaml,af33ba4c4ab691fdb1af14f8b352676bff01bc9c4d5ff5f40ae32e8b90ef182b,sel_db76d97d_afad25a1,pred_47ce60c4_5111d960,88.31135902636917,88.3367139959432,0.025354969574031827,0.20283975659228792,3.0172413793103448,88.51419878296146,pred_d0dae5cf_05838892
18ce78e459430e845a23,PubMed,MEGU,212,33.0,baseline,random,random.yaml,af33ba4c4ab691fdb1af14f8b352676bff01bc9c4d5ff5f40ae32e8b90ef182b,sel_db76d97d_afad25a1,pred_8d17cd96_97b3df8c,86.68864097363083,88.3367139959432,1.6480730223123796,1.8255578093306357,5.502028397565923,88.51419878296146,pred_d0dae5cf_05838892
eb4e639db39d7a45d495,PubMed,GraphEraser,212,33.0,baseline,random,random.yaml,af33ba4c4ab691fdb1af14f8b352676bff01bc9c4d5ff5f40ae32e8b90ef182b,sel_db76d97d_afad25a1,pred_556bf967_626fd4a5,86.71399594320486,87.04361054766734,0.32961460446246926,1.8002028397565928,7.885395537525356,88.51419878296146,pred_d0dae5cf_05838892
1a8a5c7bcdcd7329f38d,PubMed,GraphRevoker,212,33.0,baseline,random,random.yaml,af33ba4c4ab691fdb1af14f8b352676bff01bc9c4d5ff5f40ae32e8b90ef182b,sel_db76d97d_afad25a1,pred_11cd592b_1573bcc0,86.61257606490872,86.63793103448276,0.02535496957404293,1.9016227180527423,8.012170385395539,88.51419878296146,pred_d0dae5cf_05838892
940bf188a993acaab778,PubMed,Retrain,212,33.0,baseline,random,random.yaml,af33ba4c4ab691fdb1af14f8b352676bff01bc9c4d5ff5f40ae32e8b90ef182b,sel_db76d97d_afad25a1,pred_d0dae5cf_05838892,88.51419878296146,,,,,,
f1c69a3ab8fbf687d356,PubMed,GNNDelete,2024,,GCN,r_point,r_point.yaml,af33ba4c4ab691fdb1af14f8b352676bff01bc9c4d5ff5f40ae32e8b90ef182b,sel_a3452bd1_a882b2b4,pred_bed25f47_7bf8c193,88.08316430020284,88.5395537525355,0.4563894523326506,-2.5862068965517238,9.254563894523326,85.49695740365112,pred_66e26dcf_77b562e4
3781c88f392dbbda48dc,PubMed,GNNDelete,2024,,GCN,gt_full,gt_full.yaml,af33ba4c4ab691fdb1af14f8b352676bff01bc9c4d5ff5f40ae32e8b90ef182b,sel_c67c0c28_0b7bf856,pred_4310116c_70f0775c,86.86612576064908,88.5395537525355,1.6734279918864114,0.12677484787019244,9.888438133874239,86.99290060851928,pred_b782101f_6d894672
22f2d47e0757a0d3c065,PubMed,GNNDelete,2024,,SGC,r_point,./selectors/r_point_sgc.yaml,af33ba4c4ab691fdb1af14f8b352676bff01bc9c4d5ff5f40ae32e8b90ef182b,sel_bb2f0472_e9b678c3,pred_0793f3d0_13cd5881,83.21501014198783,88.5395537525355,5.324543610547661,4.944219066937117,10.09127789046653,88.15922920892496,pred_a2391811_141ec683
cc97320d62bf032d8e24,PubMed,GNNDelete,2024,,SGC,gt_full,./selectors/gt_full_sgc.yaml,af33ba4c4ab691fdb1af14f8b352676bff01bc9c4d5ff5f40ae32e8b90ef182b,sel_2ca80434_6b680cfe,pred_bc144695_896b9b38,76.62271805273834,88.5395537525355,11.916835699797158,12.094320486815413,17.849898580121703,88.71703853955376,pred_66caadfe_5fdb18b2
97ae6def0217fef1a7a6,PubMed,GNNDelete,2024,,GAT,r_point,./selectors/r_point_gat.yaml,af33ba4c4ab691fdb1af14f8b352676bff01bc9c4d5ff5f40ae32e8b90ef182b,sel_aa87f6df_6cdd3d3d,pred_1c89478a_54fcce57,87.88032454361054,88.5395537525355,0.6592292089249496,-2.33265720081135,9.355983772819473,85.5476673427992,pred_19c4302f_ce18703e
ecb01d21fcb8ea028fd5,PubMed,GNNDelete,2024,,GAT,gt_full,./selectors/gt_full_gat.yaml,af33ba4c4ab691fdb1af14f8b352676bff01bc9c4d5ff5f40ae32e8b90ef182b,sel_0e3a58e4_4f32e02f,pred_dbb56ece_71ba1427,87.0182555780933,88.5395537525355,1.5212981744421872,-0.48174442190669353,10.268762677484787,86.5365111561866,pred_ff7ac49e_ace0a131
421cd969cae353afb7ca,PubMed,GNNDelete,2024,,GIN,r_point,./selectors/r_point_gin.yaml,af33ba4c4ab691fdb1af14f8b352676bff01bc9c4d5ff5f40ae32e8b90ef182b,sel_e0921fbb_e8adb472,pred_27808ec1_d45868b9,84.68559837728195,88.5395537525355,3.8539553752535483,2.1044624746450302,8.417849898580123,86.79006085192698,pred_e1b84d58_95531c4f
6edd18fa8e8251cff7a6,PubMed,GNNDelete,2024,,GIN,gt_full,./selectors/gt_full_gin.yaml,af33ba4c4ab691fdb1af14f8b352676bff01bc9c4d5ff5f40ae32e8b90ef182b,sel_21ea1e2e_17a9bccd,pred_1f4b1482_3cd46a01,86.91683569979716,88.5395537525355,1.6227180527383367,0.7099391480730244,5.806288032454361,87.62677484787018,pred_3adafee9_1e710a82
c258bf50f07ff14c3cfb,PubMed,GNNDelete,2024,,baseline,degree,degree.yaml,af33ba4c4ab691fdb1af14f8b352676bff01bc9c4d5ff5f40ae32e8b90ef182b,sel_435257f7_0fc3e473,pred_a92c67c4_45ef422c,86.71399594320486,88.5395537525355,1.8255578093306246,2.0791075050709984,5.88235294117647,88.79310344827587,pred_9982f0dd_b265a44c
8f7baad461a4fe11c7ab,PubMed,GIF,2024,,GCN,r_point,r_point.yaml,af33ba4c4ab691fdb1af14f8b352676bff01bc9c4d5ff5f40ae32e8b90ef182b,sel_a3452bd1_a882b2b4,pred_d34a92b6_338072f5,87.65212981744422,88.5395537525355,0.8874239350912694,-2.155172413793105,4.411764705882353,85.49695740365112,pred_66e26dcf_77b562e4
5711a3c2d841a0aeb65c,PubMed,GIF,2024,,GCN,gt_full,gt_full.yaml,af33ba4c4ab691fdb1af14f8b352676bff01bc9c4d5ff5f40ae32e8b90ef182b,sel_c67c0c28_0b7bf856,pred_d779630d_dc53981d,87.27180527383366,88.5395537525355,1.2677484787018245,-0.2789046653143945,2.3073022312373226,86.99290060851928,pred_b782101f_6d894672
6dc5bdc0521eb7db098a,PubMed,GIF,2024,,SGC,r_point,./selectors/r_point_sgc.yaml,af33ba4c4ab691fdb1af14f8b352676bff01bc9c4d5ff5f40ae32e8b90ef182b,sel_bb2f0472_e9b678c3,pred_7e0409b9_79eb19e6,88.61561866125761,88.5395537525355,-0.07606490872211769,-0.4563894523326617,2.079107505070994,88.15922920892496,pred_a2391811_141ec683
3e851823cd9d7bc2621f,PubMed,GIF,2024,,SGC,gt_full,./selectors/gt_full_sgc.yaml,af33ba4c4ab691fdb1af14f8b352676bff01bc9c4d5ff5f40ae32e8b90ef182b,sel_2ca80434_6b680cfe,pred_581a97f5_b511427f,88.5395537525355,88.5395537525355,0.0,0.1774847870182561,1.9776876267748478,88.71703853955376,pred_66caadfe_5fdb18b2
07817ba6a2a2219bd585,PubMed,GIF,2024,,GAT,r_point,./selectors/r_point_gat.yaml,af33ba4c4ab691fdb1af14f8b352676bff01bc9c4d5ff5f40ae32e8b90ef182b,sel_aa87f6df_6cdd3d3d,pred_04e8ccf8_5d0c06f6,87.85496957403652,88.5395537525355,0.6845841784989815,-2.307302231237318,4.918864097363083,85.5476673427992,pred_19c4302f_ce18703e
192f2d1eadcb8ecc514a,PubMed,GIF,2024,,GAT,gt_full,./selectors/gt_full_gat.yaml,af33ba4c4ab691fdb1af14f8b352676bff01bc9c4d5ff5f40ae32e8b90ef182b,sel_0e3a58e4_4f32e02f,pred_52b16ea5_9494bf88,87.47464503042596,88.5395537525355,1.0649087221095255,-0.9381338742393552,3.4229208924949286,86.5365111561866,pred_ff7ac49e_ace0a131
d686abfd6c3151e6153d,PubMed,GIF,2024,,GIN,r_point,./selectors/r_point_gin.yaml,af33ba4c4ab691fdb1af14f8b352676bff01bc9c4d5ff5f40ae32e8b90ef182b,sel_e0921fbb_e8adb472,pred_bc9e75b4_c67ade61,88.10851926977688,88.5395537525355,0.4310344827586188,-1.3184584178498993,4.132860040567951,86.79006085192698,pred_e1b84d58_95531c4f
e56bebdf1d7398d88a00,PubMed,GIF,2024,,GIN,gt_full,./selectors/gt_full_gin.yaml,af33ba4c4ab691fdb1af14f8b352676bff01bc9c4d5ff5f40ae32e8b90ef182b,sel_21ea1e2e_17a9bccd,pred_f8d607a6_211fdfb3,88.03245436105477,88.5395537525355,0.5070993914807254,-0.40567951318458695,3.701825557809331,87.62677484787018,pred_3adafee9_1e710a82
1d5fa550e3a8ff76cc15,PubMed,GIF,2024,,baseline,degree,degree.yaml,af33ba4c4ab691fdb1af14f8b352676bff01bc9c4d5ff5f40ae32e8b90ef182b,sel_435257f7_0fc3e473,pred_6ec89c74_70c67562,88.59026369168357,88.5395537525355,-0.050709939148074756,0.20283975659229903,3.4482758620689653,88.79310344827587,pred_9982f0dd_b265a44c
7e68382beae06a456b2a,PubMed,IDEA,2024,,GCN,r_point,r_point.yaml,af33ba4c4ab691fdb1af14f8b352676bff01bc9c4d5ff5f40ae32e8b90ef182b,sel_a3452bd1_a882b2b4,pred_cd380e70_139607fc,87.65212981744422,88.5395537525355,0.8874239350912694,-2.155172413793105,4.411764705882353,85.49695740365112,pred_66e26dcf_77b562e4
24d21fe997f6b6193b54,PubMed,IDEA,2024,,GCN,gt_full,gt_full.yaml,af33ba4c4ab691fdb1af14f8b352676bff01bc9c4d5ff5f40ae32e8b90ef182b,sel_c67c0c28_0b7bf856,pred_687eb81f_f7dee37d,87.27180527383366,88.5395537525355,1.2677484787018245,-0.2789046653143945,2.3073022312373226,86.99290060851928,pred_b782101f_6d894672
9f09963a3667b2ad0112,PubMed,IDEA,2024,,SGC,r_point,./selectors/r_point_sgc.yaml,af33ba4c4ab691fdb1af14f8b352676bff01bc9c4d5ff5f40ae32e8b90ef182b,sel_bb2f0472_e9b678c3,pred_43ce33ce_122b7ae8,88.61561866125761,88.5395537525355,-0.07606490872211769,-0.4563894523326617,2.079107505070994,88.15922920892496,pred_a2391811_141ec683
d631805df7f9e9c05ae9,PubMed,IDEA,2024,,SGC,gt_full,./selectors/gt_full_sgc.yaml,af33ba4c4ab691fdb1af14f8b352676bff01bc9c4d5ff5f40ae32e8b90ef182b,sel_2ca80434_6b680cfe,pred_39383f81_c10f2c36,88.5395537525355,88.5395537525355,0.0,0.1774847870182561,1.9776876267748478,88.71703853955376,pred_66caadfe_5fdb18b2
26d87ff17f33fee1fffd,PubMed,IDEA,2024,,GAT,r_point,./selectors/r_point_gat.yaml,af33ba4c4ab691fdb1af14f8b352676bff01bc9c4d5ff5f40ae32e8b90ef182b,sel_aa87f6df_6cdd3d3d,pred_aed0cc7e_b6b9058d,87.85496957403652,88.5395537525355,0.6845841784989815,-2.307302231237318,4.918864097363083,85.5476673427992,pred_19c4302f_ce18703e
f1d30bd8d4fc28d1431b,PubMed,IDEA,2024,,GAT,gt_full,./selectors/gt_full_gat.yaml,af33ba4c4ab691fdb1af14f8b352676bff01bc9c4d5ff5f40ae32e8b90ef182b,sel_0e3a58e4_4f32e02f,pred_e47e967d_5ab56f49,87.47464503042596,88.5395537525355,1.0649087221095255,-0.9381338742393552,3.4229208924949286,86.5365111561866,pred_ff7ac49e_ace0a131
ff335de3ab4c77052dd2,PubMed,IDEA,2024,,GIN,r_point,./selectors/r_point_gin.yaml,af33ba4c4ab691fdb1af14f8b352676bff01bc9c4d5ff5f40ae32e8b90ef182b,sel_e0921fbb_e8adb472,pred_057501b5_789f8fc3,88.10851926977688,88.5395537525355,0.4310344827586188,-1.3184584178498993,4.132860040567951,86.79006085192698,pred_e1b84d58_95531c4f
690c0f4a47441912c2f0,PubMed,IDEA,2024,,GIN,gt_full,./selectors/gt_full_gin.yaml,af33ba4c4ab691fdb1af14f8b352676bff01bc9c4d5ff5f40ae32e8b90ef182b,sel_21ea1e2e_17a9bccd,pred_66c2cb7c_28b14d6b,88.03245436105477,88.5395537525355,0.5070993914807254,-0.40567951318458695,3.701825557809331,87.62677484787018,pred_3adafee9_1e710a82
c3cbc5a73a4b34798952,PubMed,IDEA,2024,,baseline,degree,degree.yaml,af33ba4c4ab691fdb1af14f8b352676bff01bc9c4d5ff5f40ae32e8b90ef182b,sel_435257f7_0fc3e473,pred_0eeb254d_9cee5f46,88.59026369168357,88.5395537525355,-0.050709939148074756,0.20283975659229903,3.4482758620689653,88.79310344827587,pred_9982f0dd_b265a44c
495f1424b85ec364c304,PubMed,MEGU,2024,,GCN,r_point,r_point.yaml,af33ba4c4ab691fdb1af14f8b352676bff01bc9c4d5ff5f40ae32e8b90ef182b,sel_a3452bd1_a882b2b4,pred_2f8c0046_68899603,86.86612576064908,88.5395537525355,1.6734279918864114,-1.369168356997963,7.63184584178499,85.49695740365112,pred_66e26dcf_77b562e4
23718681514e5e84d55f,PubMed,MEGU,2024,,GCN,gt_full,gt_full.yaml,af33ba4c4ab691fdb1af14f8b352676bff01bc9c4d5ff5f40ae32e8b90ef182b,sel_c67c0c28_0b7bf856,pred_e2109279_c599d141,86.84077079107504,88.5395537525355,1.6987829614604433,0.15212981744422427,6.490872210953347,86.99290060851928,pred_b782101f_6d894672
09a79a3e22f1e91b1f61,PubMed,MEGU,2024,,SGC,r_point,./selectors/r_point_sgc.yaml,af33ba4c4ab691fdb1af14f8b352676bff01bc9c4d5ff5f40ae32e8b90ef182b,sel_bb2f0472_e9b678c3,pred_502aefa8_d73d2c99,87.19574036511156,88.5395537525355,1.343813387423931,0.9634888438133871,4.741379310344827,88.15922920892496,pred_a2391811_141ec683
f1d4ec0dd0c2fb52845f,PubMed,MEGU,2024,,SGC,gt_full,./selectors/gt_full_sgc.yaml,af33ba4c4ab691fdb1af14f8b352676bff01bc9c4d5ff5f40ae32e8b90ef182b,sel_2ca80434_6b680cfe,pred_ddaad5b3_98dbf097,87.0182555780933,88.5395537525355,1.5212981744421872,1.6987829614604433,4.994929006085193,88.71703853955376,pred_66caadfe_5fdb18b2
53c088aa6c154ce9d060,PubMed,MEGU,2024,,GAT,r_point,./selectors/r_point_gat.yaml,af33ba4c4ab691fdb1af14f8b352676bff01bc9c4d5ff5f40ae32e8b90ef182b,sel_aa87f6df_6cdd3d3d,pred_b4cca99e_eda41fdb,86.96754563894523,88.5395537525355,1.572008113590262,-1.4198782961460377,7.9614604462474645,85.5476673427992,pred_19c4302f_ce18703e
386419f4b2d79064f78c,PubMed,MEGU,2024,,GAT,gt_full,./selectors/gt_full_gat.yaml,af33ba4c4ab691fdb1af14f8b352676bff01bc9c4d5ff5f40ae32e8b90ef182b,sel_0e3a58e4_4f32e02f,pred_464a49b2_0d519cd1,86.68864097363083,88.5395537525355,1.8509127789046675,-0.15212981744421317,7.023326572008114,86.5365111561866,pred_ff7ac49e_ace0a131
d7a7551fb0004a623744,PubMed,MEGU,2024,,GIN,r_point,./selectors/r_point_gin.yaml,af33ba4c4ab691fdb1af14f8b352676bff01bc9c4d5ff5f40ae32e8b90ef182b,sel_e0921fbb_e8adb472,pred_470b81c8_a5a24323,87.14503042596348,88.5395537525355,1.3945233265720058,-0.3549695740365122,6.5669371196754565,86.79006085192698,pred_e1b84d58_95531c4f
3170757baabec45abaaa,PubMed,MEGU,2024,,GIN,gt_full,./selectors/gt_full_gin.yaml,af33ba4c4ab691fdb1af14f8b352676bff01bc9c4d5ff5f40ae32e8b90ef182b,sel_21ea1e2e_17a9bccd,pred_a1c59394_78bb8f20,86.9421906693712,88.5395537525355,1.5973630831642938,0.6845841784989815,5.628803245436106,87.62677484787018,pred_3adafee9_1e710a82
e4a962e0370bf02dd485,PubMed,MEGU,2024,,baseline,degree,degree.yaml,af33ba4c4ab691fdb1af14f8b352676bff01bc9c4d5ff5f40ae32e8b90ef182b,sel_435257f7_0fc3e473,pred_447bb87e_d41557b1,86.56186612576064,88.5395537525355,1.9776876267748489,2.2312373225152227,5.679513184584178,88.79310344827587,pred_9982f0dd_b265a44c
80f5c98b62128c8be234,PubMed,GraphEraser,2024,,GCN,r_point,r_point.yaml,af33ba4c4ab691fdb1af14f8b352676bff01bc9c4d5ff5f40ae32e8b90ef182b,sel_a3452bd1_a882b2b4,pred_1793743d_80a8a176,85.92799188640974,87.37322515212982,1.4452332657200806,-0.4310344827586188,8.443204868154158,85.49695740365112,pred_66e26dcf_77b562e4
332e49010aecd568305c,PubMed,GraphEraser,2024,,GCN,gt_full,gt_full.yaml,af33ba4c4ab691fdb1af14f8b352676bff01bc9c4d5ff5f40ae32e8b90ef182b,sel_c67c0c28_0b7bf856,pred_474f1d95_7627b3f3,86.63793103448276,87.37322515212982,0.7352941176470562,0.3549695740365122,8.189655172413794,86.99290060851928,pred_b782101f_6d894672
072830cb7276ced619e6,PubMed,GraphEraser,2024,,SGC,r_point,./selectors/r_point_sgc.yaml,af33ba4c4ab691fdb1af14f8b352676bff01bc9c4d5ff5f40ae32e8b90ef182b,sel_bb2f0472_e9b678c3,pred_01b82624_429db844,86.99290060851928,87.37322515212982,0.380324543610544,1.166328600405675,8.874239350912779,88.15922920892496,pred_a2391811_141ec683
795fa98872950610e5d0,PubMed,GraphEraser,2024,,SGC,gt_full,./selectors/gt_full_sgc.yaml,af33ba4c4ab691fdb1af14f8b352676bff01bc9c4d5ff5f40ae32e8b90ef182b,sel_2ca80434_6b680cfe,pred_88ebbb0a_bf75ece0,87.39858012170384,87.37322515212982,-0.025354969574031827,1.3184584178498993,7.403651115618662,88.71703853955376,pred_66caadfe_5fdb18b2
0eaaa61bcb6b0fff508d,PubMed,GraphEraser,2024,,GAT,r_point,./selectors/r_point_gat.yaml,af33ba4c4ab691fdb1af14f8b352676bff01bc9c4d5ff5f40ae32e8b90ef182b,sel_aa87f6df_6cdd3d3d,pred_db05370b_f67d59bf,85.47160243407707,87.37322515212982,1.9016227180527423,0.07606490872211769,8.341784989858011,85.5476673427992,pred_19c4302f_ce18703e
071efbe42418def35fee,PubMed,GraphEraser,2024,,GAT,gt_full,./selectors/gt_full_gat.yaml,af33ba4c4ab691fdb1af14f8b352676bff01bc9c4d5ff5f40ae32e8b90ef182b,sel_0e3a58e4_4f32e02f,pred_a3450b5a_447a9f32,85.9787018255578,87.37322515212982,1.3945233265720058,0.5578093306288001,8.012170385395539,86.5365111561866,pred_ff7ac49e_ace0a131
86dd674a2f8a48e2a36f,PubMed,GraphEraser,2024,,GIN,r_point,./selectors/r_point_gin.yaml,af33ba4c4ab691fdb1af14f8b352676bff01bc9c4d5ff5f40ae32e8b90ef182b,sel_e0921fbb_e8adb472,pred_12edf74f_2fa8ea65,86.4604462474645,87.37322515212982,0.9127789046653123,0.32961460446246926,7.150101419878297,86.79006085192698,pred_e1b84d58_95531c4f
ab6ba557fb246e941bbf,PubMed,GraphEraser,2024,,GIN,gt_full,./selectors/gt_full_gin.yaml,af33ba4c4ab691fdb1af14f8b352676bff01bc9c4d5ff5f40ae32e8b90ef182b,sel_21ea1e2e_17a9bccd,pred_21dba769_f96cfab0,87.19574036511156,87.37322515212982,0.1774847870182561,0.4310344827586188,7.505070993914807,87.62677484787018,pred_3adafee9_1e710a82
57d0fc29808d50b145d0,PubMed,GraphEraser,2024,,baseline,degree,degree.yaml,af33ba4c4ab691fdb1af14f8b352676bff01bc9c4d5ff5f40ae32e8b90ef182b,sel_435257f7_0fc3e473,pred_95b48a24_097809b5,87.11967545638946,87.37322515212982,0.2535496957403627,1.6734279918864114,6.845841784989857,88.79310344827587,pred_9982f0dd_b265a44c
887d5f059428f322b10e,PubMed,GraphRevoker,2024,,GCN,r_point,r_point.yaml,af33ba4c4ab691fdb1af14f8b352676bff01bc9c4d5ff5f40ae32e8b90ef182b,sel_a3452bd1_a882b2b4,pred_fe9d6086_f1e92ea0,85.5476673427992,86.91683569979716,1.369168356997963,-0.050709939148074756,8.975659229208926,85.49695740365112,pred_66e26dcf_77b562e4
7420700d6b32a50db4c9,PubMed,GraphRevoker,2024,,GCN,gt_full,gt_full.yaml,af33ba4c4ab691fdb1af14f8b352676bff01bc9c4d5ff5f40ae32e8b90ef182b,sel_c67c0c28_0b7bf856,pred_0ec5da9a_53dc5a36,86.00405679513185,86.91683569979716,0.9127789046653123,0.98884381338743,8.443204868154158,86.99290060851928,pred_b782101f_6d894672
463098579aa070888682,PubMed,GraphRevoker,2024,,SGC,r_point,./selectors/r_point_sgc.yaml,af33ba4c4ab691fdb1af14f8b352676bff01bc9c4d5ff5f40ae32e8b90ef182b,sel_bb2f0472_e9b678c3,pred_3b6eee20_8fc72274,86.23225152129818,86.91683569979716,0.6845841784989815,1.9269776876267741,9.203853955375253,88.15922920892496,pred_a2391811_141ec683
8f6706c3f6f407071d20,PubMed,GraphRevoker,2024,,SGC,gt_full,./selectors/gt_full_sgc.yaml,af33ba4c4ab691fdb1af14f8b352676bff01bc9c4d5ff5f40ae32e8b90ef182b,sel_2ca80434_6b680cfe,pred_3987ef1f_bc260ca0,86.5365111561866,86.91683569979716,0.380324543610544,2.180527383367137,8.341784989858011,88.71703853955376,pred_66caadfe_5fdb18b2
222535799afe09f7c598,PubMed,GraphRevoker,2024,,GAT,r_point,./selectors/r_point_gat.yaml,af33ba4c4ab691fdb1af14f8b352676bff01bc9c4d5ff5f40ae32e8b90ef182b,sel_aa87f6df_6cdd3d3d,pred_48d4e33e_0ac2376b,85.52231237322515,86.91683569979716,1.3945233265720058,0.02535496957404293,9.178498985801218,85.5476673427992,pred_19c4302f_ce18703e
eca29027ed91239632d4,PubMed,GraphRevoker,2024,,GAT,gt_full,./selectors/gt_full_gat.yaml,af33ba4c4ab691fdb1af14f8b352676bff01bc9c4d5ff5f40ae32e8b90ef182b,sel_0e3a58e4_4f32e02f,pred_7f88d625_c86112dd,85.9787018255578,86.91683569979716,0.9381338742393441,0.5578093306288001,8.367139959432048,86.5365111561866,pred_ff7ac49e_ace0a131
ee492e07769e7a78f915,PubMed,GraphRevoker,2024,,GIN,r_point,./selectors/r_point_gin.yaml,af33ba4c4ab691fdb1af14f8b352676bff01bc9c4d5ff5f40ae32e8b90ef182b,sel_e0921fbb_e8adb472,pred_a88e3c17_d006972e,83.87423935091279,86.91683569979716,3.0425963488843744,2.915821501014193,8.924949290060852,86.79006085192698,pred_e1b84d58_95531c4f
8c0d9fac099945e0bfcd,PubMed,GraphRevoker,2024,,GIN,gt_full,./selectors/gt_full_gin.yaml,af33ba4c4ab691fdb1af14f8b352676bff01bc9c4d5ff5f40ae32e8b90ef182b,sel_21ea1e2e_17a9bccd,pred_e11ae988_4ab0f17c,86.30831643002028,86.91683569979716,0.6085192697768749,1.3184584178498993,8.443204868154158,87.62677484787018,pred_3adafee9_1e710a82
d92b933a197984ae4676,PubMed,GraphRevoker,2024,,baseline,degree,degree.yaml,af33ba4c4ab691fdb1af14f8b352676bff01bc9c4d5ff5f40ae32e8b90ef182b,sel_435257f7_0fc3e473,pred_48be26de_3e3d2285,87.0182555780933,86.91683569979716,-0.10141987829614951,1.774847870182561,7.733265720081135,88.79310344827587,pred_9982f0dd_b265a44c
28ffa1b909251a1b87f3,PubMed,Retrain,2024,,GCN,r_point,r_point.yaml,af33ba4c4ab691fdb1af14f8b352676bff01bc9c4d5ff5f40ae32e8b90ef182b,sel_a3452bd1_a882b2b4,pred_66e26dcf_77b562e4,85.49695740365112,,,,,,
80b525cbe2e24e6edc06,PubMed,Retrain,2024,,GCN,gt_full,gt_full.yaml,af33ba4c4ab691fdb1af14f8b352676bff01bc9c4d5ff5f40ae32e8b90ef182b,sel_c67c0c28_0b7bf856,pred_b782101f_6d894672,86.99290060851928,,,,,,
e57b460b338f9b5c6587,PubMed,Retrain,2024,,SGC,r_point,./selectors/r_point_sgc.yaml,af33ba4c4ab691fdb1af14f8b352676bff01bc9c4d5ff5f40ae32e8b90ef182b,sel_bb2f0472_e9b678c3,pred_a2391811_141ec683,88.15922920892496,,,,,,
a842d3e666a05b5dee4f,PubMed,Retrain,2024,,SGC,gt_full,./selectors/gt_full_sgc.yaml,af33ba4c4ab691fdb1af14f8b352676bff01bc9c4d5ff5f40ae32e8b90ef182b,sel_2ca80434_6b680cfe,pred_66caadfe_5fdb18b2,88.71703853955376,,,,,,
ac3d7719c0b25e95eafa,PubMed,Retrain,2024,,GAT,r_point,./selectors/r_point_gat.yaml,af33ba4c4ab691fdb1af14f8b352676bff01bc9c4d5ff5f40ae32e8b90ef182b,sel_aa87f6df_6cdd3d3d,pred_19c4302f_ce18703e,85.5476673427992,,,,,,
ec59253c4942b9013f32,PubMed,Retrain,2024,,GAT,gt_full,./selectors/gt_full_gat.yaml,af33ba4c4ab691fdb1af14f8b352676bff01bc9c4d5ff5f40ae32e8b90ef182b,sel_0e3a58e4_4f32e02f,pred_ff7ac49e_ace0a131,86.5365111561866,,,,,,
3ad4952b591318b40714,PubMed,Retrain,2024,,GIN,r_point,./selectors/r_point_gin.yaml,af33ba4c4ab691fdb1af14f8b352676bff01bc9c4d5ff5f40ae32e8b90ef182b,sel_e0921fbb_e8adb472,pred_e1b84d58_95531c4f,86.79006085192698,,,,,,
f86f5f010592d2db869f,PubMed,Retrain,2024,,GIN,gt_full,./selectors/gt_full_gin.yaml,af33ba4c4ab691fdb1af14f8b352676bff01bc9c4d5ff5f40ae32e8b90ef182b,sel_21ea1e2e_17a9bccd,pred_3adafee9_1e710a82,87.62677484787018,,,,,,
203adf3c6c623d3ddca0,PubMed,Retrain,2024,,baseline,degree,degree.yaml,af33ba4c4ab691fdb1af14f8b352676bff01bc9c4d5ff5f40ae32e8b90ef182b,sel_435257f7_0fc3e473,pred_9982f0dd_b265a44c,88.79310344827587,,,,,,
746536048b24489622f9,PubMed,GNNDelete,2024,11.0,baseline,random,random.yaml,af33ba4c4ab691fdb1af14f8b352676bff01bc9c4d5ff5f40ae32e8b90ef182b,sel_6573d457_eb63973f,pred_579e8b4f_755d0da6,87.55070993914808,88.5395537525355,0.9888438133874189,1.2170385395537497,4.817444219066937,88.76774847870182,pred_979f908c_ec9576d6
c75d770ab749b31ee523,PubMed,GIF,2024,11.0,baseline,random,random.yaml,af33ba4c4ab691fdb1af14f8b352676bff01bc9c4d5ff5f40ae32e8b90ef182b,sel_6573d457_eb63973f,pred_f7b48049_d8f9fc15,88.5395537525355,88.5395537525355,0.0,0.22819472616633085,2.789046653144016,88.76774847870182,pred_979f908c_ec9576d6
b6139f744f6a9a2dfe5d,PubMed,IDEA,2024,11.0,baseline,random,random.yaml,af33ba4c4ab691fdb1af14f8b352676bff01bc9c4d5ff5f40ae32e8b90ef182b,sel_6573d457_eb63973f,pred_189b893f_74f2bac6,88.5395537525355,88.5395537525355,0.0,0.22819472616633085,2.789046653144016,88.76774847870182,pred_979f908c_ec9576d6
13470fd197f034126a90,PubMed,MEGU,2024,11.0,baseline,random,random.yaml,af33ba4c4ab691fdb1af14f8b352676bff01bc9c4d5ff5f40ae32e8b90ef182b,sel_6573d457_eb63973f,pred_9b93b985_d9097afb,87.17038539553754,88.5395537525355,1.369168356997963,1.5973630831642938,5.552738336713996,88.76774847870182,pred_979f908c_ec9576d6
be5f19f140fffc67a0be,PubMed,GraphEraser,2024,11.0,baseline,random,random.yaml,af33ba4c4ab691fdb1af14f8b352676bff01bc9c4d5ff5f40ae32e8b90ef182b,sel_6573d457_eb63973f,pred_db47dc6d_4e903cc6,87.17038539553754,87.37322515212982,0.20283975659228792,1.5973630831642938,7.352941176470589,88.76774847870182,pred_979f908c_ec9576d6
072c19c4ba3840278725,PubMed,GraphRevoker,2024,11.0,baseline,random,random.yaml,af33ba4c4ab691fdb1af14f8b352676bff01bc9c4d5ff5f40ae32e8b90ef182b,sel_6573d457_eb63973f,pred_5b42a9c3_8a7bbb96,86.7393509127789,86.91683569979716,0.1774847870182561,2.0283975659229236,8.13894523326572,88.76774847870182,pred_979f908c_ec9576d6
6228d1d83cda7b64355a,PubMed,Retrain,2024,11.0,baseline,random,random.yaml,af33ba4c4ab691fdb1af14f8b352676bff01bc9c4d5ff5f40ae32e8b90ef182b,sel_6573d457_eb63973f,pred_979f908c_ec9576d6,88.76774847870182,,,,,,
04f3cd7a68373ce713cb,PubMed,GNNDelete,2024,22.0,baseline,random,random.yaml,af33ba4c4ab691fdb1af14f8b352676bff01bc9c4d5ff5f40ae32e8b90ef182b,sel_53170519_cecc2743,pred_8579a17f_354c8ba6,85.87728194726166,88.5395537525355,2.6622718052738303,2.6876267748478733,7.657200811359026,88.56490872210954,pred_3083ed6e_1b6e16c9
448b96e212d7a106139e,PubMed,GIF,2024,22.0,baseline,random,random.yaml,af33ba4c4ab691fdb1af14f8b352676bff01bc9c4d5ff5f40ae32e8b90ef182b,sel_53170519_cecc2743,pred_06120f8a_e63f4b1b,88.5395537525355,88.5395537525355,0.0,0.02535496957404293,1.7494929006085194,88.56490872210954,pred_3083ed6e_1b6e16c9
24117c77f20e09c115dd,PubMed,IDEA,2024,22.0,baseline,random,random.yaml,af33ba4c4ab691fdb1af14f8b352676bff01bc9c4d5ff5f40ae32e8b90ef182b,sel_53170519_cecc2743,pred_ecc5faec_2103a241,88.5395537525355,88.5395537525355,0.0,0.02535496957404293,1.7494929006085194,88.56490872210954,pred_3083ed6e_1b6e16c9
7f8a92cabd8fcfacdd81,PubMed,MEGU,2024,22.0,baseline,random,random.yaml,af33ba4c4ab691fdb1af14f8b352676bff01bc9c4d5ff5f40ae32e8b90ef182b,sel_53170519_cecc2743,pred_85b331c9_c9ed2324,87.06896551724138,88.5395537525355,1.4705882352941124,1.4959432048681554,4.487829614604463,88.56490872210954,pred_3083ed6e_1b6e16c9
23f4716c2f02639a4809,PubMed,GraphEraser,2024,22.0,baseline,random,random.yaml,af33ba4c4ab691fdb1af14f8b352676bff01bc9c4d5ff5f40ae32e8b90ef182b,sel_53170519_cecc2743,pred_7694d1b6_8bf941a9,87.27180527383366,87.37322515212982,0.10141987829614951,1.2931034482758674,7.5304259634888435,88.56490872210954,pred_3083ed6e_1b6e16c9
9cdbb1b3b6e88d92a82b,PubMed,GraphRevoker,2024,22.0,baseline,random,random.yaml,af33ba4c4ab691fdb1af14f8b352676bff01bc9c4d5ff5f40ae32e8b90ef182b,sel_53170519_cecc2743,pred_0179d42c_7fda3515,86.7393509127789,86.91683569979716,0.1774847870182561,1.8255578093306357,8.240365111561866,88.56490872210954,pred_3083ed6e_1b6e16c9
1dececc401e738415fad,PubMed,Retrain,2024,22.0,baseline,random,random.yaml,af33ba4c4ab691fdb1af14f8b352676bff01bc9c4d5ff5f40ae32e8b90ef182b,sel_53170519_cecc2743,pred_3083ed6e_1b6e16c9,88.56490872210954,,,,,,
006be04d8383755e176b,PubMed,GNNDelete,2024,33.0,baseline,random,random.yaml,af33ba4c4ab691fdb1af14f8b352676bff01bc9c4d5ff5f40ae32e8b90ef182b,sel_db76d97d_afad25a1,pred_eadb5e54_95494891,86.05476673427992,88.5395537525355,2.4847870182555742,2.4594320486815424,6.5669371196754565,88.51419878296146,pred_fd781756_6cf62df2
09a3e2c129989cbb73a3,PubMed,GIF,2024,33.0,baseline,random,random.yaml,af33ba4c4ab691fdb1af14f8b352676bff01bc9c4d5ff5f40ae32e8b90ef182b,sel_db76d97d_afad25a1,pred_dac9f35d_ae8c1cd2,88.5395537525355,88.5395537525355,0.0,-0.025354969574031827,2.1044624746450307,88.51419878296146,pred_fd781756_6cf62df2
ce246d1a717ec279c3f2,PubMed,IDEA,2024,33.0,baseline,random,random.yaml,af33ba4c4ab691fdb1af14f8b352676bff01bc9c4d5ff5f40ae32e8b90ef182b,sel_db76d97d_afad25a1,pred_5def6104_8273d050,88.5395537525355,88.5395537525355,0.0,-0.025354969574031827,2.1044624746450307,88.51419878296146,pred_fd781756_6cf62df2
de4d06edb9366344bd93,PubMed,MEGU,2024,33.0,baseline,random,random.yaml,af33ba4c4ab691fdb1af14f8b352676bff01bc9c4d5ff5f40ae32e8b90ef182b,sel_db76d97d_afad25a1,pred_27000627_74e4d490,87.2210953346856,88.5395537525355,1.3184584178498993,1.2931034482758674,5.121703853955376,88.51419878296146,pred_fd781756_6cf62df2
896ce8afe76710397449,PubMed,GraphEraser,2024,33.0,baseline,random,random.yaml,af33ba4c4ab691fdb1af14f8b352676bff01bc9c4d5ff5f40ae32e8b90ef182b,sel_db76d97d_afad25a1,pred_df373449_a8436f86,86.99290060851928,87.37322515212982,0.380324543610544,1.5212981744421872,7.809330628803246,88.51419878296146,pred_fd781756_6cf62df2
a427189cdcce20db7339,PubMed,GraphRevoker,2024,33.0,baseline,random,random.yaml,af33ba4c4ab691fdb1af14f8b352676bff01bc9c4d5ff5f40ae32e8b90ef182b,sel_db76d97d_afad25a1,pred_3d836bdc_52a082ab,86.81541582150102,86.91683569979716,0.10141987829613841,1.6987829614604433,8.037525354969574,88.51419878296146,pred_fd781756_6cf62df2
7e41a5fe9c2de4df5c61,PubMed,Retrain,2024,33.0,baseline,random,random.yaml,af33ba4c4ab691fdb1af14f8b352676bff01bc9c4d5ff5f40ae32e8b90ef182b,sel_db76d97d_afad25a1,pred_fd781756_6cf62df2,88.51419878296146,,,,,,
