cell_id,dataset,method,seed,random_seed,source,selector,selector_ref,split,selection_id,output_id,after,before,U,G,flip,retrain,baseline_id,U_direct,after_direct,before_direct,selection_id_direct,U_random,drop_difference,absolute_drop_difference,excess_random,direct_excess_random
db2b7252b242c37c1088,Cora,GNNDelete,42,,SGC,r_point,./selectors/r_point_sgc.yaml,82741ce023ece70893d0f739fb2c7a06e8e81ec4afcb015b97fbd5b504a41dc7,sel_863e24ef_1b42fdb8,pred_501a6889_d6678d5d,79.88929889298892,90.22140221402213,10.332103321033214,8.11808118081181,18.081180811808117,88.00738007380073,pred_b1ac10ef_71b11afa,14.391143911439109,75.83025830258303,90.22140221402213,sel_eec26e28_e33f74ac,12.853628536285363,-4.059040590405894,4.059040590405894,-2.521525215252149,1.5375153751537454
f1a9471b5e65f9c8152d,Cora,GNNDelete,42,,SGC,gt_full,./selectors/gt_full_sgc.yaml,82741ce023ece70893d0f739fb2c7a06e8e81ec4afcb015b97fbd5b504a41dc7,sel_300e729d_dfd2f5a2,pred_b9a86ea2_6fd276d1,72.32472324723247,90.22140221402213,17.89667896678967,17.527675276752774,25.092250922509223,89.85239852398524,pred_698ecfb9_2f228180,21.955719557195575,68.26568265682657,90.22140221402213,sel_6131e07a_031bcfdd,12.853628536285363,-4.059040590405907,4.059040590405907,5.043050430504305,9.102091020910212
9d10ae3f4a1dd6a4aa9e,Cora,GNNDelete,42,,GAT,r_point,./selectors/r_point_gat.yaml,82741ce023ece70893d0f739fb2c7a06e8e81ec4afcb015b97fbd5b504a41dc7,sel_bdb77e40_10c8472c,pred_a36876ed_41d7f5f7,83.39483394833948,90.22140221402213,6.826568265682653,4.243542435424352,14.575645756457565,87.63837638376384,pred_e66d73a2_5d884d44,14.391143911439109,75.83025830258303,90.22140221402213,sel_eec26e28_e33f74ac,12.853628536285363,-7.564575645756456,7.564575645756456,-6.0270602706027105,1.5375153751537454
09b88dd79e94145bdc90,Cora,GNNDelete,42,,GAT,gt_full,./selectors/gt_full_gat.yaml,82741ce023ece70893d0f739fb2c7a06e8e81ec4afcb015b97fbd5b504a41dc7,sel_19781896_b41653f3,pred_65a75083_ee30f9ba,69.92619926199262,90.22140221402213,20.295202952029523,19.74169741697417,28.413284132841326,89.66789667896678,pred_d821ee1c_2c1267d4,21.955719557195575,68.26568265682657,90.22140221402213,sel_6131e07a_031bcfdd,12.853628536285363,-1.6605166051660518,1.6605166051660518,7.44157441574416,9.102091020910212
4cd7963281c8bf945d93,Cora,GNNDelete,42,,GIN,r_point,./selectors/r_point_gin.yaml,82741ce023ece70893d0f739fb2c7a06e8e81ec4afcb015b97fbd5b504a41dc7,sel_1058609e_8fcc5e37,pred_d6a2373c_3591b11d,79.88929889298892,90.22140221402213,10.332103321033214,9.409594095940966,17.52767527675277,89.2988929889299,pred_baa394a0_2e355d5c,14.391143911439109,75.83025830258303,90.22140221402213,sel_eec26e28_e33f74ac,12.853628536285363,-4.059040590405894,4.059040590405894,-2.521525215252149,1.5375153751537454
345c596c02b09aa1973b,Cora,GNNDelete,42,,GIN,gt_full,./selectors/gt_full_gin.yaml,82741ce023ece70893d0f739fb2c7a06e8e81ec4afcb015b97fbd5b504a41dc7,sel_4c1d37c6_3b7ff40c,pred_6600cda6_c10a0c88,69.00369003690037,90.22140221402213,21.217712177121772,20.479704797047972,26.383763837638373,89.48339483394834,pred_14031634_2da39dbf,21.955719557195575,68.26568265682657,90.22140221402213,sel_6131e07a_031bcfdd,12.853628536285363,-0.7380073800738032,0.7380073800738032,8.364083640836409,9.102091020910212
3db2003b42e2412b4cd8,Cora,GIF,42,,SGC,r_point,./selectors/r_point_sgc.yaml,82741ce023ece70893d0f739fb2c7a06e8e81ec4afcb015b97fbd5b504a41dc7,sel_863e24ef_1b42fdb8,pred_fcb3e56f_169a40b3,90.40590405904058,90.22140221402213,-0.18450184501844769,-2.398523985239853,6.088560885608856,88.00738007380073,pred_b1ac10ef_71b11afa,0.18450184501844769,90.03690036900369,90.22140221402213,sel_eec26e28_e33f74ac,0.0,-0.36900369003689537,0.36900369003689537,-0.18450184501844769,0.18450184501844769
035e474a41290ebe93a2,Cora,GIF,42,,SGC,gt_full,./selectors/gt_full_sgc.yaml,82741ce023ece70893d0f739fb2c7a06e8e81ec4afcb015b97fbd5b504a41dc7,sel_300e729d_dfd2f5a2,pred_d2b8612c_86f8747e,90.59040590405904,90.22140221402213,-0.3690036900369065,-0.7380073800738018,3.136531365313653,89.85239852398524,pred_698ecfb9_2f228180,0.0,90.22140221402213,90.22140221402213,sel_6131e07a_031bcfdd,0.0,-0.3690036900369065,0.3690036900369065,-0.3690036900369065,0.0
3640db5ed63577bd3ec6,Cora,GIF,42,,GAT,r_point,./selectors/r_point_gat.yaml,82741ce023ece70893d0f739fb2c7a06e8e81ec4afcb015b97fbd5b504a41dc7,sel_bdb77e40_10c8472c,pred_c4e94db4_bb589769,90.03690036900369,90.22140221402213,0.18450184501844769,-2.398523985239853,6.4575645756457565,87.63837638376384,pred_e66d73a2_5d884d44,0.18450184501844769,90.03690036900369,90.22140221402213,sel_eec26e28_e33f74ac,0.0,0.0,0.0,0.18450184501844769,0.18450184501844769
7ddb20e597083b389c86,Cora,GIF,42,,GAT,gt_full,./selectors/gt_full_gat.yaml,82741ce023ece70893d0f739fb2c7a06e8e81ec4afcb015b97fbd5b504a41dc7,sel_19781896_b41653f3,pred_1b3f1af0_d7092d2e,90.59040590405904,90.22140221402213,-0.3690036900369065,-0.9225092250922606,4.243542435424354,89.66789667896678,pred_d821ee1c_2c1267d4,0.0,90.22140221402213,90.22140221402213,sel_6131e07a_031bcfdd,0.0,-0.3690036900369065,0.3690036900369065,-0.3690036900369065,0.0
e0abb3f30f86266f77ea,Cora,GIF,42,,GIN,r_point,./selectors/r_point_gin.yaml,82741ce023ece70893d0f739fb2c7a06e8e81ec4afcb015b97fbd5b504a41dc7,sel_1058609e_8fcc5e37,pred_78f8aca0_5f95224f,90.22140221402213,90.22140221402213,0.0,-0.9225092250922495,4.797047970479705,89.2988929889299,pred_baa394a0_2e355d5c,0.18450184501844769,90.03690036900369,90.22140221402213,sel_eec26e28_e33f74ac,0.0,-0.18450184501844769,0.18450184501844769,0.0,0.18450184501844769
671db42a4d0ea17f8b0b,Cora,GIF,42,,GIN,gt_full,./selectors/gt_full_gin.yaml,82741ce023ece70893d0f739fb2c7a06e8e81ec4afcb015b97fbd5b504a41dc7,sel_4c1d37c6_3b7ff40c,pred_1e3a46c8_138d70cb,90.03690036900369,90.22140221402213,0.18450184501844769,-0.5535055350553542,4.428044280442804,89.48339483394834,pred_14031634_2da39dbf,0.0,90.22140221402213,90.22140221402213,sel_6131e07a_031bcfdd,0.0,0.18450184501844769,0.18450184501844769,0.18450184501844769,0.0
7a587bd8878ed1b04762,Cora,IDEA,42,,SGC,r_point,./selectors/r_point_sgc.yaml,82741ce023ece70893d0f739fb2c7a06e8e81ec4afcb015b97fbd5b504a41dc7,sel_863e24ef_1b42fdb8,pred_12389e8e_3cf2eb78,90.40590405904058,90.22140221402213,-0.18450184501844769,-2.398523985239853,6.088560885608856,88.00738007380073,pred_b1ac10ef_71b11afa,0.18450184501844769,90.03690036900369,90.22140221402213,sel_eec26e28_e33f74ac,0.0,-0.36900369003689537,0.36900369003689537,-0.18450184501844769,0.18450184501844769
d8008f9eaac7f6fae017,Cora,IDEA,42,,SGC,gt_full,./selectors/gt_full_sgc.yaml,82741ce023ece70893d0f739fb2c7a06e8e81ec4afcb015b97fbd5b504a41dc7,sel_300e729d_dfd2f5a2,pred_19d6aa18_bc7c5153,90.59040590405904,90.22140221402213,-0.3690036900369065,-0.7380073800738018,3.136531365313653,89.85239852398524,pred_698ecfb9_2f228180,0.0,90.22140221402213,90.22140221402213,sel_6131e07a_031bcfdd,0.0,-0.3690036900369065,0.3690036900369065,-0.3690036900369065,0.0
279e780c52841d960119,Cora,IDEA,42,,GAT,r_point,./selectors/r_point_gat.yaml,82741ce023ece70893d0f739fb2c7a06e8e81ec4afcb015b97fbd5b504a41dc7,sel_bdb77e40_10c8472c,pred_44bc1857_55d777ec,90.03690036900369,90.22140221402213,0.18450184501844769,-2.398523985239853,6.4575645756457565,87.63837638376384,pred_e66d73a2_5d884d44,0.18450184501844769,90.03690036900369,90.22140221402213,sel_eec26e28_e33f74ac,0.0,0.0,0.0,0.18450184501844769,0.18450184501844769
b245b7b54226d3fea374,Cora,IDEA,42,,GAT,gt_full,./selectors/gt_full_gat.yaml,82741ce023ece70893d0f739fb2c7a06e8e81ec4afcb015b97fbd5b504a41dc7,sel_19781896_b41653f3,pred_5813ea53_2b862406,90.59040590405904,90.22140221402213,-0.3690036900369065,-0.9225092250922606,4.243542435424354,89.66789667896678,pred_d821ee1c_2c1267d4,0.0,90.22140221402213,90.22140221402213,sel_6131e07a_031bcfdd,0.0,-0.3690036900369065,0.3690036900369065,-0.3690036900369065,0.0
5410b2bdeba78405e502,Cora,IDEA,42,,GIN,r_point,./selectors/r_point_gin.yaml,82741ce023ece70893d0f739fb2c7a06e8e81ec4afcb015b97fbd5b504a41dc7,sel_1058609e_8fcc5e37,pred_6d598406_bc11672b,90.22140221402213,90.22140221402213,0.0,-0.9225092250922495,4.797047970479705,89.2988929889299,pred_baa394a0_2e355d5c,0.18450184501844769,90.03690036900369,90.22140221402213,sel_eec26e28_e33f74ac,0.0,-0.18450184501844769,0.18450184501844769,0.0,0.18450184501844769
0a410cc181d975c04dfc,Cora,IDEA,42,,GIN,gt_full,./selectors/gt_full_gin.yaml,82741ce023ece70893d0f739fb2c7a06e8e81ec4afcb015b97fbd5b504a41dc7,sel_4c1d37c6_3b7ff40c,pred_4ace6c80_54907a92,90.03690036900369,90.22140221402213,0.18450184501844769,-0.5535055350553542,4.428044280442804,89.48339483394834,pred_14031634_2da39dbf,0.0,90.22140221402213,90.22140221402213,sel_6131e07a_031bcfdd,0.0,0.18450184501844769,0.18450184501844769,0.18450184501844769,0.0
b63511d9ce584e1a9870,Cora,MEGU,42,,SGC,r_point,./selectors/r_point_sgc.yaml,82741ce023ece70893d0f739fb2c7a06e8e81ec4afcb015b97fbd5b504a41dc7,sel_863e24ef_1b42fdb8,pred_c6da134f_e5695307,90.7749077490775,90.22140221402213,-0.5535055350553542,-2.7675276752767597,6.088560885608856,88.00738007380073,pred_b1ac10ef_71b11afa,0.0,90.22140221402213,90.22140221402213,sel_eec26e28_e33f74ac,0.12300123001229846,-0.5535055350553542,0.5535055350553542,-0.6765067650676526,-0.12300123001229846
9afef97829f8c7f882c7,Cora,MEGU,42,,SGC,gt_full,./selectors/gt_full_sgc.yaml,82741ce023ece70893d0f739fb2c7a06e8e81ec4afcb015b97fbd5b504a41dc7,sel_300e729d_dfd2f5a2,pred_5ed17913_c01a5433,90.22140221402213,90.22140221402213,0.0,-0.36900369003689537,4.428044280442804,89.85239852398524,pred_698ecfb9_2f228180,0.0,90.22140221402213,90.22140221402213,sel_6131e07a_031bcfdd,0.12300123001229846,0.0,0.0,-0.12300123001229846,-0.12300123001229846
5282e048213bb68efca7,Cora,MEGU,42,,GAT,r_point,./selectors/r_point_gat.yaml,82741ce023ece70893d0f739fb2c7a06e8e81ec4afcb015b97fbd5b504a41dc7,sel_bdb77e40_10c8472c,pred_390962da_cd20d505,89.85239852398524,90.22140221402213,0.36900369003689537,-2.2140221402214055,6.088560885608856,87.63837638376384,pred_e66d73a2_5d884d44,0.0,90.22140221402213,90.22140221402213,sel_eec26e28_e33f74ac,0.12300123001229846,0.36900369003689537,0.36900369003689537,0.24600246002459691,-0.12300123001229846
b4d981b3be89aa6c4fa1,Cora,MEGU,42,,GAT,gt_full,./selectors/gt_full_gat.yaml,82741ce023ece70893d0f739fb2c7a06e8e81ec4afcb015b97fbd5b504a41dc7,sel_19781896_b41653f3,pred_80e73265_6c9c17c6,90.40590405904058,90.22140221402213,-0.18450184501844769,-0.7380073800738018,5.166051660516605,89.66789667896678,pred_d821ee1c_2c1267d4,0.0,90.22140221402213,90.22140221402213,sel_6131e07a_031bcfdd,0.12300123001229846,-0.18450184501844769,0.18450184501844769,-0.30750307503074614,-0.12300123001229846
94400b9ccd68ec950c8e,Cora,MEGU,42,,GIN,r_point,./selectors/r_point_gin.yaml,82741ce023ece70893d0f739fb2c7a06e8e81ec4afcb015b97fbd5b504a41dc7,sel_1058609e_8fcc5e37,pred_92b69f80_797c8013,90.03690036900369,90.22140221402213,0.18450184501844769,-0.7380073800738018,5.350553505535055,89.2988929889299,pred_baa394a0_2e355d5c,0.0,90.22140221402213,90.22140221402213,sel_eec26e28_e33f74ac,0.12300123001229846,0.18450184501844769,0.18450184501844769,0.06150061500614923,-0.12300123001229846
b751fc53113bb8601447,Cora,MEGU,42,,GIN,gt_full,./selectors/gt_full_gin.yaml,82741ce023ece70893d0f739fb2c7a06e8e81ec4afcb015b97fbd5b504a41dc7,sel_4c1d37c6_3b7ff40c,pred_d169db7c_0680cb66,89.85239852398524,90.22140221402213,0.36900369003689537,-0.3690036900369065,4.797047970479705,89.48339483394834,pred_14031634_2da39dbf,0.0,90.22140221402213,90.22140221402213,sel_6131e07a_031bcfdd,0.12300123001229846,0.36900369003689537,0.36900369003689537,0.24600246002459691,-0.12300123001229846
c2b14391531e30622736,Cora,GraphEraser,42,,SGC,r_point,./selectors/r_point_sgc.yaml,82741ce023ece70893d0f739fb2c7a06e8e81ec4afcb015b97fbd5b504a41dc7,sel_863e24ef_1b42fdb8,pred_378d56fa_bc083ab2,84.31734317343174,86.71586715867159,2.398523985239853,3.690036900368998,15.867158671586715,88.00738007380073,pred_b1ac10ef_71b11afa,1.1070110701107083,85.60885608856088,86.71586715867159,sel_eec26e28_e33f74ac,0.9840098400984024,1.291512915129145,1.291512915129145,1.414514145141451,0.1230012300123059
8d44a232103b136e97d5,Cora,GraphEraser,42,,SGC,gt_full,./selectors/gt_full_sgc.yaml,82741ce023ece70893d0f739fb2c7a06e8e81ec4afcb015b97fbd5b504a41dc7,sel_300e729d_dfd2f5a2,pred_76c05181_a11d85d0,83.39483394833948,86.71586715867159,3.3210332103321027,6.457564575645758,15.313653136531366,89.85239852398524,pred_698ecfb9_2f228180,0.7380073800738018,85.97785977859779,86.71586715867159,sel_6131e07a_031bcfdd,0.9840098400984024,2.583025830258301,2.583025830258301,2.3370233702337004,-0.24600246002460058
d2d40c615cbc42d78ed3,Cora,GraphEraser,42,,GAT,r_point,./selectors/r_point_gat.yaml,82741ce023ece70893d0f739fb2c7a06e8e81ec4afcb015b97fbd5b504a41dc7,sel_bdb77e40_10c8472c,pred_10b605e8_95bfef0e,85.60885608856088,86.71586715867159,1.1070110701107083,2.029520295202958,13.468634686346864,87.63837638376384,pred_e66d73a2_5d884d44,1.1070110701107083,85.60885608856088,86.71586715867159,sel_eec26e28_e33f74ac,0.9840098400984024,0.0,0.0,0.1230012300123059,0.1230012300123059
939cb37bcfede2594833,Cora,GraphEraser,42,,GAT,gt_full,./selectors/gt_full_gat.yaml,82741ce023ece70893d0f739fb2c7a06e8e81ec4afcb015b97fbd5b504a41dc7,sel_19781896_b41653f3,pred_3d621236_378490f5,85.79335793357934,86.71586715867159,0.9225092250922495,3.874538745387446,13.284132841328415,89.66789667896678,pred_d821ee1c_2c1267d4,0.7380073800738018,85.97785977859779,86.71586715867159,sel_6131e07a_031bcfdd,0.9840098400984024,0.18450184501844769,0.18450184501844769,-0.06150061500615289,-0.24600246002460058
86bbf78eef5a9c751887,Cora,GraphEraser,42,,GIN,r_point,./selectors/r_point_gin.yaml,82741ce023ece70893d0f739fb2c7a06e8e81ec4afcb015b97fbd5b504a41dc7,sel_1058609e_8fcc5e37,pred_faaa2e75_81724f6c,84.87084870848709,86.71586715867159,1.845018450184499,4.4280442804427995,14.206642066420663,89.2988929889299,pred_baa394a0_2e355d5c,1.1070110701107083,85.60885608856088,86.71586715867159,sel_eec26e28_e33f74ac,0.9840098400984024,0.7380073800737907,0.7380073800737907,0.8610086100860966,0.1230012300123059
444f4c2c784fd749e177,Cora,GraphEraser,42,,GIN,gt_full,./selectors/gt_full_gin.yaml,82741ce023ece70893d0f739fb2c7a06e8e81ec4afcb015b97fbd5b504a41dc7,sel_4c1d37c6_3b7ff40c,pred_601a4f9f_f7091190,85.79335793357934,86.71586715867159,0.9225092250922495,3.690036900368998,12.730627306273062,89.48339483394834,pred_14031634_2da39dbf,0.7380073800738018,85.97785977859779,86.71586715867159,sel_6131e07a_031bcfdd,0.9840098400984024,0.18450184501844769,0.18450184501844769,-0.06150061500615289,-0.24600246002460058
63cd668ee5a49abcb5e5,Cora,GraphRevoker,42,,SGC,r_point,./selectors/r_point_sgc.yaml,82741ce023ece70893d0f739fb2c7a06e8e81ec4afcb015b97fbd5b504a41dc7,sel_863e24ef_1b42fdb8,pred_8c8fab24_acdbd140,75.64575645756457,75.46125461254613,-0.18450184501844769,12.361623616236162,23.800738007380073,88.00738007380073,pred_b1ac10ef_71b11afa,3.690036900368998,71.77121771217713,75.46125461254613,sel_eec26e28_e33f74ac,0.676506765067649,-3.874538745387446,3.874538745387446,-0.8610086100860966,3.013530135301349
f3502ae5781111137f38,Cora,GraphRevoker,42,,SGC,gt_full,./selectors/gt_full_sgc.yaml,82741ce023ece70893d0f739fb2c7a06e8e81ec4afcb015b97fbd5b504a41dc7,sel_300e729d_dfd2f5a2,pred_0fc71c64_9cd4dfe2,75.09225092250922,75.46125461254613,0.36900369003689537,14.760147601476014,22.509225092250922,89.85239852398524,pred_698ecfb9_2f228180,1.845018450184499,73.61623616236163,75.46125461254613,sel_6131e07a_031bcfdd,0.676506765067649,-1.4760147601476037,1.4760147601476037,-0.3075030750307536,1.16851168511685
32155fab4d4ad77726ab,Cora,GraphRevoker,42,,GAT,r_point,./selectors/r_point_gat.yaml,82741ce023ece70893d0f739fb2c7a06e8e81ec4afcb015b97fbd5b504a41dc7,sel_bdb77e40_10c8472c,pred_8395fed6_8323ecf0,75.64575645756457,75.46125461254613,-0.18450184501844769,11.992619926199266,23.247232472324722,87.63837638376384,pred_e66d73a2_5d884d44,3.690036900368998,71.77121771217713,75.46125461254613,sel_eec26e28_e33f74ac,0.676506765067649,-3.874538745387446,3.874538745387446,-0.8610086100860966,3.013530135301349
6c779a367a0416f5f13a,Cora,GraphRevoker,42,,GAT,gt_full,./selectors/gt_full_gat.yaml,82741ce023ece70893d0f739fb2c7a06e8e81ec4afcb015b97fbd5b504a41dc7,sel_19781896_b41653f3,pred_f6455560_2a671286,76.93726937269373,75.46125461254613,-1.4760147601476037,12.730627306273057,21.40221402214022,89.66789667896678,pred_d821ee1c_2c1267d4,1.845018450184499,73.61623616236163,75.46125461254613,sel_6131e07a_031bcfdd,0.676506765067649,-3.3210332103321027,3.3210332103321027,-2.1525215252152528,1.16851168511685
b98ca3e4f8fd82d3afd0,Cora,GraphRevoker,42,,GIN,r_point,./selectors/r_point_gin.yaml,82741ce023ece70893d0f739fb2c7a06e8e81ec4afcb015b97fbd5b504a41dc7,sel_1058609e_8fcc5e37,pred_655d7d65_5fa37f16,76.38376383763837,75.46125461254613,-0.9225092250922495,12.915129151291517,23.062730627306273,89.2988929889299,pred_baa394a0_2e355d5c,3.690036900368998,71.77121771217713,75.46125461254613,sel_eec26e28_e33f74ac,0.676506765067649,-4.612546125461248,4.612546125461248,-1.5990159901598986,3.013530135301349
cb36ac5fbd2e2e4a2906,Cora,GraphRevoker,42,,GIN,gt_full,./selectors/gt_full_gin.yaml,82741ce023ece70893d0f739fb2c7a06e8e81ec4afcb015b97fbd5b504a41dc7,sel_4c1d37c6_3b7ff40c,pred_3af06762_1a128352,75.46125461254613,75.46125461254613,0.0,14.022140221402212,22.14022140221402,89.48339483394834,pred_14031634_2da39dbf,1.845018450184499,73.61623616236163,75.46125461254613,sel_6131e07a_031bcfdd,0.676506765067649,-1.845018450184499,1.845018450184499,-0.676506765067649,1.16851168511685
31387d9c29b53dedf842,Cora,GNNDelete,212,,SGC,r_point,./selectors/r_point_sgc.yaml,82741ce023ece70893d0f739fb2c7a06e8e81ec4afcb015b97fbd5b504a41dc7,sel_2160304d_038bf57f,pred_820b7773_0c246d20,79.70479704797047,90.22140221402213,10.516605166051662,9.040590405904059,17.712177121771216,88.74538745387454,pred_3fdce88d_e810f8d6,14.022140221402212,76.19926199261992,90.22140221402213,sel_037e9e97_e68531f8,13.09963099630996,-3.505535055350551,3.505535055350551,-2.5830258302582987,0.9225092250922522
05fffce1b81fc05810d8,Cora,GNNDelete,212,,SGC,gt_full,./selectors/gt_full_sgc.yaml,82741ce023ece70893d0f739fb2c7a06e8e81ec4afcb015b97fbd5b504a41dc7,sel_67d7b6f6_92751299,pred_86613601_39072011,74.53874538745387,90.22140221402213,15.682656826568264,14.575645756457567,23.43173431734317,89.11439114391145,pred_cb2beced_d6037d2a,19.74169741697417,70.47970479704797,90.22140221402213,sel_6a3357b1_120c67a2,13.09963099630996,-4.059040590405905,4.059040590405905,2.583025830258304,6.642066420664209
084a0c0f2a231a9e9516,Cora,GNNDelete,212,,GAT,r_point,./selectors/r_point_gat.yaml,82741ce023ece70893d0f739fb2c7a06e8e81ec4afcb015b97fbd5b504a41dc7,sel_6ad9f316_32eee98a,pred_95c98b08_74b18780,80.99630996309963,90.22140221402213,9.225092250922506,8.671586715867152,18.081180811808117,89.66789667896678,pred_d1e767c5_4d2f6376,14.022140221402212,76.19926199261992,90.22140221402213,sel_037e9e97_e68531f8,13.09963099630996,-4.797047970479706,4.797047970479706,-3.8745387453874542,0.9225092250922522
adb446dc5b7a1ccebf14,Cora,GNNDelete,212,,GAT,gt_full,./selectors/gt_full_gat.yaml,82741ce023ece70893d0f739fb2c7a06e8e81ec4afcb015b97fbd5b504a41dc7,sel_aa28e591_d8316575,pred_363ba038_e1f3b7b8,75.27675276752768,90.22140221402213,14.944649446494463,14.760147601476014,24.169741697416974,90.03690036900369,pred_9c7b2f7f_d9b07009,19.74169741697417,70.47970479704797,90.22140221402213,sel_6a3357b1_120c67a2,13.09963099630996,-4.797047970479706,4.797047970479706,1.8450184501845026,6.642066420664209
f2d59953b9e6ea69c400,Cora,GNNDelete,212,,GIN,r_point,./selectors/r_point_gin.yaml,82741ce023ece70893d0f739fb2c7a06e8e81ec4afcb015b97fbd5b504a41dc7,sel_edddc9d5_b0591f9a,pred_8ba1e233_f8c1a236,81.36531365313652,90.22140221402213,8.856088560885611,8.302583025830257,18.45018450184502,89.66789667896678,pred_e27ea745_ac1e08a2,14.022140221402212,76.19926199261992,90.22140221402213,sel_037e9e97_e68531f8,13.09963099630996,-5.166051660516601,5.166051660516601,-4.243542435424349,0.9225092250922522
b0dc318321d7a0409402,Cora,GNNDelete,212,,GIN,gt_full,./selectors/gt_full_gin.yaml,82741ce023ece70893d0f739fb2c7a06e8e81ec4afcb015b97fbd5b504a41dc7,sel_b9fd49c0_2ebf2def,pred_3861ffe2_de2fc908,71.21771217712177,90.22140221402213,19.003690036900366,18.081180811808117,25.276752767527675,89.2988929889299,pred_cee0b125_0eb2c7e1,19.74169741697417,70.47970479704797,90.22140221402213,sel_6a3357b1_120c67a2,13.09963099630996,-0.7380073800738032,0.7380073800738032,5.904059040590406,6.642066420664209
567cbc562e04d9e02f53,Cora,GIF,212,,SGC,r_point,./selectors/r_point_sgc.yaml,82741ce023ece70893d0f739fb2c7a06e8e81ec4afcb015b97fbd5b504a41dc7,sel_2160304d_038bf57f,pred_657ccad3_e46c332a,90.40590405904058,90.22140221402213,-0.18450184501844769,-1.6605166051660514,5.166051660516605,88.74538745387454,pred_3fdce88d_e810f8d6,0.5535055350553542,89.66789667896678,90.22140221402213,sel_037e9e97_e68531f8,-0.06150061500614923,-0.7380073800738018,0.7380073800738018,-0.12300123001229846,0.6150061500615034
bcec831bbb404999b324,Cora,GIF,212,,SGC,gt_full,./selectors/gt_full_sgc.yaml,82741ce023ece70893d0f739fb2c7a06e8e81ec4afcb015b97fbd5b504a41dc7,sel_67d7b6f6_92751299,pred_db4f00a7_1cadb10f,90.59040590405904,90.22140221402213,-0.3690036900369065,-1.4760147601476037,4.059040590405904,89.11439114391145,pred_cb2beced_d6037d2a,0.36900369003689537,89.85239852398524,90.22140221402213,sel_6a3357b1_120c67a2,-0.06150061500614923,-0.7380073800738018,0.7380073800738018,-0.30750307503075724,0.4305043050430446
3c481c265a9b35324978,Cora,GIF,212,,GAT,r_point,./selectors/r_point_gat.yaml,82741ce023ece70893d0f739fb2c7a06e8e81ec4afcb015b97fbd5b504a41dc7,sel_6ad9f316_32eee98a,pred_4ad76c61_aff375e7,90.22140221402213,90.22140221402213,0.0,-0.5535055350553542,6.088560885608856,89.66789667896678,pred_d1e767c5_4d2f6376,0.5535055350553542,89.66789667896678,90.22140221402213,sel_037e9e97_e68531f8,-0.06150061500614923,-0.5535055350553542,0.5535055350553542,0.06150061500614923,0.6150061500615034
97d13031789fb46b5d78,Cora,GIF,212,,GAT,gt_full,./selectors/gt_full_gat.yaml,82741ce023ece70893d0f739fb2c7a06e8e81ec4afcb015b97fbd5b504a41dc7,sel_aa28e591_d8316575,pred_aef70722_e3f67bab,90.03690036900369,90.22140221402213,0.18450184501844769,0.0,4.797047970479705,90.03690036900369,pred_9c7b2f7f_d9b07009,0.36900369003689537,89.85239852398524,90.22140221402213,sel_6a3357b1_120c67a2,-0.06150061500614923,-0.18450184501844769,0.18450184501844769,0.24600246002459691,0.4305043050430446
ac221f8e0690b62301fd,Cora,GIF,212,,GIN,r_point,./selectors/r_point_gin.yaml,82741ce023ece70893d0f739fb2c7a06e8e81ec4afcb015b97fbd5b504a41dc7,sel_edddc9d5_b0591f9a,pred_46fac1b2_89a391d7,90.22140221402213,90.22140221402213,0.0,-0.5535055350553542,6.088560885608856,89.66789667896678,pred_e27ea745_ac1e08a2,0.5535055350553542,89.66789667896678,90.22140221402213,sel_037e9e97_e68531f8,-0.06150061500614923,-0.5535055350553542,0.5535055350553542,0.06150061500614923,0.6150061500615034
5637345c4ea4464f08bf,Cora,GIF,212,,GIN,gt_full,./selectors/gt_full_gin.yaml,82741ce023ece70893d0f739fb2c7a06e8e81ec4afcb015b97fbd5b504a41dc7,sel_b9fd49c0_2ebf2def,pred_e331d2ce_48d5856a,90.22140221402213,90.22140221402213,0.0,-0.9225092250922495,5.535055350553505,89.2988929889299,pred_cee0b125_0eb2c7e1,0.36900369003689537,89.85239852398524,90.22140221402213,sel_6a3357b1_120c67a2,-0.06150061500614923,-0.36900369003689537,0.36900369003689537,0.06150061500614923,0.4305043050430446
270b3ff4803f1035d71a,Cora,IDEA,212,,SGC,r_point,./selectors/r_point_sgc.yaml,82741ce023ece70893d0f739fb2c7a06e8e81ec4afcb015b97fbd5b504a41dc7,sel_2160304d_038bf57f,pred_a04dfc13_1aef8c83,90.40590405904058,90.22140221402213,-0.18450184501844769,-1.6605166051660514,5.166051660516605,88.74538745387454,pred_3fdce88d_e810f8d6,0.5535055350553542,89.66789667896678,90.22140221402213,sel_037e9e97_e68531f8,-0.06150061500614923,-0.7380073800738018,0.7380073800738018,-0.12300123001229846,0.6150061500615034
770f5b132ecdf8979b5c,Cora,IDEA,212,,SGC,gt_full,./selectors/gt_full_sgc.yaml,82741ce023ece70893d0f739fb2c7a06e8e81ec4afcb015b97fbd5b504a41dc7,sel_67d7b6f6_92751299,pred_8adda3a9_e9e6ad1b,90.59040590405904,90.22140221402213,-0.3690036900369065,-1.4760147601476037,4.059040590405904,89.11439114391145,pred_cb2beced_d6037d2a,0.36900369003689537,89.85239852398524,90.22140221402213,sel_6a3357b1_120c67a2,-0.06150061500614923,-0.7380073800738018,0.7380073800738018,-0.30750307503075724,0.4305043050430446
08d1f011ffaa88e84b89,Cora,IDEA,212,,GAT,r_point,./selectors/r_point_gat.yaml,82741ce023ece70893d0f739fb2c7a06e8e81ec4afcb015b97fbd5b504a41dc7,sel_6ad9f316_32eee98a,pred_be9c1414_eeef90e4,90.22140221402213,90.22140221402213,0.0,-0.5535055350553542,6.088560885608856,89.66789667896678,pred_d1e767c5_4d2f6376,0.5535055350553542,89.66789667896678,90.22140221402213,sel_037e9e97_e68531f8,-0.06150061500614923,-0.5535055350553542,0.5535055350553542,0.06150061500614923,0.6150061500615034
872488b1dc735fa59497,Cora,IDEA,212,,GAT,gt_full,./selectors/gt_full_gat.yaml,82741ce023ece70893d0f739fb2c7a06e8e81ec4afcb015b97fbd5b504a41dc7,sel_aa28e591_d8316575,pred_15ce9901_7932cfa1,90.03690036900369,90.22140221402213,0.18450184501844769,0.0,4.797047970479705,90.03690036900369,pred_9c7b2f7f_d9b07009,0.36900369003689537,89.85239852398524,90.22140221402213,sel_6a3357b1_120c67a2,-0.06150061500614923,-0.18450184501844769,0.18450184501844769,0.24600246002459691,0.4305043050430446
edeab084b1323224c63c,Cora,IDEA,212,,GIN,r_point,./selectors/r_point_gin.yaml,82741ce023ece70893d0f739fb2c7a06e8e81ec4afcb015b97fbd5b504a41dc7,sel_edddc9d5_b0591f9a,pred_90d5e56c_f6884743,90.22140221402213,90.22140221402213,0.0,-0.5535055350553542,6.088560885608856,89.66789667896678,pred_e27ea745_ac1e08a2,0.5535055350553542,89.66789667896678,90.22140221402213,sel_037e9e97_e68531f8,-0.06150061500614923,-0.5535055350553542,0.5535055350553542,0.06150061500614923,0.6150061500615034
2c9e920b4d43d744aaff,Cora,IDEA,212,,GIN,gt_full,./selectors/gt_full_gin.yaml,82741ce023ece70893d0f739fb2c7a06e8e81ec4afcb015b97fbd5b504a41dc7,sel_b9fd49c0_2ebf2def,pred_c04fb83c_50e80ca3,90.22140221402213,90.22140221402213,0.0,-0.9225092250922495,5.535055350553505,89.2988929889299,pred_cee0b125_0eb2c7e1,0.36900369003689537,89.85239852398524,90.22140221402213,sel_6a3357b1_120c67a2,-0.06150061500614923,-0.36900369003689537,0.36900369003689537,0.06150061500614923,0.4305043050430446
875ccd58e25b7718b9ca,Cora,MEGU,212,,SGC,r_point,./selectors/r_point_sgc.yaml,82741ce023ece70893d0f739fb2c7a06e8e81ec4afcb015b97fbd5b504a41dc7,sel_2160304d_038bf57f,pred_93e30824_6eab908c,89.11439114391145,90.22140221402213,1.1070110701106972,-0.3690036900369065,6.642066420664207,88.74538745387454,pred_3fdce88d_e810f8d6,0.7380073800738018,89.48339483394834,90.22140221402213,sel_037e9e97_e68531f8,1.1685116851168538,0.36900369003689537,0.36900369003689537,-0.061500615006156556,-0.4305043050430519
861318afeeabec9209b7,Cora,MEGU,212,,SGC,gt_full,./selectors/gt_full_sgc.yaml,82741ce023ece70893d0f739fb2c7a06e8e81ec4afcb015b97fbd5b504a41dc7,sel_67d7b6f6_92751299,pred_d355ab86_b5c680ae,89.48339483394834,90.22140221402213,0.7380073800738018,-0.36900369003689537,6.088560885608856,89.11439114391145,pred_cb2beced_d6037d2a,0.9225092250922495,89.2988929889299,90.22140221402213,sel_6a3357b1_120c67a2,1.1685116851168538,-0.18450184501844769,0.18450184501844769,-0.4305043050430519,-0.24600246002460424
27223feb85fbac26c398,Cora,MEGU,212,,GAT,r_point,./selectors/r_point_gat.yaml,82741ce023ece70893d0f739fb2c7a06e8e81ec4afcb015b97fbd5b504a41dc7,sel_6ad9f316_32eee98a,pred_c0698a78_4b9d0c19,89.66789667896678,90.22140221402213,0.5535055350553542,0.0,6.642066420664207,89.66789667896678,pred_d1e767c5_4d2f6376,0.7380073800738018,89.48339483394834,90.22140221402213,sel_037e9e97_e68531f8,1.1685116851168538,-0.18450184501844769,0.18450184501844769,-0.6150061500614996,-0.4305043050430519
567f11a0b0ba868a7778,Cora,MEGU,212,,GAT,gt_full,./selectors/gt_full_gat.yaml,82741ce023ece70893d0f739fb2c7a06e8e81ec4afcb015b97fbd5b504a41dc7,sel_aa28e591_d8316575,pred_968a99e8_fe47238c,89.2988929889299,90.22140221402213,0.9225092250922495,0.7380073800738018,5.535055350553505,90.03690036900369,pred_9c7b2f7f_d9b07009,0.9225092250922495,89.2988929889299,90.22140221402213,sel_6a3357b1_120c67a2,1.1685116851168538,0.0,0.0,-0.24600246002460424,-0.24600246002460424
498c3351e863bd7a6206,Cora,MEGU,212,,GIN,r_point,./selectors/r_point_gin.yaml,82741ce023ece70893d0f739fb2c7a06e8e81ec4afcb015b97fbd5b504a41dc7,sel_edddc9d5_b0591f9a,pred_fb942706_f3bd4634,89.66789667896678,90.22140221402213,0.5535055350553542,0.0,6.273062730627306,89.66789667896678,pred_e27ea745_ac1e08a2,0.7380073800738018,89.48339483394834,90.22140221402213,sel_037e9e97_e68531f8,1.1685116851168538,-0.18450184501844769,0.18450184501844769,-0.6150061500614996,-0.4305043050430519
b7b62be39580273e8eb0,Cora,MEGU,212,,GIN,gt_full,./selectors/gt_full_gin.yaml,82741ce023ece70893d0f739fb2c7a06e8e81ec4afcb015b97fbd5b504a41dc7,sel_b9fd49c0_2ebf2def,pred_438a6851_b50d62c5,88.56088560885608,90.22140221402213,1.6605166051660514,0.7380073800738018,6.642066420664207,89.2988929889299,pred_cee0b125_0eb2c7e1,0.9225092250922495,89.2988929889299,90.22140221402213,sel_6a3357b1_120c67a2,1.1685116851168538,0.7380073800738018,0.7380073800738018,0.4920049200491976,-0.24600246002460424
81f2c10ed289107374a4,Cora,GraphEraser,212,,SGC,r_point,./selectors/r_point_sgc.yaml,82741ce023ece70893d0f739fb2c7a06e8e81ec4afcb015b97fbd5b504a41dc7,sel_2160304d_038bf57f,pred_87b6604e_1c8570c9,84.50184501845018,86.53136531365314,2.029520295202958,4.243542435424352,14.760147601476014,88.74538745387454,pred_3fdce88d_e810f8d6,2.398523985239853,84.13284132841329,86.53136531365314,sel_037e9e97_e68531f8,1.4760147601476037,-0.36900369003689537,0.36900369003689537,0.5535055350553542,0.9225092250922495
710c41ea9ac7d5662789,Cora,GraphEraser,212,,SGC,gt_full,./selectors/gt_full_sgc.yaml,82741ce023ece70893d0f739fb2c7a06e8e81ec4afcb015b97fbd5b504a41dc7,sel_67d7b6f6_92751299,pred_52174aef_20193249,83.94833948339483,86.53136531365314,2.583025830258312,5.166051660516613,15.498154981549817,89.11439114391145,pred_cb2beced_d6037d2a,1.1070110701107083,85.42435424354244,86.53136531365314,sel_6a3357b1_120c67a2,1.4760147601476037,1.4760147601476037,1.4760147601476037,1.1070110701107083,-0.36900369003689537
ae71e8ad9f3d9ae253d9,Cora,GraphEraser,212,,GAT,r_point,./selectors/r_point_gat.yaml,82741ce023ece70893d0f739fb2c7a06e8e81ec4afcb015b97fbd5b504a41dc7,sel_6ad9f316_32eee98a,pred_4e6f548c_77871bf8,85.97785977859779,86.53136531365314,0.5535055350553542,3.690036900368998,14.206642066420663,89.66789667896678,pred_d1e767c5_4d2f6376,2.398523985239853,84.13284132841329,86.53136531365314,sel_037e9e97_e68531f8,1.4760147601476037,-1.845018450184499,1.845018450184499,-0.9225092250922495,0.9225092250922495
6971afb7c2e0413d34f5,Cora,GraphEraser,212,,GAT,gt_full,./selectors/gt_full_gat.yaml,82741ce023ece70893d0f739fb2c7a06e8e81ec4afcb015b97fbd5b504a41dc7,sel_aa28e591_d8316575,pred_63659963_73d39220,85.79335793357934,86.53136531365314,0.7380073800738018,4.243542435424352,12.730627306273062,90.03690036900369,pred_9c7b2f7f_d9b07009,1.1070110701107083,85.42435424354244,86.53136531365314,sel_6a3357b1_120c67a2,1.4760147601476037,-0.3690036900369065,0.3690036900369065,-0.7380073800738018,-0.36900369003689537
a46f76f22ffb8db9f076,Cora,GraphEraser,212,,GIN,r_point,./selectors/r_point_gin.yaml,82741ce023ece70893d0f739fb2c7a06e8e81ec4afcb015b97fbd5b504a41dc7,sel_edddc9d5_b0591f9a,pred_7048b637_e75340a1,86.71586715867159,86.53136531365314,-0.18450184501844769,2.9520295202951963,12.546125461254611,89.66789667896678,pred_e27ea745_ac1e08a2,2.398523985239853,84.13284132841329,86.53136531365314,sel_037e9e97_e68531f8,1.4760147601476037,-2.583025830258301,2.583025830258301,-1.6605166051660514,0.9225092250922495
861ec404805f370aaf16,Cora,GraphEraser,212,,GIN,gt_full,./selectors/gt_full_gin.yaml,82741ce023ece70893d0f739fb2c7a06e8e81ec4afcb015b97fbd5b504a41dc7,sel_b9fd49c0_2ebf2def,pred_6f9d9077_f57cacbd,83.94833948339483,86.53136531365314,2.583025830258312,5.350553505535061,13.837638376383765,89.2988929889299,pred_cee0b125_0eb2c7e1,1.1070110701107083,85.42435424354244,86.53136531365314,sel_6a3357b1_120c67a2,1.4760147601476037,1.4760147601476037,1.4760147601476037,1.1070110701107083,-0.36900369003689537
a436be562701bfd31b34,Cora,GraphRevoker,212,,SGC,r_point,./selectors/r_point_sgc.yaml,82741ce023ece70893d0f739fb2c7a06e8e81ec4afcb015b97fbd5b504a41dc7,sel_2160304d_038bf57f,pred_7ea4945a_a361e331,69.55719557195572,66.78966789667896,-2.7675276752767597,19.188191881918815,30.996309963099634,88.74538745387454,pred_3fdce88d_e810f8d6,11.992619926199255,54.79704797047971,66.78966789667896,sel_037e9e97_e68531f8,1.2915129151291487,-14.760147601476016,14.760147601476016,-4.059040590405909,10.701107011070107
eba1b638731483664d6a,Cora,GraphRevoker,212,,SGC,gt_full,./selectors/gt_full_sgc.yaml,82741ce023ece70893d0f739fb2c7a06e8e81ec4afcb015b97fbd5b504a41dc7,sel_67d7b6f6_92751299,pred_990720b1_0419d979,69.00369003690037,66.78966789667896,-2.2140221402214055,20.110701107011074,30.073800738007378,89.11439114391145,pred_cb2beced_d6037d2a,5.719557195571944,61.07011070110702,66.78966789667896,sel_6a3357b1_120c67a2,1.2915129151291487,-7.93357933579335,7.93357933579335,-3.5055350553505544,4.428044280442796
066babb0c4ea21d537f7,Cora,GraphRevoker,212,,GAT,r_point,./selectors/r_point_gat.yaml,82741ce023ece70893d0f739fb2c7a06e8e81ec4afcb015b97fbd5b504a41dc7,sel_6ad9f316_32eee98a,pred_bf38470e_3def8760,73.80073800738008,66.78966789667896,-7.011070110701112,15.867158671586711,28.228782287822877,89.66789667896678,pred_d1e767c5_4d2f6376,11.992619926199255,54.79704797047971,66.78966789667896,sel_037e9e97_e68531f8,1.2915129151291487,-19.003690036900366,19.003690036900366,-8.30258302583026,10.701107011070107
0058fb26f6ab3e8f1c57,Cora,GraphRevoker,212,,GAT,gt_full,./selectors/gt_full_gat.yaml,82741ce023ece70893d0f739fb2c7a06e8e81ec4afcb015b97fbd5b504a41dc7,sel_aa28e591_d8316575,pred_8e593ef2_f2c177b3,73.06273062730627,66.78966789667896,-6.27306273062731,16.97416974169742,27.121771217712176,90.03690036900369,pred_9c7b2f7f_d9b07009,5.719557195571944,61.07011070110702,66.78966789667896,sel_6a3357b1_120c67a2,1.2915129151291487,-11.992619926199254,11.992619926199254,-7.564575645756459,4.428044280442796
ad7c8b587cf4f48fd691,Cora,GraphRevoker,212,,GIN,r_point,./selectors/r_point_gin.yaml,82741ce023ece70893d0f739fb2c7a06e8e81ec4afcb015b97fbd5b504a41dc7,sel_edddc9d5_b0591f9a,pred_2b61210a_33683d8d,71.95571955719558,66.78966789667896,-5.166051660516613,17.712177121771212,29.15129151291513,89.66789667896678,pred_e27ea745_ac1e08a2,11.992619926199255,54.79704797047971,66.78966789667896,sel_037e9e97_e68531f8,1.2915129151291487,-17.15867158671587,17.15867158671587,-6.457564575645762,10.701107011070107
1631e8d5108469142b5d,Cora,GraphRevoker,212,,GIN,gt_full,./selectors/gt_full_gin.yaml,82741ce023ece70893d0f739fb2c7a06e8e81ec4afcb015b97fbd5b504a41dc7,sel_b9fd49c0_2ebf2def,pred_2e5bbdac_3fb3ef12,65.86715867158671,66.78966789667896,0.9225092250922495,23.431734317343178,31.365313653136536,89.2988929889299,pred_cee0b125_0eb2c7e1,5.719557195571944,61.07011070110702,66.78966789667896,sel_6a3357b1_120c67a2,1.2915129151291487,-4.797047970479695,4.797047970479695,-0.36900369003689915,4.428044280442796
621dec27226eebec3ac9,Cora,GNNDelete,2024,,SGC,r_point,./selectors/r_point_sgc.yaml,82741ce023ece70893d0f739fb2c7a06e8e81ec4afcb015b97fbd5b504a41dc7,sel_486bf24e_bc4efb26,pred_73b2f559_a6da278b,81.54981549815497,89.85239852398524,8.302583025830268,6.642066420664216,15.129151291512915,88.19188191881919,pred_776eb07a_a9748bf3,7.564575645756467,82.28782287822878,89.85239852398524,sel_5e760d41_507e7a06,8.548585485854861,0.7380073800738014,0.7380073800738014,-0.24600246002459336,-0.9840098400983948
109a1c55a3659a41abd3,Cora,GNNDelete,2024,,SGC,gt_full,./selectors/gt_full_sgc.yaml,82741ce023ece70893d0f739fb2c7a06e8e81ec4afcb015b97fbd5b504a41dc7,sel_5f3a42d0_2f0c0a26,pred_3f123791_d620a164,75.83025830258303,89.85239852398524,14.022140221402212,13.468634686346858,20.29520295202952,89.2988929889299,pred_4985d491_23916d69,19.74169741697417,70.11070110701108,89.85239852398524,sel_1c1dd910_e68b6060,8.548585485854861,-5.719557195571957,5.719557195571957,5.473554735547351,11.193111931119308
237228ffc5f7f53315fc,Cora,GNNDelete,2024,,GAT,r_point,./selectors/r_point_gat.yaml,82741ce023ece70893d0f739fb2c7a06e8e81ec4afcb015b97fbd5b504a41dc7,sel_6f8da80b_3746fc69,pred_1620e218_c70830c0,86.53136531365314,89.85239852398524,3.3210332103321027,1.845018450184499,12.177121771217712,88.37638376383764,pred_8f8899d1_adc2f707,7.564575645756467,82.28782287822878,89.85239852398524,sel_5e760d41_507e7a06,8.548585485854861,-4.243542435424364,4.243542435424364,-5.227552275522759,-0.9840098400983948
57bf8677854707b135b1,Cora,GNNDelete,2024,,GAT,gt_full,./selectors/gt_full_gat.yaml,82741ce023ece70893d0f739fb2c7a06e8e81ec4afcb015b97fbd5b504a41dc7,sel_4087739e_2787a47f,pred_c538508c_45106f49,75.64575645756457,89.85239852398524,14.206642066420672,12.54612546125462,21.771217712177123,88.19188191881919,pred_74c59145_6d2c97fe,19.74169741697417,70.11070110701108,89.85239852398524,sel_1c1dd910_e68b6060,8.548585485854861,-5.535055350553497,5.535055350553497,5.658056580565811,11.193111931119308
45cdf4a52dfad59a802e,Cora,GNNDelete,2024,,GIN,r_point,./selectors/r_point_gin.yaml,82741ce023ece70893d0f739fb2c7a06e8e81ec4afcb015b97fbd5b504a41dc7,sel_f8f9b995_819aba80,pred_69be1841_f189e289,78.22878228782287,89.85239852398524,11.62361623616237,10.147601476014767,18.081180811808117,88.37638376383764,pred_10f0167b_8908eab5,7.564575645756467,82.28782287822878,89.85239852398524,sel_5e760d41_507e7a06,8.548585485854861,4.059040590405903,4.059040590405903,3.0750307503075085,-0.9840098400983948
bfc096346d7369e54b01,Cora,GNNDelete,2024,,GIN,gt_full,./selectors/gt_full_gin.yaml,82741ce023ece70893d0f739fb2c7a06e8e81ec4afcb015b97fbd5b504a41dc7,sel_af03720e_55242cb6,pred_4bf2bd07_8e8db3ff,69.37269372693727,89.85239852398524,20.479704797047972,19.55719557195571,28.413284132841326,88.92988929889299,pred_6036e77b_0743ea1b,19.74169741697417,70.11070110701108,89.85239852398524,sel_1c1dd910_e68b6060,8.548585485854861,0.7380073800738032,0.7380073800738032,11.931119311193111,11.193111931119308
bb01d91687242b511217,Cora,GIF,2024,,SGC,r_point,./selectors/r_point_sgc.yaml,82741ce023ece70893d0f739fb2c7a06e8e81ec4afcb015b97fbd5b504a41dc7,sel_486bf24e_bc4efb26,pred_831e40f2_d6ec5b95,89.85239852398524,89.85239852398524,0.0,-1.6605166051660514,3.505535055350553,88.19188191881919,pred_776eb07a_a9748bf3,-0.18450184501844769,90.03690036900369,89.85239852398524,sel_5e760d41_507e7a06,0.24600246002460432,0.18450184501844769,0.18450184501844769,-0.24600246002460432,-0.43050430504305204
5957ae35428588940c87,Cora,GIF,2024,,SGC,gt_full,./selectors/gt_full_sgc.yaml,82741ce023ece70893d0f739fb2c7a06e8e81ec4afcb015b97fbd5b504a41dc7,sel_5f3a42d0_2f0c0a26,pred_566fe42c_187fd3f0,90.03690036900369,89.85239852398524,-0.18450184501844769,-0.7380073800738018,2.5830258302583027,89.2988929889299,pred_4985d491_23916d69,1.1070110701107083,88.74538745387454,89.85239852398524,sel_1c1dd910_e68b6060,0.24600246002460432,-1.291512915129156,1.291512915129156,-0.43050430504305204,0.861008610086104
c43a6990e6fceaf01f7b,Cora,GIF,2024,,GAT,r_point,./selectors/r_point_gat.yaml,82741ce023ece70893d0f739fb2c7a06e8e81ec4afcb015b97fbd5b504a41dc7,sel_6f8da80b_3746fc69,pred_b2becf19_84e56ee5,90.03690036900369,89.85239852398524,-0.18450184501844769,-1.6605166051660514,5.719557195571956,88.37638376383764,pred_8f8899d1_adc2f707,-0.18450184501844769,90.03690036900369,89.85239852398524,sel_5e760d41_507e7a06,0.24600246002460432,0.0,0.0,-0.43050430504305204,-0.43050430504305204
b8500d58970f3b947434,Cora,GIF,2024,,GAT,gt_full,./selectors/gt_full_gat.yaml,82741ce023ece70893d0f739fb2c7a06e8e81ec4afcb015b97fbd5b504a41dc7,sel_4087739e_2787a47f,pred_223b9c0e_cf93e44a,89.11439114391145,89.85239852398524,0.7380073800738018,-0.9225092250922495,4.059040590405904,88.19188191881919,pred_74c59145_6d2c97fe,1.1070110701107083,88.74538745387454,89.85239852398524,sel_1c1dd910_e68b6060,0.24600246002460432,-0.3690036900369065,0.3690036900369065,0.4920049200491975,0.861008610086104
f6dc336edd025d16502e,Cora,GIF,2024,,GIN,r_point,./selectors/r_point_gin.yaml,82741ce023ece70893d0f739fb2c7a06e8e81ec4afcb015b97fbd5b504a41dc7,sel_f8f9b995_819aba80,pred_67bb0728_9107acc6,89.85239852398524,89.85239852398524,0.0,-1.4760147601476037,6.273062730627306,88.37638376383764,pred_10f0167b_8908eab5,-0.18450184501844769,90.03690036900369,89.85239852398524,sel_5e760d41_507e7a06,0.24600246002460432,0.18450184501844769,0.18450184501844769,-0.24600246002460432,-0.43050430504305204
22b9087f3374e4c814c2,Cora,GIF,2024,,GIN,gt_full,./selectors/gt_full_gin.yaml,82741ce023ece70893d0f739fb2c7a06e8e81ec4afcb015b97fbd5b504a41dc7,sel_af03720e_55242cb6,pred_97ce195c_0e477bae,89.66789667896678,89.85239852398524,0.1845018450184588,-0.7380073800738018,3.3210332103321036,88.92988929889299,pred_6036e77b_0743ea1b,1.1070110701107083,88.74538745387454,89.85239852398524,sel_1c1dd910_e68b6060,0.24600246002460432,-0.9225092250922495,0.9225092250922495,-0.06150061500614554,0.861008610086104
03ec3060974fa64a46f6,Cora,IDEA,2024,,SGC,r_point,./selectors/r_point_sgc.yaml,82741ce023ece70893d0f739fb2c7a06e8e81ec4afcb015b97fbd5b504a41dc7,sel_486bf24e_bc4efb26,pred_44ebbd94_cd4a1ce7,89.85239852398524,89.85239852398524,0.0,-1.6605166051660514,3.505535055350553,88.19188191881919,pred_776eb07a_a9748bf3,-0.18450184501844769,90.03690036900369,89.85239852398524,sel_5e760d41_507e7a06,0.24600246002460432,0.18450184501844769,0.18450184501844769,-0.24600246002460432,-0.43050430504305204
15fd7fd2e3ce636ec7ca,Cora,IDEA,2024,,SGC,gt_full,./selectors/gt_full_sgc.yaml,82741ce023ece70893d0f739fb2c7a06e8e81ec4afcb015b97fbd5b504a41dc7,sel_5f3a42d0_2f0c0a26,pred_eff20a75_96096030,90.03690036900369,89.85239852398524,-0.18450184501844769,-0.7380073800738018,2.5830258302583027,89.2988929889299,pred_4985d491_23916d69,1.1070110701107083,88.74538745387454,89.85239852398524,sel_1c1dd910_e68b6060,0.24600246002460432,-1.291512915129156,1.291512915129156,-0.43050430504305204,0.861008610086104
25562a2ac9f9ae34a024,Cora,IDEA,2024,,GAT,r_point,./selectors/r_point_gat.yaml,82741ce023ece70893d0f739fb2c7a06e8e81ec4afcb015b97fbd5b504a41dc7,sel_6f8da80b_3746fc69,pred_a3264b11_afa58168,90.03690036900369,89.85239852398524,-0.18450184501844769,-1.6605166051660514,5.719557195571956,88.37638376383764,pred_8f8899d1_adc2f707,-0.18450184501844769,90.03690036900369,89.85239852398524,sel_5e760d41_507e7a06,0.24600246002460432,0.0,0.0,-0.43050430504305204,-0.43050430504305204
f652c8d654fc2d6a4a9a,Cora,IDEA,2024,,GAT,gt_full,./selectors/gt_full_gat.yaml,82741ce023ece70893d0f739fb2c7a06e8e81ec4afcb015b97fbd5b504a41dc7,sel_4087739e_2787a47f,pred_66eb2c12_9def3988,89.11439114391145,89.85239852398524,0.7380073800738018,-0.9225092250922495,4.059040590405904,88.19188191881919,pred_74c59145_6d2c97fe,1.1070110701107083,88.74538745387454,89.85239852398524,sel_1c1dd910_e68b6060,0.24600246002460432,-0.3690036900369065,0.3690036900369065,0.4920049200491975,0.861008610086104
ebd9206a57dec9e2e4be,Cora,IDEA,2024,,GIN,r_point,./selectors/r_point_gin.yaml,82741ce023ece70893d0f739fb2c7a06e8e81ec4afcb015b97fbd5b504a41dc7,sel_f8f9b995_819aba80,pred_6a345d5a_ae1f574c,89.85239852398524,89.85239852398524,0.0,-1.4760147601476037,6.273062730627306,88.37638376383764,pred_10f0167b_8908eab5,-0.18450184501844769,90.03690036900369,89.85239852398524,sel_5e760d41_507e7a06,0.24600246002460432,0.18450184501844769,0.18450184501844769,-0.24600246002460432,-0.43050430504305204
44efa22b0829bbccfe1f,Cora,IDEA,2024,,GIN,gt_full,./selectors/gt_full_gin.yaml,82741ce023ece70893d0f739fb2c7a06e8e81ec4afcb015b97fbd5b504a41dc7,sel_af03720e_55242cb6,pred_eeab61ff_448dc4c3,89.66789667896678,89.85239852398524,0.1845018450184588,-0.7380073800738018,3.3210332103321036,88.92988929889299,pred_6036e77b_0743ea1b,1.1070110701107083,88.74538745387454,89.85239852398524,sel_1c1dd910_e68b6060,0.24600246002460432,-0.9225092250922495,0.9225092250922495,-0.06150061500614554,0.861008610086104
ffe5134096207aad1fd1,Cora,MEGU,2024,,SGC,r_point,./selectors/r_point_sgc.yaml,82741ce023ece70893d0f739fb2c7a06e8e81ec4afcb015b97fbd5b504a41dc7,sel_486bf24e_bc4efb26,pred_4322bb76_15ca86c2,89.2988929889299,89.85239852398524,0.5535055350553542,-1.1070110701106972,5.904059040590406,88.19188191881919,pred_776eb07a_a9748bf3,0.3690036900369065,89.48339483394834,89.85239852398524,sel_5e760d41_507e7a06,0.7380073800738055,0.18450184501844769,0.18450184501844769,-0.18450184501845135,-0.36900369003689903
b0cfa46681f035697817,Cora,MEGU,2024,,SGC,gt_full,./selectors/gt_full_sgc.yaml,82741ce023ece70893d0f739fb2c7a06e8e81ec4afcb015b97fbd5b504a41dc7,sel_5f3a42d0_2f0c0a26,pred_379f34ba_f506a15c,89.11439114391145,89.85239852398524,0.7380073800738018,0.18450184501844769,5.350553505535055,89.2988929889299,pred_4985d491_23916d69,0.9225092250922606,88.92988929889299,89.85239852398524,sel_1c1dd910_e68b6060,0.7380073800738055,-0.1845018450184588,0.1845018450184588,-3.6637359812630166e-15,0.18450184501845512
2323ddc2107e531575a5,Cora,MEGU,2024,,GAT,r_point,./selectors/r_point_gat.yaml,82741ce023ece70893d0f739fb2c7a06e8e81ec4afcb015b97fbd5b504a41dc7,sel_6f8da80b_3746fc69,pred_3250fba0_ac1f617e,89.11439114391145,89.85239852398524,0.7380073800738018,-0.7380073800738018,5.166051660516605,88.37638376383764,pred_8f8899d1_adc2f707,0.3690036900369065,89.48339483394834,89.85239852398524,sel_5e760d41_507e7a06,0.7380073800738055,0.36900369003689537,0.36900369003689537,-3.6637359812630166e-15,-0.36900369003689903
c0d6cbf0c0df248b21cc,Cora,MEGU,2024,,GAT,gt_full,./selectors/gt_full_gat.yaml,82741ce023ece70893d0f739fb2c7a06e8e81ec4afcb015b97fbd5b504a41dc7,sel_4087739e_2787a47f,pred_0bad475d_b5d682b2,89.11439114391145,89.85239852398524,0.7380073800738018,-0.9225092250922495,4.981549815498155,88.19188191881919,pred_74c59145_6d2c97fe,0.9225092250922606,88.92988929889299,89.85239852398524,sel_1c1dd910_e68b6060,0.7380073800738055,-0.1845018450184588,0.1845018450184588,-3.6637359812630166e-15,0.18450184501845512
5115135b32764e880d72,Cora,MEGU,2024,,GIN,r_point,./selectors/r_point_gin.yaml,82741ce023ece70893d0f739fb2c7a06e8e81ec4afcb015b97fbd5b504a41dc7,sel_f8f9b995_819aba80,pred_c959f30a_0019941a,89.2988929889299,89.85239852398524,0.5535055350553542,-0.9225092250922495,6.4575645756457565,88.37638376383764,pred_10f0167b_8908eab5,0.3690036900369065,89.48339483394834,89.85239852398524,sel_5e760d41_507e7a06,0.7380073800738055,0.18450184501844769,0.18450184501844769,-0.18450184501845135,-0.36900369003689903
064737d40ab50c0d236f,Cora,MEGU,2024,,GIN,gt_full,./selectors/gt_full_gin.yaml,82741ce023ece70893d0f739fb2c7a06e8e81ec4afcb015b97fbd5b504a41dc7,sel_af03720e_55242cb6,pred_7240c7ee_5cffb63a,89.2988929889299,89.85239852398524,0.5535055350553542,-0.3690036900369065,5.166051660516605,88.92988929889299,pred_6036e77b_0743ea1b,0.9225092250922606,88.92988929889299,89.85239852398524,sel_1c1dd910_e68b6060,0.7380073800738055,-0.3690036900369065,0.3690036900369065,-0.18450184501845135,0.18450184501845512
589d9557c762bc7ee276,Cora,GraphEraser,2024,,SGC,r_point,./selectors/r_point_sgc.yaml,82741ce023ece70893d0f739fb2c7a06e8e81ec4afcb015b97fbd5b504a41dc7,sel_486bf24e_bc4efb26,pred_84e2bf42_7f968e2e,83.39483394833948,84.50184501845018,1.1070110701106972,4.797047970479706,16.605166051660518,88.19188191881919,pred_776eb07a_a9748bf3,-0.9225092250922495,85.42435424354244,84.50184501845018,sel_5e760d41_507e7a06,0.06150061500614553,2.0295202952029467,2.0295202952029467,1.0455104551045518,-0.9840098400983951
dcfc4e547a5b010b1125,Cora,GraphEraser,2024,,SGC,gt_full,./selectors/gt_full_sgc.yaml,82741ce023ece70893d0f739fb2c7a06e8e81ec4afcb015b97fbd5b504a41dc7,sel_5f3a42d0_2f0c0a26,pred_dbb236f0_199d7e7e,83.02583025830258,84.50184501845018,1.4760147601476037,6.27306273062731,16.420664206642066,89.2988929889299,pred_4985d491_23916d69,0.0,84.50184501845018,84.50184501845018,sel_1c1dd910_e68b6060,0.06150061500614553,1.4760147601476037,1.4760147601476037,1.4145141451414582,-0.06150061500614553
3b48fe512ba0b17cb1c5,Cora,GraphEraser,2024,,GAT,r_point,./selectors/r_point_gat.yaml,82741ce023ece70893d0f739fb2c7a06e8e81ec4afcb015b97fbd5b504a41dc7,sel_6f8da80b_3746fc69,pred_b8cca962_e70e3fdc,84.68634686346863,84.50184501845018,-0.18450184501844769,3.690036900369009,15.129151291512915,88.37638376383764,pred_8f8899d1_adc2f707,-0.9225092250922495,85.42435424354244,84.50184501845018,sel_5e760d41_507e7a06,0.06150061500614553,0.7380073800738018,0.7380073800738018,-0.24600246002459322,-0.9840098400983951
012c5828627d40491829,Cora,GraphEraser,2024,,GAT,gt_full,./selectors/gt_full_gat.yaml,82741ce023ece70893d0f739fb2c7a06e8e81ec4afcb015b97fbd5b504a41dc7,sel_4087739e_2787a47f,pred_921caaf4_b7177164,84.87084870848709,84.50184501845018,-0.3690036900369065,3.3210332103321027,14.206642066420663,88.19188191881919,pred_74c59145_6d2c97fe,0.0,84.50184501845018,84.50184501845018,sel_1c1dd910_e68b6060,0.06150061500614553,-0.3690036900369065,0.3690036900369065,-0.430504305043052,-0.06150061500614553
b3d470c09f9a81255283,Cora,GraphEraser,2024,,GIN,r_point,./selectors/r_point_gin.yaml,82741ce023ece70893d0f739fb2c7a06e8e81ec4afcb015b97fbd5b504a41dc7,sel_f8f9b995_819aba80,pred_0008e478_001b3016,83.21033210332104,84.50184501845018,1.291512915129145,5.166051660516602,15.129151291512915,88.37638376383764,pred_10f0167b_8908eab5,-0.9225092250922495,85.42435424354244,84.50184501845018,sel_5e760d41_507e7a06,0.06150061500614553,2.2140221402213944,2.2140221402213944,1.2300123001229994,-0.9840098400983951
f537e09035f0b1f36c09,Cora,GraphEraser,2024,,GIN,gt_full,./selectors/gt_full_gin.yaml,82741ce023ece70893d0f739fb2c7a06e8e81ec4afcb015b97fbd5b504a41dc7,sel_af03720e_55242cb6,pred_e5421d96_fafc07b6,85.42435424354244,84.50184501845018,-0.9225092250922495,3.5055350553505504,13.284132841328415,88.92988929889299,pred_6036e77b_0743ea1b,0.0,84.50184501845018,84.50184501845018,sel_1c1dd910_e68b6060,0.06150061500614553,-0.9225092250922495,0.9225092250922495,-0.9840098400983951,-0.06150061500614553
e385b010ab38359ee439,Cora,GraphRevoker,2024,,SGC,r_point,./selectors/r_point_sgc.yaml,82741ce023ece70893d0f739fb2c7a06e8e81ec4afcb015b97fbd5b504a41dc7,sel_486bf24e_bc4efb26,pred_782bf910_9784d593,72.14022140221402,73.43173431734317,1.291512915129156,16.05166051660517,26.937269372693727,88.19188191881919,pred_776eb07a_a9748bf3,1.4760147601476037,71.95571955719558,73.43173431734317,sel_5e760d41_507e7a06,5.289052890528911,-0.18450184501844769,0.18450184501844769,-3.997539975399755,-3.8130381303813072
0f9545b30a89f7eb0520,Cora,GraphRevoker,2024,,SGC,gt_full,./selectors/gt_full_sgc.yaml,82741ce023ece70893d0f739fb2c7a06e8e81ec4afcb015b97fbd5b504a41dc7,sel_5f3a42d0_2f0c0a26,pred_b4f4c981_795dac40,70.11070110701108,73.43173431734317,3.3210332103321027,19.188191881918815,28.59778597785978,89.2988929889299,pred_4985d491_23916d69,6.642066420664216,66.78966789667896,73.43173431734317,sel_1c1dd910_e68b6060,5.289052890528911,-3.3210332103321134,3.3210332103321134,-1.9680196801968082,1.3530135301353052
02d0cd0c3a1dc355dfbe,Cora,GraphRevoker,2024,,GAT,r_point,./selectors/r_point_gat.yaml,82741ce023ece70893d0f739fb2c7a06e8e81ec4afcb015b97fbd5b504a41dc7,sel_6f8da80b_3746fc69,pred_a5729b8f_a994d7bf,73.24723247232473,73.43173431734317,0.1845018450184588,15.12915129151292,26.383763837638373,88.37638376383764,pred_8f8899d1_adc2f707,1.4760147601476037,71.95571955719558,73.43173431734317,sel_5e760d41_507e7a06,5.289052890528911,-1.291512915129145,1.291512915129145,-5.104551045510452,-3.8130381303813072
b71fc74a08d659c5e414,Cora,GraphRevoker,2024,,GAT,gt_full,./selectors/gt_full_gat.yaml,82741ce023ece70893d0f739fb2c7a06e8e81ec4afcb015b97fbd5b504a41dc7,sel_4087739e_2787a47f,pred_2c464884_905bffe6,69.74169741697416,73.43173431734317,3.690036900369009,18.450184501845023,30.44280442804428,88.19188191881919,pred_74c59145_6d2c97fe,6.642066420664216,66.78966789667896,73.43173431734317,sel_1c1dd910_e68b6060,5.289052890528911,-2.952029520295207,2.952029520295207,-1.5990159901599017,1.3530135301353052
33fd23d0c53853ad7c79,Cora,GraphRevoker,2024,,GIN,r_point,./selectors/r_point_gin.yaml,82741ce023ece70893d0f739fb2c7a06e8e81ec4afcb015b97fbd5b504a41dc7,sel_f8f9b995_819aba80,pred_13807c29_8f055a40,61.80811808118081,73.43173431734317,11.62361623616237,26.568265682656833,33.76383763837638,88.37638376383764,pred_10f0167b_8908eab5,1.4760147601476037,71.95571955719558,73.43173431734317,sel_5e760d41_507e7a06,5.289052890528911,10.147601476014767,10.147601476014767,6.334563345633459,-3.8130381303813072
657543043577a2715cbb,Cora,GraphRevoker,2024,,GIN,gt_full,./selectors/gt_full_gin.yaml,82741ce023ece70893d0f739fb2c7a06e8e81ec4afcb015b97fbd5b504a41dc7,sel_af03720e_55242cb6,pred_74856d08_d35a60df,68.63468634686348,73.43173431734317,4.797047970479706,20.295202952029513,30.81180811808118,88.92988929889299,pred_6036e77b_0743ea1b,6.642066420664216,66.78966789667896,73.43173431734317,sel_1c1dd910_e68b6060,5.289052890528911,-1.8450184501845097,1.8450184501845097,-0.4920049200492045,1.3530135301353052
59acd65db9d7f9fd28b1,CiteSeer,GNNDelete,42,,SGC,r_point,./selectors/r_point_sgc.yaml,5aff7d08d539f2f9a7d85c02b20f85aa94f0ca8ee15ecdf429d8c35fbf12f9ac,sel_adc78ed8_9661baf4,pred_4530c7ae_386ea00f,75.22522522522522,74.47447447447448,-0.7507507507507505,-0.6006006006005982,9.00900900900901,74.62462462462463,pred_6d1c7422_c68aac8f,-0.45045045045045695,74.92492492492492,74.47447447447448,sel_256f24cd_3c5999d3,-0.6006006006006056,-0.30030030030029353,0.30030030030029353,-0.15015015015014488,0.15015015015014865
ed648a2453ad1e591c1c,CiteSeer,GNNDelete,42,,SGC,gt_full,./selectors/gt_full_sgc.yaml,5aff7d08d539f2f9a7d85c02b20f85aa94f0ca8ee15ecdf429d8c35fbf12f9ac,sel_9f5bca2d_c8c3a6ee,pred_8ac6a4a1_9539d071,74.62462462462463,74.47447447447448,-0.15015015015015232,-0.45045045045044585,9.00900900900901,74.17417417417418,pred_9e943c92_43318982,0.0,74.47447447447448,74.47447447447448,sel_0bf2e12d_d8148270,-0.6006006006006056,-0.15015015015015232,0.15015015015015232,0.4504504504504533,0.6006006006006056
0a68a428f8789a132303,CiteSeer,GNNDelete,42,,GAT,r_point,./selectors/r_point_gat.yaml,5aff7d08d539f2f9a7d85c02b20f85aa94f0ca8ee15ecdf429d8c35fbf12f9ac,sel_856c62e0_1ca61234,pred_a278025e_a98078f9,75.67567567567568,74.47447447447448,-1.2012012012012074,1.051051051051044,6.006006006006006,76.72672672672672,pred_75412b33_82af7ac9,-0.45045045045045695,74.92492492492492,74.47447447447448,sel_256f24cd_3c5999d3,-0.6006006006006056,-0.7507507507507505,0.7507507507507505,-0.6006006006006018,0.15015015015014865
9e98d6ab6e2fb9c6f126,CiteSeer,GNNDelete,42,,GAT,gt_full,./selectors/gt_full_gat.yaml,5aff7d08d539f2f9a7d85c02b20f85aa94f0ca8ee15ecdf429d8c35fbf12f9ac,sel_688222c7_2ad73d87,pred_30e6102d_8ab677f4,73.87387387387388,74.47447447447448,0.6006006006005982,3.1531531531531543,9.45945945945946,77.02702702702703,pred_663d15b6_76106cfa,0.0,74.47447447447448,74.47447447447448,sel_0bf2e12d_d8148270,-0.6006006006006056,0.6006006006005982,0.6006006006005982,1.2012012012012039,0.6006006006006056
56d1db1727d00a6d1255,CiteSeer,GNNDelete,42,,GIN,r_point,./selectors/r_point_gin.yaml,5aff7d08d539f2f9a7d85c02b20f85aa94f0ca8ee15ecdf429d8c35fbf12f9ac,sel_c3e98649_dbb6c57c,pred_42d89c6c_9b7168bb,75.52552552552552,74.47447447447448,-1.0510510510510551,-0.9009009009009028,10.06006006006006,74.62462462462463,pred_cba0fa37_a43bc1b8,-0.45045045045045695,74.92492492492492,74.47447447447448,sel_256f24cd_3c5999d3,-0.6006006006006056,-0.6006006006005982,0.6006006006005982,-0.4504504504504495,0.15015015015014865
e5bce0d25645103cf02a,CiteSeer,GNNDelete,42,,GIN,gt_full,./selectors/gt_full_gin.yaml,5aff7d08d539f2f9a7d85c02b20f85aa94f0ca8ee15ecdf429d8c35fbf12f9ac,sel_c7511678_07ee8091,pred_6c4be06f_511a2c95,74.17417417417418,74.47447447447448,0.30030030030029353,-0.30030030030030463,10.66066066066066,73.87387387387388,pred_c4f477ee_13b3ad74,0.0,74.47447447447448,74.47447447447448,sel_0bf2e12d_d8148270,-0.6006006006006056,0.30030030030029353,0.30030030030029353,0.9009009009008991,0.6006006006006056
12c195575b652e4029a1,CiteSeer,GIF,42,,SGC,r_point,./selectors/r_point_sgc.yaml,5aff7d08d539f2f9a7d85c02b20f85aa94f0ca8ee15ecdf429d8c35fbf12f9ac,sel_adc78ed8_9661baf4,pred_d09d4d7b_98b0b91e,74.32432432432432,74.47447447447448,0.15015015015015232,0.30030030030030463,3.453453453453453,74.62462462462463,pred_6d1c7422_c68aac8f,-0.6006006006005982,75.07507507507508,74.47447447447448,sel_256f24cd_3c5999d3,0.050050050050050775,0.7507507507507505,0.7507507507507505,0.10010010010010154,-0.650650650650649
7c6b3ca4298e0f2fbd22,CiteSeer,GIF,42,,SGC,gt_full,./selectors/gt_full_sgc.yaml,5aff7d08d539f2f9a7d85c02b20f85aa94f0ca8ee15ecdf429d8c35fbf12f9ac,sel_9f5bca2d_c8c3a6ee,pred_fb19cc38_16dbdf6c,74.47447447447448,74.47447447447448,0.0,-0.30030030030029353,4.354354354354354,74.17417417417418,pred_9e943c92_43318982,-0.45045045045045695,74.92492492492492,74.47447447447448,sel_0bf2e12d_d8148270,0.050050050050050775,0.45045045045045695,0.45045045045045695,-0.050050050050050775,-0.5005005005005078
58601faf4d01663e59c8,CiteSeer,GIF,42,,GAT,r_point,./selectors/r_point_gat.yaml,5aff7d08d539f2f9a7d85c02b20f85aa94f0ca8ee15ecdf429d8c35fbf12f9ac,sel_856c62e0_1ca61234,pred_ca077eed_1db7dda5,75.52552552552552,74.47447447447448,-1.0510510510510551,1.2012012012011963,7.3573573573573565,76.72672672672672,pred_75412b33_82af7ac9,-0.6006006006005982,75.07507507507508,74.47447447447448,sel_256f24cd_3c5999d3,0.050050050050050775,-0.45045045045045695,0.45045045045045695,-1.1011011011011058,-0.650650650650649
eee8cc74d653e3fae9fe,CiteSeer,GIF,42,,GAT,gt_full,./selectors/gt_full_gat.yaml,5aff7d08d539f2f9a7d85c02b20f85aa94f0ca8ee15ecdf429d8c35fbf12f9ac,sel_688222c7_2ad73d87,pred_e6a42501_2f7d8574,75.22522522522522,74.47447447447448,-0.7507507507507505,1.8018018018018056,6.306306306306306,77.02702702702703,pred_663d15b6_76106cfa,-0.45045045045045695,74.92492492492492,74.47447447447448,sel_0bf2e12d_d8148270,0.050050050050050775,-0.30030030030029353,0.30030030030029353,-0.8008008008008013,-0.5005005005005078
fd8c8cb20a27dd8b49e5,CiteSeer,GIF,42,,GIN,r_point,./selectors/r_point_gin.yaml,5aff7d08d539f2f9a7d85c02b20f85aa94f0ca8ee15ecdf429d8c35fbf12f9ac,sel_c3e98649_dbb6c57c,pred_994bfb7c_2bbaecfb,74.77477477477478,74.47447447447448,-0.30030030030030463,-0.15015015015015232,6.006006006006006,74.62462462462463,pred_cba0fa37_a43bc1b8,-0.6006006006005982,75.07507507507508,74.47447447447448,sel_256f24cd_3c5999d3,0.050050050050050775,0.30030030030029353,0.30030030030029353,-0.3503503503503554,-0.650650650650649
0da560d43fa8858b4234,CiteSeer,GIF,42,,GIN,gt_full,./selectors/gt_full_gin.yaml,5aff7d08d539f2f9a7d85c02b20f85aa94f0ca8ee15ecdf429d8c35fbf12f9ac,sel_c7511678_07ee8091,pred_4f0024b0_141c60fe,75.07507507507508,74.47447447447448,-0.6006006006005982,-1.2012012012011963,5.105105105105105,73.87387387387388,pred_c4f477ee_13b3ad74,-0.45045045045045695,74.92492492492492,74.47447447447448,sel_0bf2e12d_d8148270,0.050050050050050775,-0.15015015015014122,0.15015015015014122,-0.650650650650649,-0.5005005005005078
3c2cd4132604f6ed1d82,CiteSeer,IDEA,42,,SGC,r_point,./selectors/r_point_sgc.yaml,5aff7d08d539f2f9a7d85c02b20f85aa94f0ca8ee15ecdf429d8c35fbf12f9ac,sel_adc78ed8_9661baf4,pred_41200ab7_f70e60b2,74.32432432432432,74.47447447447448,0.15015015015015232,0.30030030030030463,3.453453453453453,74.62462462462463,pred_6d1c7422_c68aac8f,-0.6006006006005982,75.07507507507508,74.47447447447448,sel_256f24cd_3c5999d3,0.050050050050050775,0.7507507507507505,0.7507507507507505,0.10010010010010154,-0.650650650650649
31950874f26196bf5891,CiteSeer,IDEA,42,,SGC,gt_full,./selectors/gt_full_sgc.yaml,5aff7d08d539f2f9a7d85c02b20f85aa94f0ca8ee15ecdf429d8c35fbf12f9ac,sel_9f5bca2d_c8c3a6ee,pred_0148be67_41f5331a,74.47447447447448,74.47447447447448,0.0,-0.30030030030029353,4.354354354354354,74.17417417417418,pred_9e943c92_43318982,-0.45045045045045695,74.92492492492492,74.47447447447448,sel_0bf2e12d_d8148270,0.050050050050050775,0.45045045045045695,0.45045045045045695,-0.050050050050050775,-0.5005005005005078
7e4601bd649461047190,CiteSeer,IDEA,42,,GAT,r_point,./selectors/r_point_gat.yaml,5aff7d08d539f2f9a7d85c02b20f85aa94f0ca8ee15ecdf429d8c35fbf12f9ac,sel_856c62e0_1ca61234,pred_cec434f9_bdbe5ab8,75.52552552552552,74.47447447447448,-1.0510510510510551,1.2012012012011963,7.3573573573573565,76.72672672672672,pred_75412b33_82af7ac9,-0.6006006006005982,75.07507507507508,74.47447447447448,sel_256f24cd_3c5999d3,0.050050050050050775,-0.45045045045045695,0.45045045045045695,-1.1011011011011058,-0.650650650650649
bce30dab11be9db29940,CiteSeer,IDEA,42,,GAT,gt_full,./selectors/gt_full_gat.yaml,5aff7d08d539f2f9a7d85c02b20f85aa94f0ca8ee15ecdf429d8c35fbf12f9ac,sel_688222c7_2ad73d87,pred_2e5b46d9_e1410863,75.22522522522522,74.47447447447448,-0.7507507507507505,1.8018018018018056,6.306306306306306,77.02702702702703,pred_663d15b6_76106cfa,-0.45045045045045695,74.92492492492492,74.47447447447448,sel_0bf2e12d_d8148270,0.050050050050050775,-0.30030030030029353,0.30030030030029353,-0.8008008008008013,-0.5005005005005078
2b3ef666fd7c916a535e,CiteSeer,IDEA,42,,GIN,r_point,./selectors/r_point_gin.yaml,5aff7d08d539f2f9a7d85c02b20f85aa94f0ca8ee15ecdf429d8c35fbf12f9ac,sel_c3e98649_dbb6c57c,pred_ad8a48ef_b64be311,74.77477477477478,74.47447447447448,-0.30030030030030463,-0.15015015015015232,6.006006006006006,74.62462462462463,pred_cba0fa37_a43bc1b8,-0.6006006006005982,75.07507507507508,74.47447447447448,sel_256f24cd_3c5999d3,0.050050050050050775,0.30030030030029353,0.30030030030029353,-0.3503503503503554,-0.650650650650649
e9d607c8938737094903,CiteSeer,IDEA,42,,GIN,gt_full,./selectors/gt_full_gin.yaml,5aff7d08d539f2f9a7d85c02b20f85aa94f0ca8ee15ecdf429d8c35fbf12f9ac,sel_c7511678_07ee8091,pred_2e5420fa_17c61500,75.07507507507508,74.47447447447448,-0.6006006006005982,-1.2012012012011963,5.105105105105105,73.87387387387388,pred_c4f477ee_13b3ad74,-0.45045045045045695,74.92492492492492,74.47447447447448,sel_0bf2e12d_d8148270,0.050050050050050775,-0.15015015015014122,0.15015015015014122,-0.650650650650649,-0.5005005005005078
707e3bc9815b52861700,CiteSeer,MEGU,42,,SGC,r_point,./selectors/r_point_sgc.yaml,5aff7d08d539f2f9a7d85c02b20f85aa94f0ca8ee15ecdf429d8c35fbf12f9ac,sel_adc78ed8_9661baf4,pred_fea07a17_f142df97,73.87387387387388,74.47447447447448,0.6006006006005982,0.7507507507507505,5.7057057057057055,74.62462462462463,pred_6d1c7422_c68aac8f,0.7507507507507505,73.72372372372372,74.47447447447448,sel_256f24cd_3c5999d3,0.6006006006005945,-0.15015015015015232,0.15015015015015232,3.6637359812630166e-15,0.15015015015015598
4388c0cd6d978151676b,CiteSeer,MEGU,42,,SGC,gt_full,./selectors/gt_full_sgc.yaml,5aff7d08d539f2f9a7d85c02b20f85aa94f0ca8ee15ecdf429d8c35fbf12f9ac,sel_9f5bca2d_c8c3a6ee,pred_839b86ee_290cb9d3,74.17417417417418,74.47447447447448,0.30030030030029353,0.0,6.306306306306306,74.17417417417418,pred_9e943c92_43318982,1.051051051051044,73.42342342342343,74.47447447447448,sel_0bf2e12d_d8148270,0.6006006006005945,-0.7507507507507505,0.7507507507507505,-0.30030030030030097,0.4504504504504495
d55104428a3636efbf57,CiteSeer,MEGU,42,,GAT,r_point,./selectors/r_point_gat.yaml,5aff7d08d539f2f9a7d85c02b20f85aa94f0ca8ee15ecdf429d8c35fbf12f9ac,sel_856c62e0_1ca61234,pred_36365db2_08fe8b99,73.72372372372372,74.47447447447448,0.7507507507507505,3.003003003003002,8.558558558558559,76.72672672672672,pred_75412b33_82af7ac9,0.7507507507507505,73.72372372372372,74.47447447447448,sel_256f24cd_3c5999d3,0.6006006006005945,0.0,0.0,0.15015015015015598,0.15015015015015598
a9283ece03c2676134bd,CiteSeer,MEGU,42,,GAT,gt_full,./selectors/gt_full_gat.yaml,5aff7d08d539f2f9a7d85c02b20f85aa94f0ca8ee15ecdf429d8c35fbf12f9ac,sel_688222c7_2ad73d87,pred_3b7c734b_d74fb036,74.17417417417418,74.47447447447448,0.30030030030029353,2.8528528528528496,6.456456456456457,77.02702702702703,pred_663d15b6_76106cfa,1.051051051051044,73.42342342342343,74.47447447447448,sel_0bf2e12d_d8148270,0.6006006006005945,-0.7507507507507505,0.7507507507507505,-0.30030030030030097,0.4504504504504495
930fa362e7ac7afdd768,CiteSeer,MEGU,42,,GIN,r_point,./selectors/r_point_gin.yaml,5aff7d08d539f2f9a7d85c02b20f85aa94f0ca8ee15ecdf429d8c35fbf12f9ac,sel_c3e98649_dbb6c57c,pred_90f6077c_7b1278b4,74.17417417417418,74.47447447447448,0.30030030030029353,0.45045045045044585,7.5075075075075075,74.62462462462463,pred_cba0fa37_a43bc1b8,0.7507507507507505,73.72372372372372,74.47447447447448,sel_256f24cd_3c5999d3,0.6006006006005945,-0.45045045045045695,0.45045045045045695,-0.30030030030030097,0.15015015015015598
6b90b92172d0af8fccc4,CiteSeer,MEGU,42,,GIN,gt_full,./selectors/gt_full_gin.yaml,5aff7d08d539f2f9a7d85c02b20f85aa94f0ca8ee15ecdf429d8c35fbf12f9ac,sel_c7511678_07ee8091,pred_1578ece7_a8d7b89d,73.12312312312312,74.47447447447448,1.3513513513513487,0.7507507507507505,7.207207207207207,73.87387387387388,pred_c4f477ee_13b3ad74,1.051051051051044,73.42342342342343,74.47447447447448,sel_0bf2e12d_d8148270,0.6006006006005945,0.30030030030030463,0.30030030030030463,0.7507507507507541,0.4504504504504495
824fd43a730bee85f6f3,CiteSeer,GraphEraser,42,,SGC,r_point,./selectors/r_point_sgc.yaml,5aff7d08d539f2f9a7d85c02b20f85aa94f0ca8ee15ecdf429d8c35fbf12f9ac,sel_adc78ed8_9661baf4,pred_14212c4d_b3f5512a,74.02402402402403,74.92492492492492,0.9009009009009028,0.6006006006005982,19.81981981981982,74.62462462462463,pred_6d1c7422_c68aac8f,-0.7507507507507505,75.67567567567568,74.92492492492492,sel_256f24cd_3c5999d3,0.2502502502502539,1.6516516516516533,1.6516516516516533,0.6506506506506489,-1.0010010010010044
3d24a44fb7a32c191b1f,CiteSeer,GraphEraser,42,,SGC,gt_full,./selectors/gt_full_sgc.yaml,5aff7d08d539f2f9a7d85c02b20f85aa94f0ca8ee15ecdf429d8c35fbf12f9ac,sel_9f5bca2d_c8c3a6ee,pred_ab421ef5_d51da026,73.72372372372372,74.92492492492492,1.2012012012012074,0.45045045045045695,20.27027027027027,74.17417417417418,pred_9e943c92_43318982,-0.15015015015014122,75.07507507507508,74.92492492492492,sel_0bf2e12d_d8148270,0.2502502502502539,1.3513513513513487,1.3513513513513487,0.9509509509509535,-0.4004004004003951
928773af5d590ed8b8a9,CiteSeer,GraphEraser,42,,GAT,r_point,./selectors/r_point_gat.yaml,5aff7d08d539f2f9a7d85c02b20f85aa94f0ca8ee15ecdf429d8c35fbf12f9ac,sel_856c62e0_1ca61234,pred_8e18308a_383ffff2,75.07507507507508,74.92492492492492,-0.15015015015014122,1.6516516516516533,15.765765765765765,76.72672672672672,pred_75412b33_82af7ac9,-0.7507507507507505,75.67567567567568,74.92492492492492,sel_256f24cd_3c5999d3,0.2502502502502539,0.6006006006006093,0.6006006006006093,-0.4004004004003951,-1.0010010010010044
b6911f0e40eec23f7800,CiteSeer,GraphEraser,42,,GAT,gt_full,./selectors/gt_full_gat.yaml,5aff7d08d539f2f9a7d85c02b20f85aa94f0ca8ee15ecdf429d8c35fbf12f9ac,sel_688222c7_2ad73d87,pred_db97c450_420f254f,75.07507507507508,74.92492492492492,-0.15015015015014122,1.951951951951958,16.216216216216218,77.02702702702703,pred_663d15b6_76106cfa,-0.15015015015014122,75.07507507507508,74.92492492492492,sel_0bf2e12d_d8148270,0.2502502502502539,0.0,0.0,-0.4004004004003951,-0.4004004004003951
780242ceea74075d07a8,CiteSeer,GraphEraser,42,,GIN,r_point,./selectors/r_point_gin.yaml,5aff7d08d539f2f9a7d85c02b20f85aa94f0ca8ee15ecdf429d8c35fbf12f9ac,sel_c3e98649_dbb6c57c,pred_8b7ba319_fdf17828,75.82582582582582,74.92492492492492,-0.9009009009008917,-1.2012012012011963,18.76876876876877,74.62462462462463,pred_cba0fa37_a43bc1b8,-0.7507507507507505,75.67567567567568,74.92492492492492,sel_256f24cd_3c5999d3,0.2502502502502539,-0.15015015015014122,0.15015015015014122,-1.1511511511511456,-1.0010010010010044
2a54c1a4b7121eda3e28,CiteSeer,GraphEraser,42,,GIN,gt_full,./selectors/gt_full_gin.yaml,5aff7d08d539f2f9a7d85c02b20f85aa94f0ca8ee15ecdf429d8c35fbf12f9ac,sel_c7511678_07ee8091,pred_a7b94321_e3e1f6ea,75.82582582582582,74.92492492492492,-0.9009009009008917,-1.9519519519519468,19.51951951951952,73.87387387387388,pred_c4f477ee_13b3ad74,-0.15015015015014122,75.07507507507508,74.92492492492492,sel_0bf2e12d_d8148270,0.2502502502502539,-0.7507507507507505,0.7507507507507505,-1.1511511511511456,-0.4004004004003951
ef2df0fe82bfc2aebfc2,CiteSeer,GraphRevoker,42,,SGC,r_point,./selectors/r_point_sgc.yaml,5aff7d08d539f2f9a7d85c02b20f85aa94f0ca8ee15ecdf429d8c35fbf12f9ac,sel_adc78ed8_9661baf4,pred_9ea9a4ab_ab42f895,73.12312312312312,72.52252252252252,-0.6006006006005982,1.501501501501501,21.17117117117117,74.62462462462463,pred_6d1c7422_c68aac8f,-0.15015015015015232,72.67267267267268,72.52252252252252,sel_256f24cd_3c5999d3,-0.10010010010009784,-0.45045045045044585,0.45045045045044585,-0.5005005005005003,-0.05005005005005447
cfd5e91d68edac22d77a,CiteSeer,GraphRevoker,42,,SGC,gt_full,./selectors/gt_full_sgc.yaml,5aff7d08d539f2f9a7d85c02b20f85aa94f0ca8ee15ecdf429d8c35fbf12f9ac,sel_9f5bca2d_c8c3a6ee,pred_8fa7cc8f_0022b0d3,72.97297297297297,72.52252252252252,-0.45045045045044585,1.2012012012012074,22.52252252252252,74.17417417417418,pred_9e943c92_43318982,1.0510510510510551,71.47147147147147,72.52252252252252,sel_0bf2e12d_d8148270,-0.10010010010009784,-1.501501501501501,1.501501501501501,-0.350350350350348,1.151151151151153
0c4524da01e40f01a5fc,CiteSeer,GraphRevoker,42,,GAT,r_point,./selectors/r_point_gat.yaml,5aff7d08d539f2f9a7d85c02b20f85aa94f0ca8ee15ecdf429d8c35fbf12f9ac,sel_856c62e0_1ca61234,pred_b7f73058_b7d88eb2,72.97297297297297,72.52252252252252,-0.45045045045044585,3.7537537537537524,18.61861861861862,76.72672672672672,pred_75412b33_82af7ac9,-0.15015015015015232,72.67267267267268,72.52252252252252,sel_256f24cd_3c5999d3,-0.10010010010009784,-0.30030030030029353,0.30030030030029353,-0.350350350350348,-0.05005005005005447
ceeb8afb60007a34531d,CiteSeer,GraphRevoker,42,,GAT,gt_full,./selectors/gt_full_gat.yaml,5aff7d08d539f2f9a7d85c02b20f85aa94f0ca8ee15ecdf429d8c35fbf12f9ac,sel_688222c7_2ad73d87,pred_f681c25a_17554b62,72.67267267267268,72.52252252252252,-0.15015015015015232,4.354354354354351,19.21921921921922,77.02702702702703,pred_663d15b6_76106cfa,1.0510510510510551,71.47147147147147,72.52252252252252,sel_0bf2e12d_d8148270,-0.10010010010009784,-1.2012012012012074,1.2012012012012074,-0.05005005005005447,1.151151151151153
bc42d9e00b31dfa00240,CiteSeer,GraphRevoker,42,,GIN,r_point,./selectors/r_point_gin.yaml,5aff7d08d539f2f9a7d85c02b20f85aa94f0ca8ee15ecdf429d8c35fbf12f9ac,sel_c3e98649_dbb6c57c,pred_717b024a_d44bdb44,73.72372372372372,72.52252252252252,-1.2012012012011963,0.9009009009009028,21.32132132132132,74.62462462462463,pred_cba0fa37_a43bc1b8,-0.15015015015015232,72.67267267267268,72.52252252252252,sel_256f24cd_3c5999d3,-0.10010010010009784,-1.051051051051044,1.051051051051044,-1.1011011011010985,-0.05005005005005447
bdccc037ab0a6ba3f218,CiteSeer,GraphRevoker,42,,GIN,gt_full,./selectors/gt_full_gin.yaml,5aff7d08d539f2f9a7d85c02b20f85aa94f0ca8ee15ecdf429d8c35fbf12f9ac,sel_c7511678_07ee8091,pred_4fc92106_c08a0a77,72.37237237237237,72.52252252252252,0.15015015015015232,1.501501501501501,20.87087087087087,73.87387387387388,pred_c4f477ee_13b3ad74,1.0510510510510551,71.47147147147147,72.52252252252252,sel_0bf2e12d_d8148270,-0.10010010010009784,-0.9009009009009028,0.9009009009009028,0.25025025025025016,1.151151151151153
cd3807dddb9b29fbc85c,CiteSeer,GNNDelete,212,,SGC,r_point,./selectors/r_point_sgc.yaml,5aff7d08d539f2f9a7d85c02b20f85aa94f0ca8ee15ecdf429d8c35fbf12f9ac,sel_68fbd8c4_9240d43e,pred_dbf5c23d_30c161f6,75.37537537537537,75.22522522522522,-0.15015015015015232,-0.15015015015015232,9.00900900900901,75.22522522522522,pred_bbeb3420_c83945f7,-0.45045045045045695,75.67567567567568,75.22522522522522,sel_f0201860_8f35eb3c,-0.4004004004004025,0.30030030030030463,0.30030030030030463,0.25025025025025016,-0.05005005005005447
c49db502e799ce201c13,CiteSeer,GNNDelete,212,,SGC,gt_full,./selectors/gt_full_sgc.yaml,5aff7d08d539f2f9a7d85c02b20f85aa94f0ca8ee15ecdf429d8c35fbf12f9ac,sel_aff7364f_6dbf02fb,pred_386c2049_31e0759d,75.07507507507508,75.22522522522522,0.15015015015015232,0.0,8.108108108108109,75.07507507507508,pred_72fb54b8_e91c40fe,-0.6006006006005982,75.82582582582582,75.22522522522522,sel_b0cbd6dd_7af765fd,-0.4004004004004025,0.7507507507507505,0.7507507507507505,0.5505505505505548,-0.2002002002001957
2239c5517be6a26581a7,CiteSeer,GNNDelete,212,,GAT,r_point,./selectors/r_point_gat.yaml,5aff7d08d539f2f9a7d85c02b20f85aa94f0ca8ee15ecdf429d8c35fbf12f9ac,sel_3849670c_8478cc5d,pred_6a5cd06a_edb72ecc,75.22522522522522,75.22522522522522,0.0,0.30030030030030463,10.06006006006006,75.52552552552552,pred_49514ceb_cba2718c,-0.45045045045045695,75.67567567567568,75.22522522522522,sel_f0201860_8f35eb3c,-0.4004004004004025,0.45045045045045695,0.45045045045045695,0.4004004004004025,-0.05005005005005447
de6261771a8185042014,CiteSeer,GNNDelete,212,,GAT,gt_full,./selectors/gt_full_gat.yaml,5aff7d08d539f2f9a7d85c02b20f85aa94f0ca8ee15ecdf429d8c35fbf12f9ac,sel_3fc33e67_a9ebb1ae,pred_1350305e_843dda01,75.07507507507508,75.22522522522522,0.15015015015015232,1.501501501501501,9.90990990990991,76.57657657657657,pred_2a10640b_a445097c,-0.6006006006005982,75.82582582582582,75.22522522522522,sel_b0cbd6dd_7af765fd,-0.4004004004004025,0.7507507507507505,0.7507507507507505,0.5505505505505548,-0.2002002002001957
93c8b55a62d640799d3c,CiteSeer,GNNDelete,212,,GIN,r_point,./selectors/r_point_gin.yaml,5aff7d08d539f2f9a7d85c02b20f85aa94f0ca8ee15ecdf429d8c35fbf12f9ac,sel_516c30fc_4d716a3a,pred_46fd96e5_24e1e482,74.92492492492492,75.22522522522522,0.30030030030029353,0.0,8.408408408408409,74.92492492492492,pred_a2ccb1c2_8c0f97eb,-0.45045045045045695,75.67567567567568,75.22522522522522,sel_f0201860_8f35eb3c,-0.4004004004004025,0.7507507507507505,0.7507507507507505,0.700700700700696,-0.05005005005005447
d2b6ca6ec06e112b0d19,CiteSeer,GNNDelete,212,,GIN,gt_full,./selectors/gt_full_gin.yaml,5aff7d08d539f2f9a7d85c02b20f85aa94f0ca8ee15ecdf429d8c35fbf12f9ac,sel_8a49c067_c6960c97,pred_82409fa4_33f05db2,75.67567567567568,75.22522522522522,-0.45045045045045695,-0.45045045045045695,9.75975975975976,75.22522522522522,pred_e14d8df0_a24993fc,-0.6006006006005982,75.82582582582582,75.22522522522522,sel_b0cbd6dd_7af765fd,-0.4004004004004025,0.15015015015014122,0.15015015015014122,-0.05005005005005447,-0.2002002002001957
002649c2225aecc7e99a,CiteSeer,GIF,212,,SGC,r_point,./selectors/r_point_sgc.yaml,5aff7d08d539f2f9a7d85c02b20f85aa94f0ca8ee15ecdf429d8c35fbf12f9ac,sel_68fbd8c4_9240d43e,pred_56355749_7a2bfd6c,75.22522522522522,75.22522522522522,0.0,0.0,3.303303303303303,75.22522522522522,pred_bbeb3420_c83945f7,0.15015015015015232,75.07507507507508,75.22522522522522,sel_f0201860_8f35eb3c,-0.15015015015015232,-0.15015015015015232,0.15015015015015232,0.15015015015015232,0.30030030030030463
47b1c766187e62e7cc06,CiteSeer,GIF,212,,SGC,gt_full,./selectors/gt_full_sgc.yaml,5aff7d08d539f2f9a7d85c02b20f85aa94f0ca8ee15ecdf429d8c35fbf12f9ac,sel_aff7364f_6dbf02fb,pred_bcc08757_14b582fe,75.37537537537537,75.22522522522522,-0.15015015015015232,-0.30030030030030463,3.903903903903904,75.07507507507508,pred_72fb54b8_e91c40fe,0.30030030030029353,74.92492492492492,75.22522522522522,sel_b0cbd6dd_7af765fd,-0.15015015015015232,-0.45045045045044585,0.45045045045044585,0.0,0.45045045045044585
783fb23141ed5e851bfe,CiteSeer,GIF,212,,GAT,r_point,./selectors/r_point_gat.yaml,5aff7d08d539f2f9a7d85c02b20f85aa94f0ca8ee15ecdf429d8c35fbf12f9ac,sel_3849670c_8478cc5d,pred_a1b3a1b1_b75d28a9,75.97597597597597,75.22522522522522,-0.7507507507507505,-0.45045045045044585,7.807807807807808,75.52552552552552,pred_49514ceb_cba2718c,0.15015015015015232,75.07507507507508,75.22522522522522,sel_f0201860_8f35eb3c,-0.15015015015015232,-0.9009009009009028,0.9009009009009028,-0.6006006006005982,0.30030030030030463
46bee9e6393087887f77,CiteSeer,GIF,212,,GAT,gt_full,./selectors/gt_full_gat.yaml,5aff7d08d539f2f9a7d85c02b20f85aa94f0ca8ee15ecdf429d8c35fbf12f9ac,sel_3fc33e67_a9ebb1ae,pred_0e0508b9_2d6eacf5,75.82582582582582,75.22522522522522,-0.6006006006005982,0.7507507507507505,5.555555555555555,76.57657657657657,pred_2a10640b_a445097c,0.30030030030029353,74.92492492492492,75.22522522522522,sel_b0cbd6dd_7af765fd,-0.15015015015015232,-0.9009009009008917,0.9009009009008917,-0.45045045045044585,0.45045045045044585
1ca5ebd401e4171fb111,CiteSeer,GIF,212,,GIN,r_point,./selectors/r_point_gin.yaml,5aff7d08d539f2f9a7d85c02b20f85aa94f0ca8ee15ecdf429d8c35fbf12f9ac,sel_516c30fc_4d716a3a,pred_bb5c24f4_0b17f96d,75.07507507507508,75.22522522522522,0.15015015015015232,-0.15015015015014122,4.654654654654655,74.92492492492492,pred_a2ccb1c2_8c0f97eb,0.15015015015015232,75.07507507507508,75.22522522522522,sel_f0201860_8f35eb3c,-0.15015015015015232,0.0,0.0,0.30030030030030463,0.30030030030030463
711d9a8f6bedbe0ceb44,CiteSeer,GIF,212,,GIN,gt_full,./selectors/gt_full_gin.yaml,5aff7d08d539f2f9a7d85c02b20f85aa94f0ca8ee15ecdf429d8c35fbf12f9ac,sel_8a49c067_c6960c97,pred_2334501a_fe9639fc,75.37537537537537,75.22522522522522,-0.15015015015015232,-0.15015015015015232,5.105105105105105,75.22522522522522,pred_e14d8df0_a24993fc,0.30030030030029353,74.92492492492492,75.22522522522522,sel_b0cbd6dd_7af765fd,-0.15015015015015232,-0.45045045045044585,0.45045045045044585,0.0,0.45045045045044585
9566259d60ec533aa6cc,CiteSeer,IDEA,212,,SGC,r_point,./selectors/r_point_sgc.yaml,5aff7d08d539f2f9a7d85c02b20f85aa94f0ca8ee15ecdf429d8c35fbf12f9ac,sel_68fbd8c4_9240d43e,pred_e3b6b44e_c2e08f43,75.22522522522522,75.22522522522522,0.0,0.0,3.303303303303303,75.22522522522522,pred_bbeb3420_c83945f7,0.15015015015015232,75.07507507507508,75.22522522522522,sel_f0201860_8f35eb3c,-0.15015015015015232,-0.15015015015015232,0.15015015015015232,0.15015015015015232,0.30030030030030463
d72eab0472a9ad83b110,CiteSeer,IDEA,212,,SGC,gt_full,./selectors/gt_full_sgc.yaml,5aff7d08d539f2f9a7d85c02b20f85aa94f0ca8ee15ecdf429d8c35fbf12f9ac,sel_aff7364f_6dbf02fb,pred_16197448_45b3ce4a,75.37537537537537,75.22522522522522,-0.15015015015015232,-0.30030030030030463,3.903903903903904,75.07507507507508,pred_72fb54b8_e91c40fe,0.30030030030029353,74.92492492492492,75.22522522522522,sel_b0cbd6dd_7af765fd,-0.15015015015015232,-0.45045045045044585,0.45045045045044585,0.0,0.45045045045044585
f168b18881de21f64c0c,CiteSeer,IDEA,212,,GAT,r_point,./selectors/r_point_gat.yaml,5aff7d08d539f2f9a7d85c02b20f85aa94f0ca8ee15ecdf429d8c35fbf12f9ac,sel_3849670c_8478cc5d,pred_baf5e65b_384533cc,75.97597597597597,75.22522522522522,-0.7507507507507505,-0.45045045045044585,7.807807807807808,75.52552552552552,pred_49514ceb_cba2718c,0.15015015015015232,75.07507507507508,75.22522522522522,sel_f0201860_8f35eb3c,-0.15015015015015232,-0.9009009009009028,0.9009009009009028,-0.6006006006005982,0.30030030030030463
c17810eccfca0f7a110f,CiteSeer,IDEA,212,,GAT,gt_full,./selectors/gt_full_gat.yaml,5aff7d08d539f2f9a7d85c02b20f85aa94f0ca8ee15ecdf429d8c35fbf12f9ac,sel_3fc33e67_a9ebb1ae,pred_1830dedb_f8bedc71,75.82582582582582,75.22522522522522,-0.6006006006005982,0.7507507507507505,5.555555555555555,76.57657657657657,pred_2a10640b_a445097c,0.30030030030029353,74.92492492492492,75.22522522522522,sel_b0cbd6dd_7af765fd,-0.15015015015015232,-0.9009009009008917,0.9009009009008917,-0.45045045045044585,0.45045045045044585
c42e5f88e409fb13eb13,CiteSeer,IDEA,212,,GIN,r_point,./selectors/r_point_gin.yaml,5aff7d08d539f2f9a7d85c02b20f85aa94f0ca8ee15ecdf429d8c35fbf12f9ac,sel_516c30fc_4d716a3a,pred_8ec91141_7e74755c,75.07507507507508,75.22522522522522,0.15015015015015232,-0.15015015015014122,4.654654654654655,74.92492492492492,pred_a2ccb1c2_8c0f97eb,0.15015015015015232,75.07507507507508,75.22522522522522,sel_f0201860_8f35eb3c,-0.15015015015015232,0.0,0.0,0.30030030030030463,0.30030030030030463
85ae3d00a138c4438766,CiteSeer,IDEA,212,,GIN,gt_full,./selectors/gt_full_gin.yaml,5aff7d08d539f2f9a7d85c02b20f85aa94f0ca8ee15ecdf429d8c35fbf12f9ac,sel_8a49c067_c6960c97,pred_8b485fc4_47557285,75.37537537537537,75.22522522522522,-0.15015015015015232,-0.15015015015015232,5.105105105105105,75.22522522522522,pred_e14d8df0_a24993fc,0.30030030030029353,74.92492492492492,75.22522522522522,sel_b0cbd6dd_7af765fd,-0.15015015015015232,-0.45045045045044585,0.45045045045044585,0.0,0.45045045045044585
8d27b7cbd88088ab187f,CiteSeer,MEGU,212,,SGC,r_point,./selectors/r_point_sgc.yaml,5aff7d08d539f2f9a7d85c02b20f85aa94f0ca8ee15ecdf429d8c35fbf12f9ac,sel_68fbd8c4_9240d43e,pred_7b646a03_22d2f3be,74.02402402402403,75.22522522522522,1.2012012012011963,1.2012012012011963,7.3573573573573565,75.22522522522522,pred_bbeb3420_c83945f7,2.102102102102099,73.12312312312312,75.22522522522522,sel_f0201860_8f35eb3c,1.6516516516516495,-0.9009009009009028,0.9009009009009028,-0.4504504504504532,0.4504504504504496
e3e0124e53df8608b0e9,CiteSeer,MEGU,212,,SGC,gt_full,./selectors/gt_full_sgc.yaml,5aff7d08d539f2f9a7d85c02b20f85aa94f0ca8ee15ecdf429d8c35fbf12f9ac,sel_aff7364f_6dbf02fb,pred_9e2accf2_549ee4f6,73.87387387387388,75.22522522522522,1.3513513513513487,1.2012012012011963,7.957957957957958,75.07507507507508,pred_72fb54b8_e91c40fe,2.102102102102099,73.12312312312312,75.22522522522522,sel_b0cbd6dd_7af765fd,1.6516516516516495,-0.7507507507507505,0.7507507507507505,-0.30030030030030086,0.4504504504504496
8a13c43ba70925009f75,CiteSeer,MEGU,212,,GAT,r_point,./selectors/r_point_gat.yaml,5aff7d08d539f2f9a7d85c02b20f85aa94f0ca8ee15ecdf429d8c35fbf12f9ac,sel_3849670c_8478cc5d,pred_8c42d640_b95b8469,73.87387387387388,75.22522522522522,1.3513513513513487,1.6516516516516533,9.45945945945946,75.52552552552552,pred_49514ceb_cba2718c,2.102102102102099,73.12312312312312,75.22522522522522,sel_f0201860_8f35eb3c,1.6516516516516495,-0.7507507507507505,0.7507507507507505,-0.30030030030030086,0.4504504504504496
8e77bb41eb5be4255a8e,CiteSeer,MEGU,212,,GAT,gt_full,./selectors/gt_full_gat.yaml,5aff7d08d539f2f9a7d85c02b20f85aa94f0ca8ee15ecdf429d8c35fbf12f9ac,sel_3fc33e67_a9ebb1ae,pred_fcbff0ce_1f006f2e,73.42342342342343,75.22522522522522,1.8018018018017945,3.153153153153143,8.85885885885886,76.57657657657657,pred_2a10640b_a445097c,2.102102102102099,73.12312312312312,75.22522522522522,sel_b0cbd6dd_7af765fd,1.6516516516516495,-0.30030030030030463,0.30030030030030463,0.150150150150145,0.4504504504504496
0e4b4afb84232a1be06e,CiteSeer,MEGU,212,,GIN,r_point,./selectors/r_point_gin.yaml,5aff7d08d539f2f9a7d85c02b20f85aa94f0ca8ee15ecdf429d8c35fbf12f9ac,sel_516c30fc_4d716a3a,pred_f7007528_5c9dd67f,72.97297297297297,75.22522522522522,2.2522522522522515,1.951951951951958,6.906906906906906,74.92492492492492,pred_a2ccb1c2_8c0f97eb,2.102102102102099,73.12312312312312,75.22522522522522,sel_f0201860_8f35eb3c,1.6516516516516495,0.15015015015015232,0.15015015015015232,0.6006006006006019,0.4504504504504496
3f3c2356e950239b8cd1,CiteSeer,MEGU,212,,GIN,gt_full,./selectors/gt_full_gin.yaml,5aff7d08d539f2f9a7d85c02b20f85aa94f0ca8ee15ecdf429d8c35fbf12f9ac,sel_8a49c067_c6960c97,pred_e116a5ff_08562f8a,73.27327327327328,75.22522522522522,1.9519519519519468,1.9519519519519468,7.207207207207207,75.22522522522522,pred_e14d8df0_a24993fc,2.102102102102099,73.12312312312312,75.22522522522522,sel_b0cbd6dd_7af765fd,1.6516516516516495,-0.15015015015015232,0.15015015015015232,0.3003003003002973,0.4504504504504496
38ca36e5d938c991d480,CiteSeer,GraphEraser,212,,SGC,r_point,./selectors/r_point_sgc.yaml,5aff7d08d539f2f9a7d85c02b20f85aa94f0ca8ee15ecdf429d8c35fbf12f9ac,sel_68fbd8c4_9240d43e,pred_d0889b97_18f7387d,74.02402402402403,74.92492492492492,0.9009009009009028,1.2012012012011963,19.21921921921922,75.22522522522522,pred_bbeb3420_c83945f7,-1.051051051051044,75.97597597597597,74.92492492492492,sel_f0201860_8f35eb3c,0.3503503503503554,1.9519519519519468,1.9519519519519468,0.5505505505505475,-1.4014014014013993
a78cc63e28d7e7900ce9,CiteSeer,GraphEraser,212,,SGC,gt_full,./selectors/gt_full_sgc.yaml,5aff7d08d539f2f9a7d85c02b20f85aa94f0ca8ee15ecdf429d8c35fbf12f9ac,sel_aff7364f_6dbf02fb,pred_4c810bf8_6bee3432,74.17417417417418,74.92492492492492,0.7507507507507505,0.9009009009008917,19.21921921921922,75.07507507507508,pred_72fb54b8_e91c40fe,0.30030030030030463,74.62462462462463,74.92492492492492,sel_b0cbd6dd_7af765fd,0.3503503503503554,0.45045045045044585,0.45045045045044585,0.4004004004003951,-0.050050050050050754
ab6d3e4de865ec2caa99,CiteSeer,GraphEraser,212,,GAT,r_point,./selectors/r_point_gat.yaml,5aff7d08d539f2f9a7d85c02b20f85aa94f0ca8ee15ecdf429d8c35fbf12f9ac,sel_3849670c_8478cc5d,pred_79baddea_ba9d346e,75.37537537537537,74.92492492492492,-0.45045045045044585,0.15015015015015232,17.117117117117118,75.52552552552552,pred_49514ceb_cba2718c,-1.051051051051044,75.97597597597597,74.92492492492492,sel_f0201860_8f35eb3c,0.3503503503503554,0.6006006006005982,0.6006006006005982,-0.8008008008008012,-1.4014014014013993
bf16b64d8194c4b9d972,CiteSeer,GraphEraser,212,,GAT,gt_full,./selectors/gt_full_gat.yaml,5aff7d08d539f2f9a7d85c02b20f85aa94f0ca8ee15ecdf429d8c35fbf12f9ac,sel_3fc33e67_a9ebb1ae,pred_e90a835c_e669db9b,74.62462462462463,74.92492492492492,0.30030030030030463,1.9519519519519468,17.56756756756757,76.57657657657657,pred_2a10640b_a445097c,0.30030030030030463,74.62462462462463,74.92492492492492,sel_b0cbd6dd_7af765fd,0.3503503503503554,0.0,0.0,-0.050050050050050754,-0.050050050050050754
687589bf48be2758ed79,CiteSeer,GraphEraser,212,,GIN,r_point,./selectors/r_point_gin.yaml,5aff7d08d539f2f9a7d85c02b20f85aa94f0ca8ee15ecdf429d8c35fbf12f9ac,sel_516c30fc_4d716a3a,pred_11205c64_237bfe95,74.62462462462463,74.92492492492492,0.30030030030030463,0.30030030030030463,19.21921921921922,74.92492492492492,pred_a2ccb1c2_8c0f97eb,-1.051051051051044,75.97597597597597,74.92492492492492,sel_f0201860_8f35eb3c,0.3503503503503554,1.3513513513513487,1.3513513513513487,-0.050050050050050754,-1.4014014014013993
4627fc462220a2034d53,CiteSeer,GraphEraser,212,,GIN,gt_full,./selectors/gt_full_gin.yaml,5aff7d08d539f2f9a7d85c02b20f85aa94f0ca8ee15ecdf429d8c35fbf12f9ac,sel_8a49c067_c6960c97,pred_cb85440e_427982a4,74.77477477477478,74.92492492492492,0.15015015015015232,0.45045045045044585,20.72072072072072,75.22522522522522,pred_e14d8df0_a24993fc,0.30030030030030463,74.62462462462463,74.92492492492492,sel_b0cbd6dd_7af765fd,0.3503503503503554,-0.15015015015015232,0.15015015015015232,-0.20020020020020307,-0.050050050050050754
f8e8dc16dc81c7267f52,CiteSeer,GraphRevoker,212,,SGC,r_point,./selectors/r_point_sgc.yaml,5aff7d08d539f2f9a7d85c02b20f85aa94f0ca8ee15ecdf429d8c35fbf12f9ac,sel_68fbd8c4_9240d43e,pred_bb322112_d3fe58f6,71.77177177177178,71.47147147147147,-0.30030030030030463,3.453453453453448,20.42042042042042,75.22522522522522,pred_bbeb3420_c83945f7,0.0,71.47147147147147,71.47147147147147,sel_f0201860_8f35eb3c,-0.500500500500504,-0.30030030030030463,0.30030030030030463,0.20020020020019935,0.500500500500504
b4e51d84480e9d499207,CiteSeer,GraphRevoker,212,,SGC,gt_full,./selectors/gt_full_sgc.yaml,5aff7d08d539f2f9a7d85c02b20f85aa94f0ca8ee15ecdf429d8c35fbf12f9ac,sel_aff7364f_6dbf02fb,pred_da4c9d59_8ff99fc3,71.17117117117117,71.47147147147147,0.30030030030030463,3.9039039039039047,21.62162162162162,75.07507507507508,pred_72fb54b8_e91c40fe,-0.15015015015015232,71.62162162162163,71.47147147147147,sel_b0cbd6dd_7af765fd,-0.500500500500504,0.45045045045045695,0.45045045045045695,0.8008008008008086,0.35035035035035167
5ca2467bf7df9fc17837,CiteSeer,GraphRevoker,212,,GAT,r_point,./selectors/r_point_gat.yaml,5aff7d08d539f2f9a7d85c02b20f85aa94f0ca8ee15ecdf429d8c35fbf12f9ac,sel_3849670c_8478cc5d,pred_5d17ab9c_fa26e9d0,72.22222222222221,71.47147147147147,-0.7507507507507505,3.3033033033033066,21.32132132132132,75.52552552552552,pred_49514ceb_cba2718c,0.0,71.47147147147147,71.47147147147147,sel_f0201860_8f35eb3c,-0.500500500500504,-0.7507507507507505,0.7507507507507505,-0.2502502502502465,0.500500500500504
55d5fb1bced9a3f115fe,CiteSeer,GraphRevoker,212,,GAT,gt_full,./selectors/gt_full_gat.yaml,5aff7d08d539f2f9a7d85c02b20f85aa94f0ca8ee15ecdf429d8c35fbf12f9ac,sel_3fc33e67_a9ebb1ae,pred_1f1785f0_254bb4ce,71.92192192192192,71.47147147147147,-0.45045045045045695,4.654654654654644,22.52252252252252,76.57657657657657,pred_2a10640b_a445097c,-0.15015015015015232,71.62162162162163,71.47147147147147,sel_b0cbd6dd_7af765fd,-0.500500500500504,-0.30030030030030463,0.30030030030030463,0.050050050050047035,0.35035035035035167
1e288aa4f6005a13c79d,CiteSeer,GraphRevoker,212,,GIN,r_point,./selectors/r_point_gin.yaml,5aff7d08d539f2f9a7d85c02b20f85aa94f0ca8ee15ecdf429d8c35fbf12f9ac,sel_516c30fc_4d716a3a,pred_f2fa13ec_9f58e324,71.32132132132132,71.47147147147147,0.15015015015015232,3.603603603603611,22.22222222222222,74.92492492492492,pred_a2ccb1c2_8c0f97eb,0.0,71.47147147147147,71.47147147147147,sel_f0201860_8f35eb3c,-0.500500500500504,0.15015015015015232,0.15015015015015232,0.6506506506506563,0.500500500500504
0cad6f5b851201be8847,CiteSeer,GraphRevoker,212,,GIN,gt_full,./selectors/gt_full_gin.yaml,5aff7d08d539f2f9a7d85c02b20f85aa94f0ca8ee15ecdf429d8c35fbf12f9ac,sel_8a49c067_c6960c97,pred_fd2fd46f_63b0da1c,72.22222222222221,71.47147147147147,-0.7507507507507505,3.003003003003002,22.67267267267267,75.22522522522522,pred_e14d8df0_a24993fc,-0.15015015015015232,71.62162162162163,71.47147147147147,sel_b0cbd6dd_7af765fd,-0.500500500500504,-0.6006006006005982,0.6006006006005982,-0.2502502502502465,0.35035035035035167
4627de368d512b1f02e5,CiteSeer,GNNDelete,2024,,SGC,r_point,./selectors/r_point_sgc.yaml,5aff7d08d539f2f9a7d85c02b20f85aa94f0ca8ee15ecdf429d8c35fbf12f9ac,sel_0227742e_16b0c594,pred_dbb37cb2_ab52ebb0,75.37537537537537,74.17417417417418,-1.2012012012011963,-0.6006006006005982,8.108108108108109,74.77477477477478,pred_1d7f64d0_e8954b9e,-1.051051051051044,75.22522522522522,74.17417417417418,sel_be1753da_fff45c4d,0.45045045045045695,-0.15015015015015232,0.15015015015015232,-1.6516516516516533,-1.501501501501501
e92b20f0f913aaae9aaf,CiteSeer,GNNDelete,2024,,SGC,gt_full,./selectors/gt_full_sgc.yaml,5aff7d08d539f2f9a7d85c02b20f85aa94f0ca8ee15ecdf429d8c35fbf12f9ac,sel_e3cace0a_38921045,pred_78b11d55_5b06751e,74.77477477477478,74.17417417417418,-0.6006006006005982,-0.45045045045045695,9.00900900900901,74.32432432432432,pred_3b76aa45_19ed2715,-0.7507507507507505,74.92492492492492,74.17417417417418,sel_bdc7ddb1_bd4416b3,0.45045045045045695,0.15015015015015232,0.15015015015015232,-1.0510510510510551,-1.2012012012012074
84e001033ee14bed0d62,CiteSeer,GNNDelete,2024,,GAT,r_point,./selectors/r_point_gat.yaml,5aff7d08d539f2f9a7d85c02b20f85aa94f0ca8ee15ecdf429d8c35fbf12f9ac,sel_c2fd5286_ee1e56c9,pred_73a6ecce_b29e1341,74.32432432432432,74.17417417417418,-0.15015015015014122,0.30030030030030463,9.75975975975976,74.62462462462463,pred_27a1a6d9_9b34c880,-1.051051051051044,75.22522522522522,74.17417417417418,sel_be1753da_fff45c4d,0.45045045045045695,0.9009009009009028,0.9009009009009028,-0.6006006006005982,-1.501501501501501
e8ab086008b18fd6229d,CiteSeer,GNNDelete,2024,,GAT,gt_full,./selectors/gt_full_gat.yaml,5aff7d08d539f2f9a7d85c02b20f85aa94f0ca8ee15ecdf429d8c35fbf12f9ac,sel_015582cf_37357119,pred_791209d0_eddba69c,74.47447447447448,74.17417417417418,-0.30030030030029353,0.0,8.85885885885886,74.47447447447448,pred_a98ed44b_ec3a90ae,-0.7507507507507505,74.92492492492492,74.17417417417418,sel_bdc7ddb1_bd4416b3,0.45045045045045695,0.45045045045045695,0.45045045045045695,-0.7507507507507505,-1.2012012012012074
8244fc5f179e989b51a1,CiteSeer,GNNDelete,2024,,GIN,r_point,./selectors/r_point_gin.yaml,5aff7d08d539f2f9a7d85c02b20f85aa94f0ca8ee15ecdf429d8c35fbf12f9ac,sel_bb79a7b9_89edc502,pred_9a4cc79d_62f04a73,74.62462462462463,74.17417417417418,-0.45045045045044585,0.45045045045044585,11.411411411411411,75.07507507507508,pred_4d6719c9_9a7d952a,-1.051051051051044,75.22522522522522,74.17417417417418,sel_be1753da_fff45c4d,0.45045045045045695,0.6006006006005982,0.6006006006005982,-0.9009009009009028,-1.501501501501501
5e62b683d04c5e739882,CiteSeer,GNNDelete,2024,,GIN,gt_full,./selectors/gt_full_gin.yaml,5aff7d08d539f2f9a7d85c02b20f85aa94f0ca8ee15ecdf429d8c35fbf12f9ac,sel_28781524_884be968,pred_e8b0eef3_6ddf0983,74.47447447447448,74.17417417417418,-0.30030030030029353,0.6006006006005982,9.00900900900901,75.07507507507508,pred_00bfa739_deb749bb,-0.7507507507507505,74.92492492492492,74.17417417417418,sel_bdc7ddb1_bd4416b3,0.45045045045045695,0.45045045045045695,0.45045045045045695,-0.7507507507507505,-1.2012012012012074
9419392117da6c61accb,CiteSeer,GIF,2024,,SGC,r_point,./selectors/r_point_sgc.yaml,5aff7d08d539f2f9a7d85c02b20f85aa94f0ca8ee15ecdf429d8c35fbf12f9ac,sel_0227742e_16b0c594,pred_e4d6e4bb_e5c0c127,74.32432432432432,74.17417417417418,-0.15015015015014122,0.45045045045045695,5.255255255255255,74.77477477477478,pred_1d7f64d0_e8954b9e,-0.7507507507507505,74.92492492492492,74.17417417417418,sel_be1753da_fff45c4d,0.050050050050050775,0.6006006006006093,0.6006006006006093,-0.200200200200192,-0.8008008008008013
39cdb1d37c3c3f0a298f,CiteSeer,GIF,2024,,SGC,gt_full,./selectors/gt_full_sgc.yaml,5aff7d08d539f2f9a7d85c02b20f85aa94f0ca8ee15ecdf429d8c35fbf12f9ac,sel_e3cace0a_38921045,pred_a2062ff4_32d14850,74.17417417417418,74.17417417417418,0.0,0.15015015015014122,4.654654654654655,74.32432432432432,pred_3b76aa45_19ed2715,-1.051051051051044,75.22522522522522,74.17417417417418,sel_bdc7ddb1_bd4416b3,0.050050050050050775,1.051051051051044,1.051051051051044,-0.050050050050050775,-1.1011011011010947
c4133c6d31d03fb9b6fb,CiteSeer,GIF,2024,,GAT,r_point,./selectors/r_point_gat.yaml,5aff7d08d539f2f9a7d85c02b20f85aa94f0ca8ee15ecdf429d8c35fbf12f9ac,sel_c2fd5286_ee1e56c9,pred_1689c905_5bc19512,74.92492492492492,74.17417417417418,-0.7507507507507505,-0.30030030030030463,9.30930930930931,74.62462462462463,pred_27a1a6d9_9b34c880,-0.7507507507507505,74.92492492492492,74.17417417417418,sel_be1753da_fff45c4d,0.050050050050050775,0.0,0.0,-0.8008008008008013,-0.8008008008008013
61f54571b0d40bfc1c74,CiteSeer,GIF,2024,,GAT,gt_full,./selectors/gt_full_gat.yaml,5aff7d08d539f2f9a7d85c02b20f85aa94f0ca8ee15ecdf429d8c35fbf12f9ac,sel_015582cf_37357119,pred_502ea08d_15e82a53,75.37537537537537,74.17417417417418,-1.2012012012011963,-0.9009009009009028,6.006006006006006,74.47447447447448,pred_a98ed44b_ec3a90ae,-1.051051051051044,75.22522522522522,74.17417417417418,sel_bdc7ddb1_bd4416b3,0.050050050050050775,-0.15015015015015232,0.15015015015015232,-1.251251251251247,-1.1011011011010947
5412dbc4074e35030bad,CiteSeer,GIF,2024,,GIN,r_point,./selectors/r_point_gin.yaml,5aff7d08d539f2f9a7d85c02b20f85aa94f0ca8ee15ecdf429d8c35fbf12f9ac,sel_bb79a7b9_89edc502,pred_9e05fdc7_e7921e32,74.17417417417418,74.17417417417418,0.0,0.9009009009008917,7.207207207207207,75.07507507507508,pred_4d6719c9_9a7d952a,-0.7507507507507505,74.92492492492492,74.17417417417418,sel_be1753da_fff45c4d,0.050050050050050775,0.7507507507507505,0.7507507507507505,-0.050050050050050775,-0.8008008008008013
2ff5448fc3348a1cc1ee,CiteSeer,GIF,2024,,GIN,gt_full,./selectors/gt_full_gin.yaml,5aff7d08d539f2f9a7d85c02b20f85aa94f0ca8ee15ecdf429d8c35fbf12f9ac,sel_28781524_884be968,pred_288b2bcc_c256e2a9,74.47447447447448,74.17417417417418,-0.30030030030029353,0.6006006006005982,4.654654654654655,75.07507507507508,pred_00bfa739_deb749bb,-1.051051051051044,75.22522522522522,74.17417417417418,sel_bdc7ddb1_bd4416b3,0.050050050050050775,0.7507507507507505,0.7507507507507505,-0.3503503503503443,-1.1011011011010947
2313b1591c15c9b612bd,CiteSeer,IDEA,2024,,SGC,r_point,./selectors/r_point_sgc.yaml,5aff7d08d539f2f9a7d85c02b20f85aa94f0ca8ee15ecdf429d8c35fbf12f9ac,sel_0227742e_16b0c594,pred_e225473c_503008f3,74.32432432432432,74.17417417417418,-0.15015015015014122,0.45045045045045695,5.255255255255255,74.77477477477478,pred_1d7f64d0_e8954b9e,-0.7507507507507505,74.92492492492492,74.17417417417418,sel_be1753da_fff45c4d,0.050050050050050775,0.6006006006006093,0.6006006006006093,-0.200200200200192,-0.8008008008008013
5f385ab2170796bdc03f,CiteSeer,IDEA,2024,,SGC,gt_full,./selectors/gt_full_sgc.yaml,5aff7d08d539f2f9a7d85c02b20f85aa94f0ca8ee15ecdf429d8c35fbf12f9ac,sel_e3cace0a_38921045,pred_62052129_eb22a47a,74.17417417417418,74.17417417417418,0.0,0.15015015015014122,4.654654654654655,74.32432432432432,pred_3b76aa45_19ed2715,-1.051051051051044,75.22522522522522,74.17417417417418,sel_bdc7ddb1_bd4416b3,0.050050050050050775,1.051051051051044,1.051051051051044,-0.050050050050050775,-1.1011011011010947
87bb4ae3bb333820568a,CiteSeer,IDEA,2024,,GAT,r_point,./selectors/r_point_gat.yaml,5aff7d08d539f2f9a7d85c02b20f85aa94f0ca8ee15ecdf429d8c35fbf12f9ac,sel_c2fd5286_ee1e56c9,pred_f77be4e0_120a9492,74.92492492492492,74.17417417417418,-0.7507507507507505,-0.30030030030030463,9.30930930930931,74.62462462462463,pred_27a1a6d9_9b34c880,-0.7507507507507505,74.92492492492492,74.17417417417418,sel_be1753da_fff45c4d,0.050050050050050775,0.0,0.0,-0.8008008008008013,-0.8008008008008013
254ef176b073bc249a73,CiteSeer,IDEA,2024,,GAT,gt_full,./selectors/gt_full_gat.yaml,5aff7d08d539f2f9a7d85c02b20f85aa94f0ca8ee15ecdf429d8c35fbf12f9ac,sel_015582cf_37357119,pred_3ec34a40_2b08b00a,75.37537537537537,74.17417417417418,-1.2012012012011963,-0.9009009009009028,6.006006006006006,74.47447447447448,pred_a98ed44b_ec3a90ae,-1.051051051051044,75.22522522522522,74.17417417417418,sel_bdc7ddb1_bd4416b3,0.050050050050050775,-0.15015015015015232,0.15015015015015232,-1.251251251251247,-1.1011011011010947
232dae38e826dcdae31f,CiteSeer,IDEA,2024,,GIN,r_point,./selectors/r_point_gin.yaml,5aff7d08d539f2f9a7d85c02b20f85aa94f0ca8ee15ecdf429d8c35fbf12f9ac,sel_bb79a7b9_89edc502,pred_72fd05a4_9eb9c3d9,74.17417417417418,74.17417417417418,0.0,0.9009009009008917,7.207207207207207,75.07507507507508,pred_4d6719c9_9a7d952a,-0.7507507507507505,74.92492492492492,74.17417417417418,sel_be1753da_fff45c4d,0.050050050050050775,0.7507507507507505,0.7507507507507505,-0.050050050050050775,-0.8008008008008013
7f239372f12053721b70,CiteSeer,IDEA,2024,,GIN,gt_full,./selectors/gt_full_gin.yaml,5aff7d08d539f2f9a7d85c02b20f85aa94f0ca8ee15ecdf429d8c35fbf12f9ac,sel_28781524_884be968,pred_045e32ae_dcea537e,74.47447447447448,74.17417417417418,-0.30030030030029353,0.6006006006005982,4.654654654654655,75.07507507507508,pred_00bfa739_deb749bb,-1.051051051051044,75.22522522522522,74.17417417417418,sel_bdc7ddb1_bd4416b3,0.050050050050050775,0.7507507507507505,0.7507507507507505,-0.3503503503503443,-1.1011011011010947
a7dbfbc4162b7c6ec535,CiteSeer,MEGU,2024,,SGC,r_point,./selectors/r_point_sgc.yaml,5aff7d08d539f2f9a7d85c02b20f85aa94f0ca8ee15ecdf429d8c35fbf12f9ac,sel_0227742e_16b0c594,pred_dfa2fc4c_2746d821,75.37537537537537,74.17417417417418,-1.2012012012011963,-0.6006006006005982,6.606606606606606,74.77477477477478,pred_1d7f64d0_e8954b9e,-1.8018018018017945,75.97597597597597,74.17417417417418,sel_be1753da_fff45c4d,-0.7007007007006997,0.6006006006005982,0.6006006006005982,-0.5005005005004967,-1.101101101101095
5af0ccedf853de10a1c8,CiteSeer,MEGU,2024,,SGC,gt_full,./selectors/gt_full_sgc.yaml,5aff7d08d539f2f9a7d85c02b20f85aa94f0ca8ee15ecdf429d8c35fbf12f9ac,sel_e3cace0a_38921045,pred_c5895143_51e54c20,75.22522522522522,74.17417417417418,-1.051051051051044,-0.9009009009009028,6.156156156156156,74.32432432432432,pred_3b76aa45_19ed2715,-0.7507507507507505,74.92492492492492,74.17417417417418,sel_bdc7ddb1_bd4416b3,-0.7007007007006997,-0.30030030030029353,0.30030030030029353,-0.35035035035034434,-0.05005005005005081
3458fbdd7f69ce4f8f91,CiteSeer,MEGU,2024,,GAT,r_point,./selectors/r_point_gat.yaml,5aff7d08d539f2f9a7d85c02b20f85aa94f0ca8ee15ecdf429d8c35fbf12f9ac,sel_c2fd5286_ee1e56c9,pred_1c96ffa2_6c66ad95,75.52552552552552,74.17417417417418,-1.3513513513513487,-0.9009009009009028,8.558558558558559,74.62462462462463,pred_27a1a6d9_9b34c880,-1.8018018018017945,75.97597597597597,74.17417417417418,sel_be1753da_fff45c4d,-0.7007007007006997,0.45045045045044585,0.45045045045044585,-0.650650650650649,-1.101101101101095
3eb580931dd24f08686b,CiteSeer,MEGU,2024,,GAT,gt_full,./selectors/gt_full_gat.yaml,5aff7d08d539f2f9a7d85c02b20f85aa94f0ca8ee15ecdf429d8c35fbf12f9ac,sel_015582cf_37357119,pred_1acd25ff_ec18d2c9,75.37537537537537,74.17417417417418,-1.2012012012011963,-0.9009009009009028,6.606606606606606,74.47447447447448,pred_a98ed44b_ec3a90ae,-0.7507507507507505,74.92492492492492,74.17417417417418,sel_bdc7ddb1_bd4416b3,-0.7007007007006997,-0.45045045045044585,0.45045045045044585,-0.5005005005004967,-0.05005005005005081
8a38b9a7c80cc6e0eb6d,CiteSeer,MEGU,2024,,GIN,r_point,./selectors/r_point_gin.yaml,5aff7d08d539f2f9a7d85c02b20f85aa94f0ca8ee15ecdf429d8c35fbf12f9ac,sel_bb79a7b9_89edc502,pred_136cd054_4609b193,75.52552552552552,74.17417417417418,-1.3513513513513487,-0.45045045045045695,7.057057057057057,75.07507507507508,pred_4d6719c9_9a7d952a,-1.8018018018017945,75.97597597597597,74.17417417417418,sel_be1753da_fff45c4d,-0.7007007007006997,0.45045045045044585,0.45045045045044585,-0.650650650650649,-1.101101101101095
628bb4ed936743362dd2,CiteSeer,MEGU,2024,,GIN,gt_full,./selectors/gt_full_gin.yaml,5aff7d08d539f2f9a7d85c02b20f85aa94f0ca8ee15ecdf429d8c35fbf12f9ac,sel_28781524_884be968,pred_cc70b8e9_828ef54a,74.62462462462463,74.17417417417418,-0.45045045045044585,0.45045045045044585,4.804804804804805,75.07507507507508,pred_00bfa739_deb749bb,-0.7507507507507505,74.92492492492492,74.17417417417418,sel_bdc7ddb1_bd4416b3,-0.7007007007006997,0.30030030030030463,0.30030030030030463,0.2502502502502538,-0.05005005005005081
18b81a9b338424d9f521,CiteSeer,GraphEraser,2024,,SGC,r_point,./selectors/r_point_sgc.yaml,5aff7d08d539f2f9a7d85c02b20f85aa94f0ca8ee15ecdf429d8c35fbf12f9ac,sel_0227742e_16b0c594,pred_839486cc_6917815f,74.02402402402403,76.42642642642643,2.4024024024024038,0.7507507507507505,18.91891891891892,74.77477477477478,pred_1d7f64d0_e8954b9e,1.501501501501501,74.92492492492492,76.42642642642643,sel_be1753da_fff45c4d,1.2512512512512546,0.9009009009009028,0.9009009009009028,1.1511511511511492,0.2502502502502464
5caa10bd80d22f1ef794,CiteSeer,GraphEraser,2024,,SGC,gt_full,./selectors/gt_full_sgc.yaml,5aff7d08d539f2f9a7d85c02b20f85aa94f0ca8ee15ecdf429d8c35fbf12f9ac,sel_e3cace0a_38921045,pred_1d79e7c8_20801da9,75.22522522522522,76.42642642642643,1.2012012012012074,-0.9009009009009028,17.56756756756757,74.32432432432432,pred_3b76aa45_19ed2715,1.3513513513513598,75.07507507507508,76.42642642642643,sel_bdc7ddb1_bd4416b3,1.2512512512512546,-0.15015015015015232,0.15015015015015232,-0.050050050050047146,0.10010010010010517
1a08beb8d848ad525ebe,CiteSeer,GraphEraser,2024,,GAT,r_point,./selectors/r_point_gat.yaml,5aff7d08d539f2f9a7d85c02b20f85aa94f0ca8ee15ecdf429d8c35fbf12f9ac,sel_c2fd5286_ee1e56c9,pred_51feb5f0_e1d7bb0c,75.22522522522522,76.42642642642643,1.2012012012012074,-0.6006006006005982,16.966966966966968,74.62462462462463,pred_27a1a6d9_9b34c880,1.501501501501501,74.92492492492492,76.42642642642643,sel_be1753da_fff45c4d,1.2512512512512546,-0.30030030030029353,0.30030030030029353,-0.050050050050047146,0.2502502502502464
ab94b6a3dfb1436a4b5e,CiteSeer,GraphEraser,2024,,GAT,gt_full,./selectors/gt_full_gat.yaml,5aff7d08d539f2f9a7d85c02b20f85aa94f0ca8ee15ecdf429d8c35fbf12f9ac,sel_015582cf_37357119,pred_5511a4a1_d13dd66f,75.22522522522522,76.42642642642643,1.2012012012012074,-0.7507507507507505,18.31831831831832,74.47447447447448,pred_a98ed44b_ec3a90ae,1.3513513513513598,75.07507507507508,76.42642642642643,sel_bdc7ddb1_bd4416b3,1.2512512512512546,-0.15015015015015232,0.15015015015015232,-0.050050050050047146,0.10010010010010517
05cadabc585b70a27880,CiteSeer,GraphEraser,2024,,GIN,r_point,./selectors/r_point_gin.yaml,5aff7d08d539f2f9a7d85c02b20f85aa94f0ca8ee15ecdf429d8c35fbf12f9ac,sel_bb79a7b9_89edc502,pred_2dd05e0a_fbc0a18b,75.67567567567568,76.42642642642643,0.7507507507507505,-0.6006006006006093,20.42042042042042,75.07507507507508,pred_4d6719c9_9a7d952a,1.501501501501501,74.92492492492492,76.42642642642643,sel_be1753da_fff45c4d,1.2512512512512546,-0.7507507507507505,0.7507507507507505,-0.5005005005005041,0.2502502502502464
6b2a427d83779bc7c3a4,CiteSeer,GraphEraser,2024,,GIN,gt_full,./selectors/gt_full_gin.yaml,5aff7d08d539f2f9a7d85c02b20f85aa94f0ca8ee15ecdf429d8c35fbf12f9ac,sel_28781524_884be968,pred_54584456_1ff4282b,75.07507507507508,76.42642642642643,1.3513513513513598,0.0,19.51951951951952,75.07507507507508,pred_00bfa739_deb749bb,1.3513513513513598,75.07507507507508,76.42642642642643,sel_bdc7ddb1_bd4416b3,1.2512512512512546,0.0,0.0,0.10010010010010517,0.10010010010010517
0dc13d1915193d003c15,CiteSeer,GraphRevoker,2024,,SGC,r_point,./selectors/r_point_sgc.yaml,5aff7d08d539f2f9a7d85c02b20f85aa94f0ca8ee15ecdf429d8c35fbf12f9ac,sel_0227742e_16b0c594,pred_0b3fe641_56a7b03b,74.32432432432432,74.47447447447448,0.15015015015015232,0.45045045045045695,19.06906906906907,74.77477477477478,pred_1d7f64d0_e8954b9e,0.7507507507507505,73.72372372372372,74.47447447447448,sel_be1753da_fff45c4d,0.7007007007006997,-0.6006006006005982,0.6006006006005982,-0.5505505505505474,0.05005005005005081
b6c0ba2533262150fc9d,CiteSeer,GraphRevoker,2024,,SGC,gt_full,./selectors/gt_full_sgc.yaml,5aff7d08d539f2f9a7d85c02b20f85aa94f0ca8ee15ecdf429d8c35fbf12f9ac,sel_e3cace0a_38921045,pred_e0cfda58_3a645bea,72.97297297297297,74.47447447447448,1.501501501501501,1.3513513513513487,19.06906906906907,74.32432432432432,pred_3b76aa45_19ed2715,0.0,74.47447447447448,74.47447447447448,sel_bdc7ddb1_bd4416b3,0.7007007007006997,1.501501501501501,1.501501501501501,0.8008008008008013,-0.7007007007006997
79de2d0f00008c055f64,CiteSeer,GraphRevoker,2024,,GAT,r_point,./selectors/r_point_gat.yaml,5aff7d08d539f2f9a7d85c02b20f85aa94f0ca8ee15ecdf429d8c35fbf12f9ac,sel_c2fd5286_ee1e56c9,pred_fc11c131_2ea7b363,74.47447447447448,74.47447447447448,0.0,0.15015015015015232,18.46846846846847,74.62462462462463,pred_27a1a6d9_9b34c880,0.7507507507507505,73.72372372372372,74.47447447447448,sel_be1753da_fff45c4d,0.7007007007006997,-0.7507507507507505,0.7507507507507505,-0.7007007007006997,0.05005005005005081
c046a865a758c73992bc,CiteSeer,GraphRevoker,2024,,GAT,gt_full,./selectors/gt_full_gat.yaml,5aff7d08d539f2f9a7d85c02b20f85aa94f0ca8ee15ecdf429d8c35fbf12f9ac,sel_015582cf_37357119,pred_ff74299f_78471717,73.72372372372372,74.47447447447448,0.7507507507507505,0.7507507507507505,19.36936936936937,74.47447447447448,pred_a98ed44b_ec3a90ae,0.0,74.47447447447448,74.47447447447448,sel_bdc7ddb1_bd4416b3,0.7007007007006997,0.7507507507507505,0.7507507507507505,0.05005005005005081,-0.7007007007006997
9bfc7a44c8d3d8bca603,CiteSeer,GraphRevoker,2024,,GIN,r_point,./selectors/r_point_gin.yaml,5aff7d08d539f2f9a7d85c02b20f85aa94f0ca8ee15ecdf429d8c35fbf12f9ac,sel_bb79a7b9_89edc502,pred_a5b985e8_f24a3ef6,74.77477477477478,74.47447447447448,-0.30030030030030463,0.30030030030029353,21.32132132132132,75.07507507507508,pred_4d6719c9_9a7d952a,0.7507507507507505,73.72372372372372,74.47447447447448,sel_be1753da_fff45c4d,0.7007007007006997,-1.0510510510510551,1.0510510510510551,-1.0010010010010042,0.05005005005005081
4cac36b998a5d4e5463e,CiteSeer,GraphRevoker,2024,,GIN,gt_full,./selectors/gt_full_gin.yaml,5aff7d08d539f2f9a7d85c02b20f85aa94f0ca8ee15ecdf429d8c35fbf12f9ac,sel_28781524_884be968,pred_f7ff53f6_22c9c206,73.87387387387388,74.47447447447448,0.6006006006005982,1.2012012012011963,19.06906906906907,75.07507507507508,pred_00bfa739_deb749bb,0.0,74.47447447447448,74.47447447447448,sel_bdc7ddb1_bd4416b3,0.7007007007006997,0.6006006006005982,0.6006006006005982,-0.10010010010010151,-0.7007007007006997
8fa091371d2c98854963,PubMed,GNNDelete,42,,SGC,r_point,./selectors/r_point_sgc.yaml,af33ba4c4ab691fdb1af14f8b352676bff01bc9c4d5ff5f40ae32e8b90ef182b,sel_c25c7180_833705a8,pred_5ee5c457_7fdb00c0,83.97565922920892,88.56490872210954,4.589249492900615,4.614604462474647,9.077079107505071,88.59026369168357,pred_e07fdeda_586ea9f4,2.383367139959436,86.1815415821501,88.56490872210954,sel_97b756d9_95b89a88,2.603110209601086,2.2058823529411793,2.2058823529411793,1.9861392832995293,-0.21974306964165002
4a1c3b3ff5f9d534592a,PubMed,GNNDelete,42,,SGC,gt_full,./selectors/gt_full_sgc.yaml,af33ba4c4ab691fdb1af14f8b352676bff01bc9c4d5ff5f40ae32e8b90ef182b,sel_6079fc6a_f28d79d4,pred_c90192b5_e81cca0e,76.8002028397566,88.56490872210954,11.764705882352944,12.06896551724138,18.788032454361055,88.86916835699797,pred_f23da888_0a01d46c,1.4705882352941235,87.09432048681542,88.56490872210954,sel_1c7d4683_7b8b89b7,2.603110209601086,10.29411764705882,10.29411764705882,9.161595672751858,-1.1325219743069623
cfbe76e433a6ce2c38ff,PubMed,GNNDelete,42,,GAT,r_point,./selectors/r_point_gat.yaml,af33ba4c4ab691fdb1af14f8b352676bff01bc9c4d5ff5f40ae32e8b90ef182b,sel_dab30969_ce6d65cc,pred_3d305ef8_7cab8030,86.76470588235294,88.56490872210954,1.8002028397565928,-1.166328600405686,9.558823529411764,85.59837728194725,pred_a35936a0_8c7b6b1d,2.383367139959436,86.1815415821501,88.56490872210954,sel_97b756d9_95b89a88,2.603110209601086,-0.583164300202843,0.583164300202843,-0.8029073698444931,-0.21974306964165002
37edc7f581a4af3e0813,PubMed,GNNDelete,42,,GAT,gt_full,./selectors/gt_full_gat.yaml,af33ba4c4ab691fdb1af14f8b352676bff01bc9c4d5ff5f40ae32e8b90ef182b,sel_d4b37dea_02297080,pred_160692d9_7586f1aa,85.34482758620689,88.56490872210954,3.2200811359026416,0.32961460446248037,14.02129817444219,85.67444219066938,pred_3e4f4742_e691545c,1.4705882352941235,87.09432048681542,88.56490872210954,sel_1c7d4683_7b8b89b7,2.603110209601086,1.749492900608518,1.749492900608518,0.6169709263015557,-1.1325219743069623
67eab2fd02deb8493927,PubMed,GNNDelete,42,,GIN,r_point,./selectors/r_point_gin.yaml,af33ba4c4ab691fdb1af14f8b352676bff01bc9c4d5ff5f40ae32e8b90ef182b,sel_e10568d7_788993d9,pred_f398ad15_59c67714,86.05476673427992,88.56490872210954,2.510141987829617,1.9016227180527423,5.425963488843814,87.95638945233266,pred_83243a78_2f509937,2.383367139959436,86.1815415821501,88.56490872210954,sel_97b756d9_95b89a88,2.603110209601086,0.12677484787018134,0.12677484787018134,-0.09296822177146868,-0.21974306964165002
5f6a3a04e28662d1411d,PubMed,GNNDelete,42,,GIN,gt_full,./selectors/gt_full_gin.yaml,af33ba4c4ab691fdb1af14f8b352676bff01bc9c4d5ff5f40ae32e8b90ef182b,sel_a0eb425e_c92bd6ed,pred_dc62ce50_6fa3e432,86.58722109533468,88.56490872210954,1.9776876267748489,1.749492900608518,6.364097363083164,88.3367139959432,pred_e2d2ddea_62d0d96b,1.4705882352941235,87.09432048681542,88.56490872210954,sel_1c7d4683_7b8b89b7,2.603110209601086,0.5070993914807254,0.5070993914807254,-0.625422582826237,-1.1325219743069623
8ee6ac6351911c2f6c54,PubMed,GIF,42,,SGC,r_point,./selectors/r_point_sgc.yaml,af33ba4c4ab691fdb1af14f8b352676bff01bc9c4d5ff5f40ae32e8b90ef182b,sel_c25c7180_833705a8,pred_292f4041_c09baaf6,88.64097363083164,88.56490872210954,-0.07606490872210658,-0.050709939148074756,1.7748478701825559,88.59026369168357,pred_e07fdeda_586ea9f4,0.12677484787018134,88.43813387423936,88.56490872210954,sel_97b756d9_95b89a88,0.01690331304936195,-0.20283975659228792,0.20283975659228792,-0.09296822177146853,0.10987153482081939
29009d51575dfbafa441,PubMed,GIF,42,,SGC,gt_full,./selectors/gt_full_sgc.yaml,af33ba4c4ab691fdb1af14f8b352676bff01bc9c4d5ff5f40ae32e8b90ef182b,sel_6079fc6a_f28d79d4,pred_f5903cd4_76bb4a8a,88.59026369168357,88.56490872210954,-0.025354969574031827,0.2789046653144056,2.1044624746450307,88.86916835699797,pred_f23da888_0a01d46c,0.40567951318458695,88.15922920892496,88.56490872210954,sel_1c7d4683_7b8b89b7,0.01690331304936195,-0.4310344827586188,0.4310344827586188,-0.042258282623393775,0.388776200135225
5548b3ffaa61356e6d73,PubMed,GIF,42,,GAT,r_point,./selectors/r_point_gat.yaml,af33ba4c4ab691fdb1af14f8b352676bff01bc9c4d5ff5f40ae32e8b90ef182b,sel_dab30969_ce6d65cc,pred_1e29b393_849d70ac,88.64097363083164,88.56490872210954,-0.07606490872210658,-3.0425963488843855,7.352941176470589,85.59837728194725,pred_a35936a0_8c7b6b1d,0.12677484787018134,88.43813387423936,88.56490872210954,sel_97b756d9_95b89a88,0.01690331304936195,-0.20283975659228792,0.20283975659228792,-0.09296822177146853,0.10987153482081939
1d7b507c4f57ac30cc86,PubMed,GIF,42,,GAT,gt_full,./selectors/gt_full_gat.yaml,af33ba4c4ab691fdb1af14f8b352676bff01bc9c4d5ff5f40ae32e8b90ef182b,sel_d4b37dea_02297080,pred_4821765b_ad569a05,88.28600405679514,88.56490872210954,0.2789046653144056,-2.6115618661257556,5.856997971602434,85.67444219066938,pred_3e4f4742_e691545c,0.40567951318458695,88.15922920892496,88.56490872210954,sel_1c7d4683_7b8b89b7,0.01690331304936195,-0.12677484787018134,0.12677484787018134,0.2620013522650437,0.388776200135225
b69b0870e6bae6b6858f,PubMed,GIF,42,,GIN,r_point,./selectors/r_point_gin.yaml,af33ba4c4ab691fdb1af14f8b352676bff01bc9c4d5ff5f40ae32e8b90ef182b,sel_e10568d7_788993d9,pred_6ccfb704_444311bc,88.64097363083164,88.56490872210954,-0.07606490872210658,-0.6845841784989815,3.0933062880324544,87.95638945233266,pred_83243a78_2f509937,0.12677484787018134,88.43813387423936,88.56490872210954,sel_97b756d9_95b89a88,0.01690331304936195,-0.20283975659228792,0.20283975659228792,-0.09296822177146853,0.10987153482081939
6e0b516e354abf2754fe,PubMed,GIF,42,,GIN,gt_full,./selectors/gt_full_gin.yaml,af33ba4c4ab691fdb1af14f8b352676bff01bc9c4d5ff5f40ae32e8b90ef182b,sel_a0eb425e_c92bd6ed,pred_9690ce1f_681b064e,88.76774847870182,88.56490872210954,-0.20283975659228792,-0.4310344827586188,2.76369168356998,88.3367139959432,pred_e2d2ddea_62d0d96b,0.40567951318458695,88.15922920892496,88.56490872210954,sel_1c7d4683_7b8b89b7,0.01690331304936195,-0.6085192697768749,0.6085192697768749,-0.21974306964164989,0.388776200135225
9b39ce5a66210bc811c8,PubMed,IDEA,42,,SGC,r_point,./selectors/r_point_sgc.yaml,af33ba4c4ab691fdb1af14f8b352676bff01bc9c4d5ff5f40ae32e8b90ef182b,sel_c25c7180_833705a8,pred_84070ee1_23f35e8d,88.64097363083164,88.56490872210954,-0.07606490872210658,-0.050709939148074756,1.7748478701825559,88.59026369168357,pred_e07fdeda_586ea9f4,0.12677484787018134,88.43813387423936,88.56490872210954,sel_97b756d9_95b89a88,0.01690331304936195,-0.20283975659228792,0.20283975659228792,-0.09296822177146853,0.10987153482081939
d05bf97f940badebaa5d,PubMed,IDEA,42,,SGC,gt_full,./selectors/gt_full_sgc.yaml,af33ba4c4ab691fdb1af14f8b352676bff01bc9c4d5ff5f40ae32e8b90ef182b,sel_6079fc6a_f28d79d4,pred_5d7826ae_e95764e0,88.59026369168357,88.56490872210954,-0.025354969574031827,0.2789046653144056,2.1044624746450307,88.86916835699797,pred_f23da888_0a01d46c,0.40567951318458695,88.15922920892496,88.56490872210954,sel_1c7d4683_7b8b89b7,0.01690331304936195,-0.4310344827586188,0.4310344827586188,-0.042258282623393775,0.388776200135225
b9cb92f7744dc5fc223a,PubMed,IDEA,42,,GAT,r_point,./selectors/r_point_gat.yaml,af33ba4c4ab691fdb1af14f8b352676bff01bc9c4d5ff5f40ae32e8b90ef182b,sel_dab30969_ce6d65cc,pred_f594177c_be83aac6,88.64097363083164,88.56490872210954,-0.07606490872210658,-3.0425963488843855,7.352941176470589,85.59837728194725,pred_a35936a0_8c7b6b1d,0.12677484787018134,88.43813387423936,88.56490872210954,sel_97b756d9_95b89a88,0.01690331304936195,-0.20283975659228792,0.20283975659228792,-0.09296822177146853,0.10987153482081939
55b63ad5f39a386a5bd3,PubMed,IDEA,42,,GAT,gt_full,./selectors/gt_full_gat.yaml,af33ba4c4ab691fdb1af14f8b352676bff01bc9c4d5ff5f40ae32e8b90ef182b,sel_d4b37dea_02297080,pred_437ceb94_500dedf5,88.28600405679514,88.56490872210954,0.2789046653144056,-2.6115618661257556,5.856997971602434,85.67444219066938,pred_3e4f4742_e691545c,0.40567951318458695,88.15922920892496,88.56490872210954,sel_1c7d4683_7b8b89b7,0.01690331304936195,-0.12677484787018134,0.12677484787018134,0.2620013522650437,0.388776200135225
37c522e1467d07aa3480,PubMed,IDEA,42,,GIN,r_point,./selectors/r_point_gin.yaml,af33ba4c4ab691fdb1af14f8b352676bff01bc9c4d5ff5f40ae32e8b90ef182b,sel_e10568d7_788993d9,pred_6cdf4863_2dca3962,88.64097363083164,88.56490872210954,-0.07606490872210658,-0.6845841784989815,3.0933062880324544,87.95638945233266,pred_83243a78_2f509937,0.12677484787018134,88.43813387423936,88.56490872210954,sel_97b756d9_95b89a88,0.01690331304936195,-0.20283975659228792,0.20283975659228792,-0.09296822177146853,0.10987153482081939
10156a73498c9bbad293,PubMed,IDEA,42,,GIN,gt_full,./selectors/gt_full_gin.yaml,af33ba4c4ab691fdb1af14f8b352676bff01bc9c4d5ff5f40ae32e8b90ef182b,sel_a0eb425e_c92bd6ed,pred_ced4b9dc_44dc05b9,88.76774847870182,88.56490872210954,-0.20283975659228792,-0.4310344827586188,2.76369168356998,88.3367139959432,pred_e2d2ddea_62d0d96b,0.40567951318458695,88.15922920892496,88.56490872210954,sel_1c7d4683_7b8b89b7,0.01690331304936195,-0.6085192697768749,0.6085192697768749,-0.21974306964164989,0.388776200135225
a84eea5529a591be64d6,PubMed,MEGU,42,,SGC,r_point,./selectors/r_point_sgc.yaml,af33ba4c4ab691fdb1af14f8b352676bff01bc9c4d5ff5f40ae32e8b90ef182b,sel_c25c7180_833705a8,pred_53f7f216_923a2998,86.43509127789046,88.56490872210954,2.129817444219073,2.155172413793105,5.755578093306288,88.59026369168357,pred_e07fdeda_586ea9f4,2.003042596348892,86.56186612576064,88.56490872210954,sel_97b756d9_95b89a88,1.943881000676136,0.12677484787018134,0.12677484787018134,0.18593644354293715,0.05916159567275581
b17215ec404fb8c783de,PubMed,MEGU,42,,SGC,gt_full,./selectors/gt_full_sgc.yaml,af33ba4c4ab691fdb1af14f8b352676bff01bc9c4d5ff5f40ae32e8b90ef182b,sel_6079fc6a_f28d79d4,pred_167da7a3_14df27f3,86.58722109533468,88.56490872210954,1.9776876267748489,2.2819472616632863,5.755578093306288,88.86916835699797,pred_f23da888_0a01d46c,2.0537525354969555,86.51115618661258,88.56490872210954,sel_1c7d4683_7b8b89b7,1.943881000676136,-0.07606490872210658,0.07606490872210658,0.03380662609871288,0.10987153482081946
ac10cafe338a0460bf1b,PubMed,MEGU,42,,GAT,r_point,./selectors/r_point_gat.yaml,af33ba4c4ab691fdb1af14f8b352676bff01bc9c4d5ff5f40ae32e8b90ef182b,sel_dab30969_ce6d65cc,pred_8e96ec22_33c97117,86.43509127789046,88.56490872210954,2.129817444219073,-0.8367139959432057,9.939148073022313,85.59837728194725,pred_a35936a0_8c7b6b1d,2.003042596348892,86.56186612576064,88.56490872210954,sel_97b756d9_95b89a88,1.943881000676136,0.12677484787018134,0.12677484787018134,0.18593644354293715,0.05916159567275581
ebd6b127575f389b0c8a,PubMed,MEGU,42,,GAT,gt_full,./selectors/gt_full_gat.yaml,af33ba4c4ab691fdb1af14f8b352676bff01bc9c4d5ff5f40ae32e8b90ef182b,sel_d4b37dea_02297080,pred_e3b246ce_50debc97,86.38438133874239,88.56490872210954,2.180527383367148,-0.7099391480730133,9.863083164300203,85.67444219066938,pred_3e4f4742_e691545c,2.0537525354969555,86.51115618661258,88.56490872210954,sel_1c7d4683_7b8b89b7,1.943881000676136,0.12677484787019244,0.12677484787019244,0.2366463826910119,0.10987153482081946
0c527d7c79c5ac211a94,PubMed,MEGU,42,,GIN,r_point,./selectors/r_point_gin.yaml,af33ba4c4ab691fdb1af14f8b352676bff01bc9c4d5ff5f40ae32e8b90ef182b,sel_e10568d7_788993d9,pred_6f0fb93a_a593bdea,86.58722109533468,88.56490872210954,1.9776876267748489,1.369168356997974,6.0344827586206895,87.95638945233266,pred_83243a78_2f509937,2.003042596348892,86.56186612576064,88.56490872210954,sel_97b756d9_95b89a88,1.943881000676136,-0.02535496957404293,0.02535496957404293,0.03380662609871288,0.05916159567275581
44994e48c9499cb4726a,PubMed,MEGU,42,,GIN,gt_full,./selectors/gt_full_gin.yaml,af33ba4c4ab691fdb1af14f8b352676bff01bc9c4d5ff5f40ae32e8b90ef182b,sel_a0eb425e_c92bd6ed,pred_784c3edc_4b9c1ff0,86.51115618661258,88.56490872210954,2.0537525354969555,1.8255578093306246,6.845841784989857,88.3367139959432,pred_e2d2ddea_62d0d96b,2.0537525354969555,86.51115618661258,88.56490872210954,sel_1c7d4683_7b8b89b7,1.943881000676136,0.0,0.0,0.10987153482081946,0.10987153482081946
fbf12cbee41f13838f3e,PubMed,GraphEraser,42,,SGC,r_point,./selectors/r_point_sgc.yaml,af33ba4c4ab691fdb1af14f8b352676bff01bc9c4d5ff5f40ae32e8b90ef182b,sel_c25c7180_833705a8,pred_f9c03d77_256cc1cd,86.76470588235294,87.44929006085192,0.6845841784989815,1.8255578093306246,8.037525354969574,88.59026369168357,pred_e07fdeda_586ea9f4,1.343813387423931,86.105476673428,87.44929006085192,sel_97b756d9_95b89a88,0.2789046653144019,-0.6592292089249496,0.6592292089249496,0.40567951318457957,1.0649087221095292
673075d8082734a1fe0c,PubMed,GraphEraser,42,,SGC,gt_full,./selectors/gt_full_sgc.yaml,af33ba4c4ab691fdb1af14f8b352676bff01bc9c4d5ff5f40ae32e8b90ef182b,sel_6079fc6a_f28d79d4,pred_0e56539f_eda17f15,86.96754563894523,87.44929006085192,0.48174442190669353,1.9016227180527423,8.13894523326572,88.86916835699797,pred_f23da888_0a01d46c,0.9381338742393441,86.51115618661258,87.44929006085192,sel_1c7d4683_7b8b89b7,0.2789046653144019,-0.4563894523326506,0.4563894523326506,0.20283975659229164,0.6592292089249423
0732447fc26a28be45a3,PubMed,GraphEraser,42,,GAT,r_point,./selectors/r_point_gat.yaml,af33ba4c4ab691fdb1af14f8b352676bff01bc9c4d5ff5f40ae32e8b90ef182b,sel_dab30969_ce6d65cc,pred_62356433_603054fc,85.19269776876268,87.44929006085192,2.2565922920892434,0.40567951318457585,8.848884381338742,85.59837728194725,pred_a35936a0_8c7b6b1d,1.343813387423931,86.105476673428,87.44929006085192,sel_97b756d9_95b89a88,0.2789046653144019,0.9127789046653123,0.9127789046653123,1.9776876267748416,1.0649087221095292
5bd130df4b012752ef81,PubMed,GraphEraser,42,,GAT,gt_full,./selectors/gt_full_gat.yaml,af33ba4c4ab691fdb1af14f8b352676bff01bc9c4d5ff5f40ae32e8b90ef182b,sel_d4b37dea_02297080,pred_73e5f257_f2e74c3c,86.13083164300203,87.44929006085192,1.3184584178498993,-0.4563894523326506,9.051724137931034,85.67444219066938,pred_3e4f4742_e691545c,0.9381338742393441,86.51115618661258,87.44929006085192,sel_1c7d4683_7b8b89b7,0.2789046653144019,0.3803245436105551,0.3803245436105551,1.0395537525354974,0.6592292089249423
b7eab22c3a3497292ab6,PubMed,GraphEraser,42,,GIN,r_point,./selectors/r_point_gin.yaml,af33ba4c4ab691fdb1af14f8b352676bff01bc9c4d5ff5f40ae32e8b90ef182b,sel_e10568d7_788993d9,pred_b36f842a_5b10ad1d,86.13083164300203,87.44929006085192,1.3184584178498993,1.8255578093306357,8.037525354969574,87.95638945233266,pred_83243a78_2f509937,1.343813387423931,86.105476673428,87.44929006085192,sel_97b756d9_95b89a88,0.2789046653144019,-0.025354969574031827,0.025354969574031827,1.0395537525354974,1.0649087221095292
a8bfea1bdc63fbe22d0c,PubMed,GraphEraser,42,,GIN,gt_full,./selectors/gt_full_gin.yaml,af33ba4c4ab691fdb1af14f8b352676bff01bc9c4d5ff5f40ae32e8b90ef182b,sel_a0eb425e_c92bd6ed,pred_6b694339_eb3a9ac8,87.09432048681542,87.44929006085192,0.3549695740365122,1.2423935091277927,7.5304259634888435,88.3367139959432,pred_e2d2ddea_62d0d96b,0.9381338742393441,86.51115618661258,87.44929006085192,sel_1c7d4683_7b8b89b7,0.2789046653144019,-0.5831643002028319,0.5831643002028319,0.0760649087221103,0.6592292089249423
75a2e7997add1d1c22a5,PubMed,GraphRevoker,42,,SGC,r_point,./selectors/r_point_sgc.yaml,af33ba4c4ab691fdb1af14f8b352676bff01bc9c4d5ff5f40ae32e8b90ef182b,sel_c25c7180_833705a8,pred_cd76a6d0_61773391,85.82657200811359,86.48580121703854,0.6592292089249496,2.76369168356998,9.051724137931034,88.59026369168357,pred_e07fdeda_586ea9f4,1.4705882352941124,85.01521298174443,86.48580121703854,sel_97b756d9_95b89a88,-0.016903313049358253,-0.8113590263691628,0.8113590263691628,0.6761325219743078,1.4874915483434707
25950068d79377706844,PubMed,GraphRevoker,42,,SGC,gt_full,./selectors/gt_full_sgc.yaml,af33ba4c4ab691fdb1af14f8b352676bff01bc9c4d5ff5f40ae32e8b90ef182b,sel_6079fc6a_f28d79d4,pred_fc481fcd_afcb638b,86.13083164300203,86.48580121703854,0.3549695740365122,2.738336713995948,8.950304259634887,88.86916835699797,pred_f23da888_0a01d46c,0.9381338742393441,85.5476673427992,86.48580121703854,sel_1c7d4683_7b8b89b7,-0.016903313049358253,-0.5831643002028319,0.5831643002028319,0.37187288708587046,0.9550371872887023
afa35a5f77f4ce66fce1,PubMed,GraphRevoker,42,,GAT,r_point,./selectors/r_point_gat.yaml,af33ba4c4ab691fdb1af14f8b352676bff01bc9c4d5ff5f40ae32e8b90ef182b,sel_dab30969_ce6d65cc,pred_8a4dd956_a2f095ec,85.37018255578094,86.48580121703854,1.1156186612576002,0.22819472616631975,9.406693711967545,85.59837728194725,pred_a35936a0_8c7b6b1d,1.4705882352941124,85.01521298174443,86.48580121703854,sel_97b756d9_95b89a88,-0.016903313049358253,-0.3549695740365122,0.3549695740365122,1.1325219743069586,1.4874915483434707
f9e4d4d9935113120ee2,PubMed,GraphRevoker,42,,GAT,gt_full,./selectors/gt_full_gat.yaml,af33ba4c4ab691fdb1af14f8b352676bff01bc9c4d5ff5f40ae32e8b90ef182b,sel_d4b37dea_02297080,pred_a1f8029c_18af1996,85.90263691683569,86.48580121703854,0.583164300202843,-0.22819472616631975,9.558823529411764,85.67444219066938,pred_3e4f4742_e691545c,0.9381338742393441,85.5476673427992,86.48580121703854,sel_1c7d4683_7b8b89b7,-0.016903313049358253,-0.3549695740365011,0.3549695740365011,0.6000676132522013,0.9550371872887023
28722c2529b7aca7ff9b,PubMed,GraphRevoker,42,,GIN,r_point,./selectors/r_point_gin.yaml,af33ba4c4ab691fdb1af14f8b352676bff01bc9c4d5ff5f40ae32e8b90ef182b,sel_e10568d7_788993d9,pred_7838d293_c0f2640c,85.80121703853956,86.48580121703854,0.6845841784989815,2.155172413793105,8.291075050709939,87.95638945233266,pred_83243a78_2f509937,1.4705882352941124,85.01521298174443,86.48580121703854,sel_97b756d9_95b89a88,-0.016903313049358253,-0.786004056795131,0.786004056795131,0.7014874915483397,1.4874915483434707
1422016ddb008f91a9ba,PubMed,GraphRevoker,42,,GIN,gt_full,./selectors/gt_full_gin.yaml,af33ba4c4ab691fdb1af14f8b352676bff01bc9c4d5ff5f40ae32e8b90ef182b,sel_a0eb425e_c92bd6ed,pred_c8e147f7_bef044c0,86.23225152129818,86.48580121703854,0.2535496957403627,2.1044624746450302,7.936105476673427,88.3367139959432,pred_e2d2ddea_62d0d96b,0.9381338742393441,85.5476673427992,86.48580121703854,sel_1c7d4683_7b8b89b7,-0.016903313049358253,-0.6845841784989815,0.6845841784989815,0.27045300878972095,0.9550371872887023
5d2cfe7017654ca7656f,PubMed,GNNDelete,212,,SGC,r_point,./selectors/r_point_sgc.yaml,af33ba4c4ab691fdb1af14f8b352676bff01bc9c4d5ff5f40ae32e8b90ef182b,sel_f83b8192_8471bb5b,pred_c2254d30_0df1c51b,83.72210953346855,88.3367139959432,4.614604462474647,4.96957403651116,10.39553752535497,88.69168356997972,pred_18a0b8eb_525cffc2,0.6338742393509178,87.70283975659228,88.3367139959432,sel_61d739bc_e32b6515,1.6565246788370533,3.980730223123729,3.980730223123729,2.9580797836375936,-1.0226504394861355
fb09011d832b8b9e6e8b,PubMed,GNNDelete,212,,SGC,gt_full,./selectors/gt_full_sgc.yaml,af33ba4c4ab691fdb1af14f8b352676bff01bc9c4d5ff5f40ae32e8b90ef182b,sel_28347f34_6e9ea121,pred_22ecca25_c2375e85,81.08519269776876,88.3367139959432,7.2515212981744455,7.099391480730222,12.728194726166327,88.18458417849898,pred_19ef9f5f_3939f3ad,1.0902636916835684,87.24645030425964,88.3367139959432,sel_b8abfd33_551dc83d,1.6565246788370533,6.161257606490877,6.161257606490877,5.594996619337392,-0.5662609871534849
682caa218850694591f2,PubMed,GNNDelete,212,,GAT,r_point,./selectors/r_point_gat.yaml,af33ba4c4ab691fdb1af14f8b352676bff01bc9c4d5ff5f40ae32e8b90ef182b,sel_9d4f74ca_33c7f5be,pred_562852e8_1387ce5c,83.01217038539554,88.3367139959432,5.324543610547671,3.8032454361054846,8.493914807302232,86.81541582150102,pred_0f496c66_29b26f51,0.6338742393509178,87.70283975659228,88.3367139959432,sel_61d739bc_e32b6515,1.6565246788370533,4.690669371196753,4.690669371196753,3.668018931710618,-1.0226504394861355
5503d222e63f04300093,PubMed,GNNDelete,212,,GAT,gt_full,./selectors/gt_full_gat.yaml,af33ba4c4ab691fdb1af14f8b352676bff01bc9c4d5ff5f40ae32e8b90ef182b,sel_2417b711_32797bab,pred_a7921da3_b3cc8d53,87.29716024340772,88.3367139959432,1.0395537525354936,-0.2789046653144056,8.21501014198783,87.0182555780933,pred_3f24cea2_f2723373,1.0902636916835684,87.24645030425964,88.3367139959432,sel_b8abfd33_551dc83d,1.6565246788370533,-0.050709939148074756,0.050709939148074756,-0.6169709263015597,-0.5662609871534849
1ee87af6fd9e334bb193,PubMed,GNNDelete,212,,GIN,r_point,./selectors/r_point_gin.yaml,af33ba4c4ab691fdb1af14f8b352676bff01bc9c4d5ff5f40ae32e8b90ef182b,sel_32094166_84fdd867,pred_06294a03_87beda77,87.2210953346856,88.3367139959432,1.1156186612576113,-0.380324543610544,6.009127789046653,86.84077079107504,pred_a192c0bd_f45a019c,0.6338742393509178,87.70283975659228,88.3367139959432,sel_61d739bc_e32b6515,1.6565246788370533,0.48174442190669353,0.48174442190669353,-0.540906017579442,-1.0226504394861355
525d6356ce6ef5573247,PubMed,GNNDelete,212,,GIN,gt_full,./selectors/gt_full_gin.yaml,af33ba4c4ab691fdb1af14f8b352676bff01bc9c4d5ff5f40ae32e8b90ef182b,sel_496686dc_b8baeb31,pred_bee1739d_4ea668ee,87.65212981744422,88.3367139959432,0.6845841784989815,-0.3549695740365122,5.045638945233265,87.29716024340772,pred_cfcbffb8_3f31be8d,1.0902636916835684,87.24645030425964,88.3367139959432,sel_b8abfd33_551dc83d,1.6565246788370533,-0.40567951318458695,0.40567951318458695,-0.9719405003380719,-0.5662609871534849
07ea77573fbba5ade847,PubMed,GIF,212,,SGC,r_point,./selectors/r_point_sgc.yaml,af33ba4c4ab691fdb1af14f8b352676bff01bc9c4d5ff5f40ae32e8b90ef182b,sel_f83b8192_8471bb5b,pred_d83f439a_0eddce7f,88.31135902636917,88.3367139959432,0.025354969574031827,0.380324543610544,2.712981744421907,88.69168356997972,pred_18a0b8eb_525cffc2,1.0902636916835684,87.24645030425964,88.3367139959432,sel_61d739bc_e32b6515,0.04225828262339378,-1.0649087221095366,1.0649087221095366,-0.016903313049361955,1.0480054090601747
288a4615ea6e901b1574,PubMed,GIF,212,,SGC,gt_full,./selectors/gt_full_sgc.yaml,af33ba4c4ab691fdb1af14f8b352676bff01bc9c4d5ff5f40ae32e8b90ef182b,sel_28347f34_6e9ea121,pred_1117a936_6e0814ef,88.23529411764706,88.3367139959432,0.10141987829614951,-0.050709939148074756,2.3073022312373226,88.18458417849898,pred_19ef9f5f_3939f3ad,1.2170385395537497,87.11967545638946,88.3367139959432,sel_b8abfd33_551dc83d,0.04225828262339378,-1.1156186612576002,1.1156186612576002,0.05916159567275573,1.174780256930356
27c10eeca939f5cbf189,PubMed,GIF,212,,GAT,r_point,./selectors/r_point_gat.yaml,af33ba4c4ab691fdb1af14f8b352676bff01bc9c4d5ff5f40ae32e8b90ef182b,sel_9d4f74ca_33c7f5be,pred_bfc77f45_4e47ad47,87.80425963488844,88.3367139959432,0.5324543610547683,-0.9888438133874189,2.789046653144016,86.81541582150102,pred_0f496c66_29b26f51,1.0902636916835684,87.24645030425964,88.3367139959432,sel_61d739bc_e32b6515,0.04225828262339378,-0.5578093306288001,0.5578093306288001,0.4901960784313745,1.0480054090601747
b2bb24ef9630e78d0e9f,PubMed,GIF,212,,GAT,gt_full,./selectors/gt_full_gat.yaml,af33ba4c4ab691fdb1af14f8b352676bff01bc9c4d5ff5f40ae32e8b90ef182b,sel_2417b711_32797bab,pred_7e2d30cc_901df88b,87.75354969574036,88.3367139959432,0.583164300202843,-0.7352941176470562,2.611561866125761,87.0182555780933,pred_3f24cea2_f2723373,1.2170385395537497,87.11967545638946,88.3367139959432,sel_b8abfd33_551dc83d,0.04225828262339378,-0.6338742393509067,0.6338742393509067,0.5409060175794492,1.174780256930356
22c13205387dc358726c,PubMed,GIF,212,,GIN,r_point,./selectors/r_point_gin.yaml,af33ba4c4ab691fdb1af14f8b352676bff01bc9c4d5ff5f40ae32e8b90ef182b,sel_32094166_84fdd867,pred_83aadbad_da176fc0,87.67748478701826,88.3367139959432,0.6592292089249496,-0.8367139959432057,3.296146044624747,86.84077079107504,pred_a192c0bd_f45a019c,1.0902636916835684,87.24645030425964,88.3367139959432,sel_61d739bc_e32b6515,0.04225828262339378,-0.4310344827586188,0.4310344827586188,0.6169709263015558,1.0480054090601747
1c0b34635dd97981db8b,PubMed,GIF,212,,GIN,gt_full,./selectors/gt_full_gin.yaml,af33ba4c4ab691fdb1af14f8b352676bff01bc9c4d5ff5f40ae32e8b90ef182b,sel_496686dc_b8baeb31,pred_10cf7051_4a247fc5,87.55070993914808,88.3367139959432,0.786004056795131,-0.2535496957403627,2.789046653144016,87.29716024340772,pred_cfcbffb8_3f31be8d,1.2170385395537497,87.11967545638946,88.3367139959432,sel_b8abfd33_551dc83d,0.04225828262339378,-0.4310344827586188,0.4310344827586188,0.7437457741717372,1.174780256930356
9ce393680873b2c95a50,PubMed,IDEA,212,,SGC,r_point,./selectors/r_point_sgc.yaml,af33ba4c4ab691fdb1af14f8b352676bff01bc9c4d5ff5f40ae32e8b90ef182b,sel_f83b8192_8471bb5b,pred_7017bf91_ddf915b1,88.31135902636917,88.3367139959432,0.025354969574031827,0.380324543610544,2.712981744421907,88.69168356997972,pred_18a0b8eb_525cffc2,1.0902636916835684,87.24645030425964,88.3367139959432,sel_61d739bc_e32b6515,0.04225828262339378,-1.0649087221095366,1.0649087221095366,-0.016903313049361955,1.0480054090601747
8f63493d326764972c9a,PubMed,IDEA,212,,SGC,gt_full,./selectors/gt_full_sgc.yaml,af33ba4c4ab691fdb1af14f8b352676bff01bc9c4d5ff5f40ae32e8b90ef182b,sel_28347f34_6e9ea121,pred_23baa238_80065cb5,88.23529411764706,88.3367139959432,0.10141987829614951,-0.050709939148074756,2.3073022312373226,88.18458417849898,pred_19ef9f5f_3939f3ad,1.2170385395537497,87.11967545638946,88.3367139959432,sel_b8abfd33_551dc83d,0.04225828262339378,-1.1156186612576002,1.1156186612576002,0.05916159567275573,1.174780256930356
f6fc014c6e7c83fbd8fe,PubMed,IDEA,212,,GAT,r_point,./selectors/r_point_gat.yaml,af33ba4c4ab691fdb1af14f8b352676bff01bc9c4d5ff5f40ae32e8b90ef182b,sel_9d4f74ca_33c7f5be,pred_9d90c70f_48f25494,87.80425963488844,88.3367139959432,0.5324543610547683,-0.9888438133874189,2.789046653144016,86.81541582150102,pred_0f496c66_29b26f51,1.0902636916835684,87.24645030425964,88.3367139959432,sel_61d739bc_e32b6515,0.04225828262339378,-0.5578093306288001,0.5578093306288001,0.4901960784313745,1.0480054090601747
5fab2516895c3e8cab45,PubMed,IDEA,212,,GAT,gt_full,./selectors/gt_full_gat.yaml,af33ba4c4ab691fdb1af14f8b352676bff01bc9c4d5ff5f40ae32e8b90ef182b,sel_2417b711_32797bab,pred_15c6e27c_c837de7d,87.75354969574036,88.3367139959432,0.583164300202843,-0.7352941176470562,2.611561866125761,87.0182555780933,pred_3f24cea2_f2723373,1.2170385395537497,87.11967545638946,88.3367139959432,sel_b8abfd33_551dc83d,0.04225828262339378,-0.6338742393509067,0.6338742393509067,0.5409060175794492,1.174780256930356
ad56c84b84db4a1dc96f,PubMed,IDEA,212,,GIN,r_point,./selectors/r_point_gin.yaml,af33ba4c4ab691fdb1af14f8b352676bff01bc9c4d5ff5f40ae32e8b90ef182b,sel_32094166_84fdd867,pred_d36bd074_1a00cc0c,87.67748478701826,88.3367139959432,0.6592292089249496,-0.8367139959432057,3.296146044624747,86.84077079107504,pred_a192c0bd_f45a019c,1.0902636916835684,87.24645030425964,88.3367139959432,sel_61d739bc_e32b6515,0.04225828262339378,-0.4310344827586188,0.4310344827586188,0.6169709263015558,1.0480054090601747
caa04c54c1b4c14be691,PubMed,IDEA,212,,GIN,gt_full,./selectors/gt_full_gin.yaml,af33ba4c4ab691fdb1af14f8b352676bff01bc9c4d5ff5f40ae32e8b90ef182b,sel_496686dc_b8baeb31,pred_1c0d5547_f3b12a0f,87.55070993914808,88.3367139959432,0.786004056795131,-0.2535496957403627,2.789046653144016,87.29716024340772,pred_cfcbffb8_3f31be8d,1.2170385395537497,87.11967545638946,88.3367139959432,sel_b8abfd33_551dc83d,0.04225828262339378,-0.4310344827586188,0.4310344827586188,0.7437457741717372,1.174780256930356
ef5032b721f42e9268a2,PubMed,MEGU,212,,SGC,r_point,./selectors/r_point_sgc.yaml,af33ba4c4ab691fdb1af14f8b352676bff01bc9c4d5ff5f40ae32e8b90ef182b,sel_f83b8192_8471bb5b,pred_c341ba07_b673c8ef,86.68864097363083,88.3367139959432,1.6480730223123796,2.003042596348892,6.009127789046653,88.69168356997972,pred_18a0b8eb_525cffc2,1.774847870182561,86.56186612576064,88.3367139959432,sel_61d739bc_e32b6515,1.5297498309668718,-0.12677484787018134,0.12677484787018134,0.11832319134550784,0.24509803921568918
ebc8205cfe7465e82753,PubMed,MEGU,212,,SGC,gt_full,./selectors/gt_full_sgc.yaml,af33ba4c4ab691fdb1af14f8b352676bff01bc9c4d5ff5f40ae32e8b90ef182b,sel_28347f34_6e9ea121,pred_3af292a9_37ca8049,86.81541582150102,88.3367139959432,1.5212981744421872,1.369168356997963,5.45131845841785,88.18458417849898,pred_19ef9f5f_3939f3ad,1.749492900608518,86.58722109533468,88.3367139959432,sel_b8abfd33_551dc83d,1.5297498309668718,-0.22819472616633085,0.22819472616633085,-0.008451656524684603,0.21974306964164625
67bade96eb9fa5d1872b,PubMed,MEGU,212,,GAT,r_point,./selectors/r_point_gat.yaml,af33ba4c4ab691fdb1af14f8b352676bff01bc9c4d5ff5f40ae32e8b90ef182b,sel_9d4f74ca_33c7f5be,pred_aa2f2a30_0470d5be,86.5365111561866,88.3367139959432,1.8002028397565928,0.2789046653144056,6.744421906693712,86.81541582150102,pred_0f496c66_29b26f51,1.774847870182561,86.56186612576064,88.3367139959432,sel_61d739bc_e32b6515,1.5297498309668718,0.025354969574031827,0.025354969574031827,0.270453008789721,0.24509803921568918
f6f1e83b6d00211cf67f,PubMed,MEGU,212,,GAT,gt_full,./selectors/gt_full_gat.yaml,af33ba4c4ab691fdb1af14f8b352676bff01bc9c4d5ff5f40ae32e8b90ef182b,sel_2417b711_32797bab,pred_3c1226b4_55625d87,86.56186612576064,88.3367139959432,1.774847870182561,0.4563894523326617,7.023326572008114,87.0182555780933,pred_3f24cea2_f2723373,1.749492900608518,86.58722109533468,88.3367139959432,sel_b8abfd33_551dc83d,1.5297498309668718,0.02535496957404293,0.02535496957404293,0.24509803921568918,0.21974306964164625
b3e0c46dbaf7cda3103c,PubMed,MEGU,212,,GIN,r_point,./selectors/r_point_gin.yaml,af33ba4c4ab691fdb1af14f8b352676bff01bc9c4d5ff5f40ae32e8b90ef182b,sel_32094166_84fdd867,pred_ed492827_0bacca01,86.6632860040568,88.3367139959432,1.6734279918864114,0.1774847870182561,6.338742393509128,86.84077079107504,pred_a192c0bd_f45a019c,1.774847870182561,86.56186612576064,88.3367139959432,sel_61d739bc_e32b6515,1.5297498309668718,-0.10141987829614951,0.10141987829614951,0.14367816091953967,0.24509803921568918
d5dbf449869e49f6d263,PubMed,MEGU,212,,GIN,gt_full,./selectors/gt_full_gin.yaml,af33ba4c4ab691fdb1af14f8b352676bff01bc9c4d5ff5f40ae32e8b90ef182b,sel_496686dc_b8baeb31,pred_1f84621a_68a85510,86.68864097363083,88.3367139959432,1.6480730223123796,0.608519269776886,6.059837728194726,87.29716024340772,pred_cfcbffb8_3f31be8d,1.749492900608518,86.58722109533468,88.3367139959432,sel_b8abfd33_551dc83d,1.5297498309668718,-0.10141987829613841,0.10141987829613841,0.11832319134550784,0.21974306964164625
70deca7c2c830e53b479,PubMed,GraphEraser,212,,SGC,r_point,./selectors/r_point_sgc.yaml,af33ba4c4ab691fdb1af14f8b352676bff01bc9c4d5ff5f40ae32e8b90ef182b,sel_f83b8192_8471bb5b,pred_f1095b5f_0a73b901,86.08012170385395,87.04361054766734,0.9634888438133871,2.6115618661257667,8.671399594320487,88.69168356997972,pred_18a0b8eb_525cffc2,1.2423935091277816,85.80121703853956,87.04361054766734,sel_61d739bc_e32b6515,0.1436781609195359,-0.2789046653143945,0.2789046653143945,0.8198106828938512,1.0987153482082457
64ae414a57bb890ab57f,PubMed,GraphEraser,212,,SGC,gt_full,./selectors/gt_full_sgc.yaml,af33ba4c4ab691fdb1af14f8b352676bff01bc9c4d5ff5f40ae32e8b90ef182b,sel_28347f34_6e9ea121,pred_dc2ce1a5_7aebf277,86.61257606490872,87.04361054766734,0.4310344827586188,1.572008113590262,8.265720081135902,88.18458417849898,pred_19ef9f5f_3939f3ad,0.5831643002028319,86.4604462474645,87.04361054766734,sel_b8abfd33_551dc83d,0.1436781609195359,-0.15212981744421317,0.15212981744421317,0.2873563218390829,0.43948613928329605
a8b4d56505ccaf6bf002,PubMed,GraphEraser,212,,GAT,r_point,./selectors/r_point_gat.yaml,af33ba4c4ab691fdb1af14f8b352676bff01bc9c4d5ff5f40ae32e8b90ef182b,sel_9d4f74ca_33c7f5be,pred_ef56928e_f05b032a,85.31947261663286,87.04361054766734,1.724137931034475,1.4959432048681554,7.860040567951318,86.81541582150102,pred_0f496c66_29b26f51,1.2423935091277816,85.80121703853956,87.04361054766734,sel_61d739bc_e32b6515,0.1436781609195359,0.48174442190669353,0.48174442190669353,1.5804597701149392,1.0987153482082457
642cbeb920a8a65db652,PubMed,GraphEraser,212,,GAT,gt_full,./selectors/gt_full_gat.yaml,af33ba4c4ab691fdb1af14f8b352676bff01bc9c4d5ff5f40ae32e8b90ef182b,sel_2417b711_32797bab,pred_04b731dc_1f7ab71a,86.15618661257606,87.04361054766734,0.8874239350912694,0.8620689655172376,7.505070993914807,87.0182555780933,pred_3f24cea2_f2723373,0.5831643002028319,86.4604462474645,87.04361054766734,sel_b8abfd33_551dc83d,0.1436781609195359,0.30425963488843744,0.30425963488843744,0.7437457741717335,0.43948613928329605
29621f690fbd15256ee2,PubMed,GraphEraser,212,,GIN,r_point,./selectors/r_point_gin.yaml,af33ba4c4ab691fdb1af14f8b352676bff01bc9c4d5ff5f40ae32e8b90ef182b,sel_32094166_84fdd867,pred_13df1313_10dd91c4,86.1815415821501,87.04361054766734,0.8620689655172376,0.6592292089249496,7.074036511156187,86.84077079107504,pred_a192c0bd_f45a019c,1.2423935091277816,85.80121703853956,87.04361054766734,sel_61d739bc_e32b6515,0.1436781609195359,-0.380324543610544,0.380324543610544,0.7183908045977017,1.0987153482082457
1fdf68c9eab26581207b,PubMed,GraphEraser,212,,GIN,gt_full,./selectors/gt_full_gin.yaml,af33ba4c4ab691fdb1af14f8b352676bff01bc9c4d5ff5f40ae32e8b90ef182b,sel_496686dc_b8baeb31,pred_a5860a8d_0287960c,86.79006085192698,87.04361054766734,0.2535496957403627,0.5070993914807365,7.606490872210954,87.29716024340772,pred_cfcbffb8_3f31be8d,0.5831643002028319,86.4604462474645,87.04361054766734,sel_b8abfd33_551dc83d,0.1436781609195359,-0.32961460446246926,0.32961460446246926,0.10987153482082679,0.43948613928329605
203835b92f019a6973e6,PubMed,GraphRevoker,212,,SGC,r_point,./selectors/r_point_sgc.yaml,af33ba4c4ab691fdb1af14f8b352676bff01bc9c4d5ff5f40ae32e8b90ef182b,sel_f83b8192_8471bb5b,pred_b93d1d52_be640efd,86.1815415821501,86.63793103448276,0.4563894523326617,2.510141987829617,8.848884381338742,88.69168356997972,pred_18a0b8eb_525cffc2,1.1409736308316432,85.49695740365112,86.63793103448276,sel_61d739bc_e32b6515,0.050709939148078455,-0.6845841784989815,0.6845841784989815,0.40567951318458323,1.0902636916835646
000a59e1af8344284ef9,PubMed,GraphRevoker,212,,SGC,gt_full,./selectors/gt_full_sgc.yaml,af33ba4c4ab691fdb1af14f8b352676bff01bc9c4d5ff5f40ae32e8b90ef182b,sel_28347f34_6e9ea121,pred_fa7c6937_856353ef,86.5365111561866,86.63793103448276,0.10141987829614951,1.6480730223123685,8.468559837728193,88.18458417849898,pred_19ef9f5f_3939f3ad,0.7606490872210991,85.87728194726166,86.63793103448276,sel_b8abfd33_551dc83d,0.050709939148078455,-0.6592292089249496,0.6592292089249496,0.05070993914807106,0.7099391480730207
6db890a2bec0adaea081,PubMed,GraphRevoker,212,,GAT,r_point,./selectors/r_point_gat.yaml,af33ba4c4ab691fdb1af14f8b352676bff01bc9c4d5ff5f40ae32e8b90ef182b,sel_9d4f74ca_33c7f5be,pred_8aa3015f_db1cc3a6,84.00101419878297,86.63793103448276,2.6369168356997985,2.8144016227180546,8.924949290060852,86.81541582150102,pred_0f496c66_29b26f51,1.1409736308316432,85.49695740365112,86.63793103448276,sel_61d739bc_e32b6515,0.050709939148078455,1.4959432048681554,1.4959432048681554,2.58620689655172,1.0902636916835646
10c34d0f9ba281eaf857,PubMed,GraphRevoker,212,,GAT,gt_full,./selectors/gt_full_gat.yaml,af33ba4c4ab691fdb1af14f8b352676bff01bc9c4d5ff5f40ae32e8b90ef182b,sel_2417b711_32797bab,pred_225b8840_a24949ec,85.77586206896551,86.63793103448276,0.8620689655172487,1.2423935091277927,8.367139959432048,87.0182555780933,pred_3f24cea2_f2723373,0.7606490872210991,85.87728194726166,86.63793103448276,sel_b8abfd33_551dc83d,0.050709939148078455,0.10141987829614951,0.10141987829614951,0.8113590263691702,0.7099391480730207
9a14f04234138ae0dfa8,PubMed,GraphRevoker,212,,GIN,r_point,./selectors/r_point_gin.yaml,af33ba4c4ab691fdb1af14f8b352676bff01bc9c4d5ff5f40ae32e8b90ef182b,sel_32094166_84fdd867,pred_18571288_318f5a3a,85.85192697768763,86.63793103448276,0.786004056795131,0.9888438133874189,7.936105476673427,86.84077079107504,pred_a192c0bd_f45a019c,1.1409736308316432,85.49695740365112,86.63793103448276,sel_61d739bc_e32b6515,0.050709939148078455,-0.3549695740365122,0.3549695740365122,0.7352941176470525,1.0902636916835646
b059646e0e54966fbd13,PubMed,GraphRevoker,212,,GIN,gt_full,./selectors/gt_full_gin.yaml,af33ba4c4ab691fdb1af14f8b352676bff01bc9c4d5ff5f40ae32e8b90ef182b,sel_496686dc_b8baeb31,pred_f69b98a0_3494770d,86.15618661257606,86.63793103448276,0.48174442190669353,1.1409736308316432,8.367139959432048,87.29716024340772,pred_cfcbffb8_3f31be8d,0.7606490872210991,85.87728194726166,86.63793103448276,sel_b8abfd33_551dc83d,0.050709939148078455,-0.2789046653144056,0.2789046653144056,0.43103448275861506,0.7099391480730207
22f2d47e0757a0d3c065,PubMed,GNNDelete,2024,,SGC,r_point,./selectors/r_point_sgc.yaml,af33ba4c4ab691fdb1af14f8b352676bff01bc9c4d5ff5f40ae32e8b90ef182b,sel_bb2f0472_e9b678c3,pred_0793f3d0_13cd5881,83.21501014198783,88.5395537525355,5.324543610547661,4.944219066937117,10.09127789046653,88.15922920892496,pred_a2391811_141ec683,0.4563894523326506,88.08316430020284,88.5395537525355,sel_a3452bd1_a882b2b4,2.045300878972274,4.86815415821501,4.86815415821501,3.2792427315753865,-1.5889114266396236
cc97320d62bf032d8e24,PubMed,GNNDelete,2024,,SGC,gt_full,./selectors/gt_full_sgc.yaml,af33ba4c4ab691fdb1af14f8b352676bff01bc9c4d5ff5f40ae32e8b90ef182b,sel_2ca80434_6b680cfe,pred_bc144695_896b9b38,76.62271805273834,88.5395537525355,11.916835699797158,12.094320486815413,17.849898580121703,88.71703853955376,pred_66caadfe_5fdb18b2,1.6734279918864114,86.86612576064908,88.5395537525355,sel_c67c0c28_0b7bf856,2.045300878972274,10.243407707910746,10.243407707910746,9.871534820824884,-0.37187288708586275
97ae6def0217fef1a7a6,PubMed,GNNDelete,2024,,GAT,r_point,./selectors/r_point_gat.yaml,af33ba4c4ab691fdb1af14f8b352676bff01bc9c4d5ff5f40ae32e8b90ef182b,sel_aa87f6df_6cdd3d3d,pred_1c89478a_54fcce57,87.88032454361054,88.5395537525355,0.6592292089249496,-2.33265720081135,9.355983772819473,85.5476673427992,pred_19c4302f_ce18703e,0.4563894523326506,88.08316430020284,88.5395537525355,sel_a3452bd1_a882b2b4,2.045300878972274,0.20283975659229903,0.20283975659229903,-1.3860716700473246,-1.5889114266396236
ecb01d21fcb8ea028fd5,PubMed,GNNDelete,2024,,GAT,gt_full,./selectors/gt_full_gat.yaml,af33ba4c4ab691fdb1af14f8b352676bff01bc9c4d5ff5f40ae32e8b90ef182b,sel_0e3a58e4_4f32e02f,pred_dbb56ece_71ba1427,87.0182555780933,88.5395537525355,1.5212981744421872,-0.48174442190669353,10.268762677484787,86.5365111561866,pred_ff7ac49e_ace0a131,1.6734279918864114,86.86612576064908,88.5395537525355,sel_c67c0c28_0b7bf856,2.045300878972274,-0.15212981744422427,0.15212981744422427,-0.524002704530087,-0.37187288708586275
421cd969cae353afb7ca,PubMed,GNNDelete,2024,,GIN,r_point,./selectors/r_point_gin.yaml,af33ba4c4ab691fdb1af14f8b352676bff01bc9c4d5ff5f40ae32e8b90ef182b,sel_e0921fbb_e8adb472,pred_27808ec1_d45868b9,84.68559837728195,88.5395537525355,3.8539553752535483,2.1044624746450302,8.417849898580123,86.79006085192698,pred_e1b84d58_95531c4f,0.4563894523326506,88.08316430020284,88.5395537525355,sel_a3452bd1_a882b2b4,2.045300878972274,3.3975659229208977,3.3975659229208977,1.808654496281274,-1.5889114266396236
6edd18fa8e8251cff7a6,PubMed,GNNDelete,2024,,GIN,gt_full,./selectors/gt_full_gin.yaml,af33ba4c4ab691fdb1af14f8b352676bff01bc9c4d5ff5f40ae32e8b90ef182b,sel_21ea1e2e_17a9bccd,pred_1f4b1482_3cd46a01,86.91683569979716,88.5395537525355,1.6227180527383367,0.7099391480730244,5.806288032454361,87.62677484787018,pred_3adafee9_1e710a82,1.6734279918864114,86.86612576064908,88.5395537525355,sel_c67c0c28_0b7bf856,2.045300878972274,-0.050709939148074756,0.050709939148074756,-0.4225828262339375,-0.37187288708586275
6dc5bdc0521eb7db098a,PubMed,GIF,2024,,SGC,r_point,./selectors/r_point_sgc.yaml,af33ba4c4ab691fdb1af14f8b352676bff01bc9c4d5ff5f40ae32e8b90ef182b,sel_bb2f0472_e9b678c3,pred_7e0409b9_79eb19e6,88.61561866125761,88.5395537525355,-0.07606490872211769,-0.4563894523326617,2.079107505070994,88.15922920892496,pred_a2391811_141ec683,0.8874239350912694,87.65212981744422,88.5395537525355,sel_a3452bd1_a882b2b4,0.0,-0.9634888438133871,0.9634888438133871,-0.07606490872211769,0.8874239350912694
3e851823cd9d7bc2621f,PubMed,GIF,2024,,SGC,gt_full,./selectors/gt_full_sgc.yaml,af33ba4c4ab691fdb1af14f8b352676bff01bc9c4d5ff5f40ae32e8b90ef182b,sel_2ca80434_6b680cfe,pred_581a97f5_b511427f,88.5395537525355,88.5395537525355,0.0,0.1774847870182561,1.9776876267748478,88.71703853955376,pred_66caadfe_5fdb18b2,1.2677484787018245,87.27180527383366,88.5395537525355,sel_c67c0c28_0b7bf856,0.0,-1.2677484787018245,1.2677484787018245,0.0,1.2677484787018245
07817ba6a2a2219bd585,PubMed,GIF,2024,,GAT,r_point,./selectors/r_point_gat.yaml,af33ba4c4ab691fdb1af14f8b352676bff01bc9c4d5ff5f40ae32e8b90ef182b,sel_aa87f6df_6cdd3d3d,pred_04e8ccf8_5d0c06f6,87.85496957403652,88.5395537525355,0.6845841784989815,-2.307302231237318,4.918864097363083,85.5476673427992,pred_19c4302f_ce18703e,0.8874239350912694,87.65212981744422,88.5395537525355,sel_a3452bd1_a882b2b4,0.0,-0.20283975659228792,0.20283975659228792,0.6845841784989815,0.8874239350912694
192f2d1eadcb8ecc514a,PubMed,GIF,2024,,GAT,gt_full,./selectors/gt_full_gat.yaml,af33ba4c4ab691fdb1af14f8b352676bff01bc9c4d5ff5f40ae32e8b90ef182b,sel_0e3a58e4_4f32e02f,pred_52b16ea5_9494bf88,87.47464503042596,88.5395537525355,1.0649087221095255,-0.9381338742393552,3.4229208924949286,86.5365111561866,pred_ff7ac49e_ace0a131,1.2677484787018245,87.27180527383366,88.5395537525355,sel_c67c0c28_0b7bf856,0.0,-0.20283975659229903,0.20283975659229903,1.0649087221095255,1.2677484787018245
d686abfd6c3151e6153d,PubMed,GIF,2024,,GIN,r_point,./selectors/r_point_gin.yaml,af33ba4c4ab691fdb1af14f8b352676bff01bc9c4d5ff5f40ae32e8b90ef182b,sel_e0921fbb_e8adb472,pred_bc9e75b4_c67ade61,88.10851926977688,88.5395537525355,0.4310344827586188,-1.3184584178498993,4.132860040567951,86.79006085192698,pred_e1b84d58_95531c4f,0.8874239350912694,87.65212981744422,88.5395537525355,sel_a3452bd1_a882b2b4,0.0,-0.4563894523326506,0.4563894523326506,0.4310344827586188,0.8874239350912694
e56bebdf1d7398d88a00,PubMed,GIF,2024,,GIN,gt_full,./selectors/gt_full_gin.yaml,af33ba4c4ab691fdb1af14f8b352676bff01bc9c4d5ff5f40ae32e8b90ef182b,sel_21ea1e2e_17a9bccd,pred_f8d607a6_211fdfb3,88.03245436105477,88.5395537525355,0.5070993914807254,-0.40567951318458695,3.701825557809331,87.62677484787018,pred_3adafee9_1e710a82,1.2677484787018245,87.27180527383366,88.5395537525355,sel_c67c0c28_0b7bf856,0.0,-0.7606490872210991,0.7606490872210991,0.5070993914807254,1.2677484787018245
9f09963a3667b2ad0112,PubMed,IDEA,2024,,SGC,r_point,./selectors/r_point_sgc.yaml,af33ba4c4ab691fdb1af14f8b352676bff01bc9c4d5ff5f40ae32e8b90ef182b,sel_bb2f0472_e9b678c3,pred_43ce33ce_122b7ae8,88.61561866125761,88.5395537525355,-0.07606490872211769,-0.4563894523326617,2.079107505070994,88.15922920892496,pred_a2391811_141ec683,0.8874239350912694,87.65212981744422,88.5395537525355,sel_a3452bd1_a882b2b4,0.0,-0.9634888438133871,0.9634888438133871,-0.07606490872211769,0.8874239350912694
d631805df7f9e9c05ae9,PubMed,IDEA,2024,,SGC,gt_full,./selectors/gt_full_sgc.yaml,af33ba4c4ab691fdb1af14f8b352676bff01bc9c4d5ff5f40ae32e8b90ef182b,sel_2ca80434_6b680cfe,pred_39383f81_c10f2c36,88.5395537525355,88.5395537525355,0.0,0.1774847870182561,1.9776876267748478,88.71703853955376,pred_66caadfe_5fdb18b2,1.2677484787018245,87.27180527383366,88.5395537525355,sel_c67c0c28_0b7bf856,0.0,-1.2677484787018245,1.2677484787018245,0.0,1.2677484787018245
26d87ff17f33fee1fffd,PubMed,IDEA,2024,,GAT,r_point,./selectors/r_point_gat.yaml,af33ba4c4ab691fdb1af14f8b352676bff01bc9c4d5ff5f40ae32e8b90ef182b,sel_aa87f6df_6cdd3d3d,pred_aed0cc7e_b6b9058d,87.85496957403652,88.5395537525355,0.6845841784989815,-2.307302231237318,4.918864097363083,85.5476673427992,pred_19c4302f_ce18703e,0.8874239350912694,87.65212981744422,88.5395537525355,sel_a3452bd1_a882b2b4,0.0,-0.20283975659228792,0.20283975659228792,0.6845841784989815,0.8874239350912694
f1d30bd8d4fc28d1431b,PubMed,IDEA,2024,,GAT,gt_full,./selectors/gt_full_gat.yaml,af33ba4c4ab691fdb1af14f8b352676bff01bc9c4d5ff5f40ae32e8b90ef182b,sel_0e3a58e4_4f32e02f,pred_e47e967d_5ab56f49,87.47464503042596,88.5395537525355,1.0649087221095255,-0.9381338742393552,3.4229208924949286,86.5365111561866,pred_ff7ac49e_ace0a131,1.2677484787018245,87.27180527383366,88.5395537525355,sel_c67c0c28_0b7bf856,0.0,-0.20283975659229903,0.20283975659229903,1.0649087221095255,1.2677484787018245
ff335de3ab4c77052dd2,PubMed,IDEA,2024,,GIN,r_point,./selectors/r_point_gin.yaml,af33ba4c4ab691fdb1af14f8b352676bff01bc9c4d5ff5f40ae32e8b90ef182b,sel_e0921fbb_e8adb472,pred_057501b5_789f8fc3,88.10851926977688,88.5395537525355,0.4310344827586188,-1.3184584178498993,4.132860040567951,86.79006085192698,pred_e1b84d58_95531c4f,0.8874239350912694,87.65212981744422,88.5395537525355,sel_a3452bd1_a882b2b4,0.0,-0.4563894523326506,0.4563894523326506,0.4310344827586188,0.8874239350912694
690c0f4a47441912c2f0,PubMed,IDEA,2024,,GIN,gt_full,./selectors/gt_full_gin.yaml,af33ba4c4ab691fdb1af14f8b352676bff01bc9c4d5ff5f40ae32e8b90ef182b,sel_21ea1e2e_17a9bccd,pred_66c2cb7c_28b14d6b,88.03245436105477,88.5395537525355,0.5070993914807254,-0.40567951318458695,3.701825557809331,87.62677484787018,pred_3adafee9_1e710a82,1.2677484787018245,87.27180527383366,88.5395537525355,sel_c67c0c28_0b7bf856,0.0,-0.7606490872210991,0.7606490872210991,0.5070993914807254,1.2677484787018245
09a79a3e22f1e91b1f61,PubMed,MEGU,2024,,SGC,r_point,./selectors/r_point_sgc.yaml,af33ba4c4ab691fdb1af14f8b352676bff01bc9c4d5ff5f40ae32e8b90ef182b,sel_bb2f0472_e9b678c3,pred_502aefa8_d73d2c99,87.19574036511156,88.5395537525355,1.343813387423931,0.9634888438133871,4.741379310344827,88.15922920892496,pred_a2391811_141ec683,1.6734279918864114,86.86612576064908,88.5395537525355,sel_a3452bd1_a882b2b4,1.3860716700473248,-0.32961460446248037,0.32961460446248037,-0.042258282623393706,0.28735632183908666
f1d4ec0dd0c2fb52845f,PubMed,MEGU,2024,,SGC,gt_full,./selectors/gt_full_sgc.yaml,af33ba4c4ab691fdb1af14f8b352676bff01bc9c4d5ff5f40ae32e8b90ef182b,sel_2ca80434_6b680cfe,pred_ddaad5b3_98dbf097,87.0182555780933,88.5395537525355,1.5212981744421872,1.6987829614604433,4.994929006085193,88.71703853955376,pred_66caadfe_5fdb18b2,1.6987829614604433,86.84077079107504,88.5395537525355,sel_c67c0c28_0b7bf856,1.3860716700473248,-0.1774847870182561,0.1774847870182561,0.1352265043948624,0.3127112914131185
53c088aa6c154ce9d060,PubMed,MEGU,2024,,GAT,r_point,./selectors/r_point_gat.yaml,af33ba4c4ab691fdb1af14f8b352676bff01bc9c4d5ff5f40ae32e8b90ef182b,sel_aa87f6df_6cdd3d3d,pred_b4cca99e_eda41fdb,86.96754563894523,88.5395537525355,1.572008113590262,-1.4198782961460377,7.9614604462474645,85.5476673427992,pred_19c4302f_ce18703e,1.6734279918864114,86.86612576064908,88.5395537525355,sel_a3452bd1_a882b2b4,1.3860716700473248,-0.10141987829614951,0.10141987829614951,0.18593644354293715,0.28735632183908666
386419f4b2d79064f78c,PubMed,MEGU,2024,,GAT,gt_full,./selectors/gt_full_gat.yaml,af33ba4c4ab691fdb1af14f8b352676bff01bc9c4d5ff5f40ae32e8b90ef182b,sel_0e3a58e4_4f32e02f,pred_464a49b2_0d519cd1,86.68864097363083,88.5395537525355,1.8509127789046675,-0.15212981744421317,7.023326572008114,86.5365111561866,pred_ff7ac49e_ace0a131,1.6987829614604433,86.84077079107504,88.5395537525355,sel_c67c0c28_0b7bf856,1.3860716700473248,0.15212981744422427,0.15212981744422427,0.46484110885734276,0.3127112914131185
d7a7551fb0004a623744,PubMed,MEGU,2024,,GIN,r_point,./selectors/r_point_gin.yaml,af33ba4c4ab691fdb1af14f8b352676bff01bc9c4d5ff5f40ae32e8b90ef182b,sel_e0921fbb_e8adb472,pred_470b81c8_a5a24323,87.14503042596348,88.5395537525355,1.3945233265720058,-0.3549695740365122,6.5669371196754565,86.79006085192698,pred_e1b84d58_95531c4f,1.6734279918864114,86.86612576064908,88.5395537525355,sel_a3452bd1_a882b2b4,1.3860716700473248,-0.2789046653144056,0.2789046653144056,0.00845165652468105,0.28735632183908666
3170757baabec45abaaa,PubMed,MEGU,2024,,GIN,gt_full,./selectors/gt_full_gin.yaml,af33ba4c4ab691fdb1af14f8b352676bff01bc9c4d5ff5f40ae32e8b90ef182b,sel_21ea1e2e_17a9bccd,pred_a1c59394_78bb8f20,86.9421906693712,88.5395537525355,1.5973630831642938,0.6845841784989815,5.628803245436106,87.62677484787018,pred_3adafee9_1e710a82,1.6987829614604433,86.84077079107504,88.5395537525355,sel_c67c0c28_0b7bf856,1.3860716700473248,-0.10141987829614951,0.10141987829614951,0.21129141311696897,0.3127112914131185
072830cb7276ced619e6,PubMed,GraphEraser,2024,,SGC,r_point,./selectors/r_point_sgc.yaml,af33ba4c4ab691fdb1af14f8b352676bff01bc9c4d5ff5f40ae32e8b90ef182b,sel_bb2f0472_e9b678c3,pred_01b82624_429db844,86.99290060851928,87.37322515212982,0.380324543610544,1.166328600405675,8.874239350912779,88.15922920892496,pred_a2391811_141ec683,1.4452332657200806,85.92799188640974,87.37322515212982,sel_a3452bd1_a882b2b4,0.22819472616632716,-1.0649087221095366,1.0649087221095366,0.15212981744421686,1.2170385395537535
795fa98872950610e5d0,PubMed,GraphEraser,2024,,SGC,gt_full,./selectors/gt_full_sgc.yaml,af33ba4c4ab691fdb1af14f8b352676bff01bc9c4d5ff5f40ae32e8b90ef182b,sel_2ca80434_6b680cfe,pred_88ebbb0a_bf75ece0,87.39858012170384,87.37322515212982,-0.025354969574031827,1.3184584178498993,7.403651115618662,88.71703853955376,pred_66caadfe_5fdb18b2,0.7352941176470562,86.63793103448276,87.37322515212982,sel_c67c0c28_0b7bf856,0.22819472616632716,-0.760649087221088,0.760649087221088,-0.253549695740359,0.507099391480729
0eaaa61bcb6b0fff508d,PubMed,GraphEraser,2024,,GAT,r_point,./selectors/r_point_gat.yaml,af33ba4c4ab691fdb1af14f8b352676bff01bc9c4d5ff5f40ae32e8b90ef182b,sel_aa87f6df_6cdd3d3d,pred_db05370b_f67d59bf,85.47160243407707,87.37322515212982,1.9016227180527423,0.07606490872211769,8.341784989858011,85.5476673427992,pred_19c4302f_ce18703e,1.4452332657200806,85.92799188640974,87.37322515212982,sel_a3452bd1_a882b2b4,0.22819472616632716,0.4563894523326617,0.4563894523326617,1.6734279918864152,1.2170385395537535
071efbe42418def35fee,PubMed,GraphEraser,2024,,GAT,gt_full,./selectors/gt_full_gat.yaml,af33ba4c4ab691fdb1af14f8b352676bff01bc9c4d5ff5f40ae32e8b90ef182b,sel_0e3a58e4_4f32e02f,pred_a3450b5a_447a9f32,85.9787018255578,87.37322515212982,1.3945233265720058,0.5578093306288001,8.012170385395539,86.5365111561866,pred_ff7ac49e_ace0a131,0.7352941176470562,86.63793103448276,87.37322515212982,sel_c67c0c28_0b7bf856,0.22819472616632716,0.6592292089249496,0.6592292089249496,1.1663286004056788,0.507099391480729
86dd674a2f8a48e2a36f,PubMed,GraphEraser,2024,,GIN,r_point,./selectors/r_point_gin.yaml,af33ba4c4ab691fdb1af14f8b352676bff01bc9c4d5ff5f40ae32e8b90ef182b,sel_e0921fbb_e8adb472,pred_12edf74f_2fa8ea65,86.4604462474645,87.37322515212982,0.9127789046653123,0.32961460446246926,7.150101419878297,86.79006085192698,pred_e1b84d58_95531c4f,1.4452332657200806,85.92799188640974,87.37322515212982,sel_a3452bd1_a882b2b4,0.22819472616632716,-0.5324543610547683,0.5324543610547683,0.6845841784989851,1.2170385395537535
ab6ba557fb246e941bbf,PubMed,GraphEraser,2024,,GIN,gt_full,./selectors/gt_full_gin.yaml,af33ba4c4ab691fdb1af14f8b352676bff01bc9c4d5ff5f40ae32e8b90ef182b,sel_21ea1e2e_17a9bccd,pred_21dba769_f96cfab0,87.19574036511156,87.37322515212982,0.1774847870182561,0.4310344827586188,7.505070993914807,87.62677484787018,pred_3adafee9_1e710a82,0.7352941176470562,86.63793103448276,87.37322515212982,sel_c67c0c28_0b7bf856,0.22819472616632716,-0.5578093306288001,0.5578093306288001,-0.050709939148071065,0.507099391480729
463098579aa070888682,PubMed,GraphRevoker,2024,,SGC,r_point,./selectors/r_point_sgc.yaml,af33ba4c4ab691fdb1af14f8b352676bff01bc9c4d5ff5f40ae32e8b90ef182b,sel_bb2f0472_e9b678c3,pred_3b6eee20_8fc72274,86.23225152129818,86.91683569979716,0.6845841784989815,1.9269776876267741,9.203853955375253,88.15922920892496,pred_a2391811_141ec683,1.369168356997963,85.5476673427992,86.91683569979716,sel_a3452bd1_a882b2b4,0.15212981744421686,-0.6845841784989815,0.6845841784989815,0.5324543610547646,1.217038539553746
8f6706c3f6f407071d20,PubMed,GraphRevoker,2024,,SGC,gt_full,./selectors/gt_full_sgc.yaml,af33ba4c4ab691fdb1af14f8b352676bff01bc9c4d5ff5f40ae32e8b90ef182b,sel_2ca80434_6b680cfe,pred_3987ef1f_bc260ca0,86.5365111561866,86.91683569979716,0.380324543610544,2.180527383367137,8.341784989858011,88.71703853955376,pred_66caadfe_5fdb18b2,0.9127789046653123,86.00405679513185,86.91683569979716,sel_c67c0c28_0b7bf856,0.15212981744421686,-0.5324543610547683,0.5324543610547683,0.22819472616632716,0.7606490872210955
222535799afe09f7c598,PubMed,GraphRevoker,2024,,GAT,r_point,./selectors/r_point_gat.yaml,af33ba4c4ab691fdb1af14f8b352676bff01bc9c4d5ff5f40ae32e8b90ef182b,sel_aa87f6df_6cdd3d3d,pred_48d4e33e_0ac2376b,85.52231237322515,86.91683569979716,1.3945233265720058,0.02535496957404293,9.178498985801218,85.5476673427992,pred_19c4302f_ce18703e,1.369168356997963,85.5476673427992,86.91683569979716,sel_a3452bd1_a882b2b4,0.15212981744421686,0.02535496957404293,0.02535496957404293,1.242393509127789,1.217038539553746
eca29027ed91239632d4,PubMed,GraphRevoker,2024,,GAT,gt_full,./selectors/gt_full_gat.yaml,af33ba4c4ab691fdb1af14f8b352676bff01bc9c4d5ff5f40ae32e8b90ef182b,sel_0e3a58e4_4f32e02f,pred_7f88d625_c86112dd,85.9787018255578,86.91683569979716,0.9381338742393441,0.5578093306288001,8.367139959432048,86.5365111561866,pred_ff7ac49e_ace0a131,0.9127789046653123,86.00405679513185,86.91683569979716,sel_c67c0c28_0b7bf856,0.15212981744421686,0.025354969574031827,0.025354969574031827,0.7860040567951273,0.7606490872210955
ee492e07769e7a78f915,PubMed,GraphRevoker,2024,,GIN,r_point,./selectors/r_point_gin.yaml,af33ba4c4ab691fdb1af14f8b352676bff01bc9c4d5ff5f40ae32e8b90ef182b,sel_e0921fbb_e8adb472,pred_a88e3c17_d006972e,83.87423935091279,86.91683569979716,3.0425963488843744,2.915821501014193,8.924949290060852,86.79006085192698,pred_e1b84d58_95531c4f,1.369168356997963,85.5476673427992,86.91683569979716,sel_a3452bd1_a882b2b4,0.15212981744421686,1.6734279918864114,1.6734279918864114,2.8904665314401576,1.217038539553746
8c0d9fac099945e0bfcd,PubMed,GraphRevoker,2024,,GIN,gt_full,./selectors/gt_full_gin.yaml,af33ba4c4ab691fdb1af14f8b352676bff01bc9c4d5ff5f40ae32e8b90ef182b,sel_21ea1e2e_17a9bccd,pred_e11ae988_4ab0f17c,86.30831643002028,86.91683569979716,0.6085192697768749,1.3184584178498993,8.443204868154158,87.62677484787018,pred_3adafee9_1e710a82,0.9127789046653123,86.00405679513185,86.91683569979716,sel_c67c0c28_0b7bf856,0.15212981744421686,-0.30425963488843744,0.30425963488843744,0.45638945233265804,0.7606490872210955
