Phase,Method,Strategy,F1_Drop_Mean,F1_Drop_Std,P_Value_vs_Random,N_Seeds,MIA_AUC_Mean
mg3_citeseer,IDEA,tracin,4.02,0.5801723881744115,0.4563157983413602,5,0.55298
mg3_citeseer,IDEA,random,4.409999999999999,0.6335613624582861,1.0,5,0.5491400000000001
mg3_citeseer,IDEA,im_v4,4.082,0.6769756273308516,0.1747893654562043,5,0.51998
mg3_citeseer,IDEA,hybrid_v4,3.4499999999999997,0.5449770637375485,0.08992551272730619,5,0.5254399999999999
mg3_citeseer,MEGU,tracin,2.9699999999999998,0.39572717874818764,0.14253642523625568,5,0.0
mg3_citeseer,MEGU,hybrid_v4,1.53,0.5316013544000806,0.15113747546212206,5,0.0
mg3_citeseer,MEGU,random,2.25,0.7035623639735143,1.0,5,0.0
mg3_citeseer,MEGU,im_v4,1.4100000000000001,0.5739337940912698,0.004635839417904416,5,0.0
