Phase,Method,Strategy,F1_Drop_Mean,F1_Drop_Std,P_Value_vs_Random,N_Seeds,MIA_AUC_Mean
mg3_gat,IDEA,hybrid_v4,5.902,0.66993731050002,0.11079410833737191,5,0.36024
mg3_gat,IDEA,im_v4,6.4559999999999995,0.332060235499525,0.01068654634448035,5,0.36488
mg3_gat,IDEA,random,5.128000000000001,0.4850319577100049,1.0,5,0.49648000000000003
mg3_gat,IDEA,tracin,5.095999999999999,1.1765474916041427,0.969275699263956,5,0.49901999999999996
mg3_gat,MEGU,im_v4,1.1440000000000001,1.0302155114343796,0.8859516468925177,5,0.0
mg3_gat,MEGU,random,1.18,1.086388512457675,1.0,5,0.0
mg3_gat,MEGU,hybrid_v4,2.472,0.9124341072099397,0.16450626448570393,5,0.0
mg3_gat,MEGU,tracin,0.9240000000000002,0.8233249662192931,0.6349370395057652,5,0.0
