Phase,Method,Strategy,F1_Drop_Mean,F1_Drop_Std,P_Value_vs_Random,N_Seeds,MIA_AUC_Mean
p2_ext,GIF,pagerank,3.3589999999999995,1.641666531302871,0.026267812481978695,10,0.6384449999999999
p2_ext,GIF,degree,3.0620000000000003,1.5273886211439447,0.038668803540115156,10,0.638195
p2_ext,GIF,im_v4,2.769,0.4887218022556391,0.01572567368005506,10,0.6456600000000001
p2_ext,GIF,tracin,1.8080000000000003,0.5656818894042835,0.6439505237029561,10,0.642315
p2_ext,GIF,hybrid_v4,2.802,0.5954628451885138,0.004056976713896415,10,0.648185
p2_ext,GIF,random,1.698,0.7088836293779113,1.0,10,0.63954
