{
  "config": {
    "dataset_name": "cora",
    "base_model": "GAT",
    "unlearning_methods": "MEGU",
    "unlearn_ratio": 0.05,
    "random_seed": 1337,
    "strategies_requested": [
      "random",
      "tracin",
      "im_v4",
      "hybrid_v4"
    ]
  },
  "results": [
    {
      "strategy": "random",
      "perf_before": 0.8911439114391144,
      "perf_retrain": 0.8819188191881918,
      "perf_unlearn": 0.8690036900369004,
      "drop_retrain": 0.009225092250922606,
      "gap": 0.012915129151291449,
      "gap_pct": 1.4644351464435075,
      "mean_pred_shift": 0.055842939764261246,
      "max_pred_shift": 0.7702769637107849,
      "fraction_flipped": 0.03926320746541023
    },
    {
      "strategy": "tracin",
      "perf_before": 0.8856088560885609,
      "perf_retrain": 0.8856088560885609,
      "perf_unlearn": 0.8487084870848709,
      "drop_retrain": 0.0,
      "gap": 0.03690036900368998,
      "gap_pct": 4.16666666666666,
      "mean_pred_shift": 0.1050046980381012,
      "max_pred_shift": 0.8920753598213196,
      "fraction_flipped": 0.04628261923789978
    },
    {
      "strategy": "hybrid",
      "perf_before": 0.8782287822878229,
      "perf_retrain": 0.8874538745387455,
      "perf_unlearn": 0.8690036900369004,
      "drop_retrain": -0.009225092250922606,
      "gap": 0.0184501845018451,
      "gap_pct": 2.079002079002088,
      "mean_pred_shift": 0.07991764694452286,
      "max_pred_shift": 0.8236865401268005,
      "fraction_flipped": 0.05465288087725639
    },
    {
      "strategy": "im",
      "perf_before": 0.8763837638376384,
      "perf_retrain": 0.8690036900369004,
      "perf_unlearn": 0.8634686346863468,
      "drop_retrain": 0.0073800738007380184,
      "gap": 0.005535055350553542,
      "gap_pct": 0.6369426751592397,
      "mean_pred_shift": 0.09067422896623611,
      "max_pred_shift": 0.9974911212921143,
      "fraction_flipped": 0.06942392885684967
    }
  ],
  "timestamp": "2026-02-24T18:59:55.914773",
  "repair_meta": {
    "repair_mode": true,
    "dry_run": false,
    "requested": 4,
    "completed_before": 2,
    "executed_now": 0,
    "missing_before": 2
  }
}