{
  "config": {
    "dataset_name": "cora",
    "base_model": "GAT",
    "unlearning_methods": "MEGU",
    "unlearn_ratio": 0.05,
    "random_seed": 212,
    "strategies_requested": [
      "random",
      "tracin",
      "im",
      "hybrid"
    ]
  },
  "results": [
    {
      "strategy": "random",
      "perf_before": 0.8837638376383764,
      "perf_retrain": 0.8837638376383764,
      "perf_unlearn": 0.8892988929889298,
      "drop_retrain": 0.0,
      "gap": -0.0055350553505534306,
      "gap_pct": -0.6263048016701377,
      "mean_pred_shift": 0.051766443997621536,
      "max_pred_shift": 0.7032334804534912,
      "fraction_flipped": 0.032961707562208176
    },
    {
      "strategy": "tracin",
      "perf_before": 0.8911439114391144,
      "perf_retrain": 0.8653136531365314,
      "perf_unlearn": 0.8653136531365314,
      "drop_retrain": 0.02583025830258301,
      "gap": 0.0,
      "gap_pct": 0.0,
      "mean_pred_shift": 0.10124187171459198,
      "max_pred_shift": 0.7797966599464417,
      "fraction_flipped": 0.03791235759854317
    },
    {
      "strategy": "im",
      "perf_before": 0.8856088560885609,
      "perf_retrain": 0.8800738007380073,
      "perf_unlearn": 0.8856088560885609,
      "drop_retrain": 0.005535055350553542,
      "gap": -0.005535055350553542,
      "gap_pct": -0.628930817610067,
      "mean_pred_shift": 0.05876237899065018,
      "max_pred_shift": 0.8592135310173035,
      "fraction_flipped": 0.04234367236495018
    },
    {
      "strategy": "hybrid",
      "perf_before": 0.8929889298892989,
      "perf_retrain": 0.8745387453874539,
      "perf_unlearn": 0.8819188191881918,
      "drop_retrain": 0.01845018450184499,
      "gap": -0.007380073800737907,
      "gap_pct": -0.8438818565400729,
      "mean_pred_shift": 0.04585186019539833,
      "max_pred_shift": 0.8056150674819946,
      "fraction_flipped": 0.024618415161967278
    }
  ],
  "timestamp": "2026-02-22T19:07:42.784822",
  "repair_meta": {
    "repair_mode": true,
    "dry_run": false,
    "requested": 4,
    "completed_before": 0,
    "executed_now": 4,
    "missing_before": 4
  }
}