{
  "config": {
    "dataset_name": "cora",
    "base_model": "GAT",
    "unlearning_methods": "MEGU",
    "unlearn_ratio": 0.05,
    "random_seed": 42,
    "strategies_requested": [
      "random",
      "tracin",
      "im_v4",
      "hybrid_v4"
    ]
  },
  "results": [
    {
      "strategy": "random",
      "perf_before": 0.8837638376383764,
      "perf_retrain": 0.8837638376383764,
      "perf_unlearn": 0.8726937269372693,
      "drop_retrain": 0.0,
      "gap": 0.011070110701107083,
      "gap_pct": 1.2526096033403005,
      "mean_pred_shift": 0.08666998147964478,
      "max_pred_shift": 0.7315381169319153,
      "fraction_flipped": 0.041767846792936325
    },
    {
      "strategy": "tracin",
      "perf_before": 0.8819188191881918,
      "perf_retrain": 0.8782287822878229,
      "perf_unlearn": 0.8856088560885609,
      "drop_retrain": 0.0036900369003689537,
      "gap": -0.0073800738007380184,
      "gap_pct": -0.8403361344537829,
      "mean_pred_shift": 0.044366829097270966,
      "max_pred_shift": 0.9578246474266052,
      "fraction_flipped": 0.028064992278814316
    },
    {
      "strategy": "hybrid",
      "perf_before": 0.8819188191881918,
      "perf_retrain": 0.8911439114391144,
      "perf_unlearn": 0.9003690036900369,
      "drop_retrain": -0.009225092250922606,
      "gap": -0.009225092250922495,
      "gap_pct": -1.035196687370599,
      "mean_pred_shift": 0.06370743364095688,
      "max_pred_shift": 0.6473560929298401,
      "fraction_flipped": 0.03840472549200058
    },
    {
      "strategy": "im",
      "perf_before": 0.8800738007380073,
      "perf_retrain": 0.8800738007380073,
      "perf_unlearn": 0.8782287822878229,
      "drop_retrain": 0.0,
      "gap": 0.0018450184501844769,
      "gap_pct": 0.20964360587001812,
      "mean_pred_shift": 0.06465636938810349,
      "max_pred_shift": 0.9850318431854248,
      "fraction_flipped": 0.04480551555752754
    }
  ],
  "timestamp": "2026-02-24T18:59:28.289085",
  "repair_meta": {
    "repair_mode": true,
    "dry_run": false,
    "requested": 4,
    "completed_before": 2,
    "executed_now": 0,
    "missing_before": 2
  }
}