{
  "config": {
    "dataset_name": "cora",
    "base_model": "GCN",
    "unlearning_methods": "GNNDelete",
    "unlearn_ratio": 0.01,
    "random_seed": 42,
    "strategies_requested": [
      "random",
      "degree",
      "pagerank",
      "tracin",
      "im_v4",
      "hybrid_v4"
    ]
  },
  "results": [
    {
      "strategy": "random",
      "perf_before": 0.8892988929889298,
      "perf_retrain": 0.8856088560885609,
      "perf_unlearn": 0.8247232472324724,
      "drop_retrain": 0.0036900369003689537,
      "gap": 0.06088560885608851,
      "gap_pct": 6.874999999999995,
      "mean_pred_shift": 0.19834819436073303,
      "max_pred_shift": 0.9681501984596252,
      "fraction_flipped": 0.09150326997041702
    },
    {
      "strategy": "degree",
      "perf_before": 0.8874538745387455,
      "perf_retrain": 0.8948339483394835,
      "perf_unlearn": 0.8173431734317345,
      "drop_retrain": -0.0073800738007380184,
      "gap": 0.07749077490774903,
      "gap_pct": 8.659793814432982,
      "mean_pred_shift": 0.34616678953170776,
      "max_pred_shift": 0.93113112449646,
      "fraction_flipped": 0.1198694035410881
    },
    {
      "strategy": "pagerank",
      "perf_before": 0.8929889298892989,
      "perf_retrain": 0.8874538745387455,
      "perf_unlearn": 0.7453874538745388,
      "drop_retrain": 0.0055350553505534306,
      "gap": 0.14206642066420672,
      "gap_pct": 16.008316008316015,
      "mean_pred_shift": 0.3877219557762146,
      "max_pred_shift": 0.9603941440582275,
      "fraction_flipped": 0.21222014725208282
    },
    {
      "strategy": "tracin",
      "perf_before": 0.8892988929889298,
      "perf_retrain": 0.8856088560885609,
      "perf_unlearn": 0.8376383763837638,
      "drop_retrain": 0.0036900369003689537,
      "gap": 0.047970479704797064,
      "gap_pct": 5.416666666666668,
      "mean_pred_shift": 0.12741006910800934,
      "max_pred_shift": 0.9095216393470764,
      "fraction_flipped": 0.08648901432752609
    }
  ],
  "timestamp": "2026-02-24T19:28:56.779732",
  "repair_meta": {
    "repair_mode": true,
    "dry_run": false,
    "requested": 6,
    "completed_before": 0,
    "executed_now": 4,
    "missing_before": 6
  }
}