{
  "config": {
    "dataset_name": "citeseer",
    "base_model": "GCN",
    "unlearning_methods": "MEGU",
    "unlearn_ratio": 0.05,
    "random_seed": 1337,
    "baseline_k": 5,
    "strategies_requested": [
      "im_v4",
      "tracin",
      "hybrid_v4"
    ]
  },
  "results": [
    {
      "strategy": "im_v4",
      "baseline_f1_after": 0.718018018018018,
      "attack_f1_after": 0.7177,
      "gap": -0.000318018018018007,
      "relative_f1_drop": 0.000318018018018007
    },
    {
      "strategy": "tracin",
      "baseline_f1_after": 0.718018018018018,
      "attack_f1_after": 0.7102,
      "gap": -0.007818018018017958,
      "relative_f1_drop": 0.007818018018017958
    },
    {
      "strategy": "hybrid_v4",
      "baseline_f1_after": 0.718018018018018,
      "attack_f1_after": 0.7267,
      "gap": 0.008681981981982001,
      "relative_f1_drop": -0.008681981981982001
    }
  ],
  "timestamp": "2026-02-26T04:29:40.600184"
}