{
  "config": {
    "dataset_name": "citeseer",
    "base_model": "GCN",
    "unlearning_methods": "MEGU",
    "unlearn_ratio": 0.05,
    "random_seed": 212,
    "baseline_k": 5,
    "strategies_requested": [
      "im_v4",
      "tracin",
      "hybrid_v4"
    ]
  },
  "results": [
    {
      "strategy": "im_v4",
      "baseline_f1_after": 0.718018018018018,
      "attack_f1_after": 0.7207,
      "gap": 0.0026819819819819957,
      "relative_f1_drop": -0.0026819819819819957
    },
    {
      "strategy": "tracin",
      "baseline_f1_after": 0.718018018018018,
      "attack_f1_after": 0.7057,
      "gap": -0.012318018018018018,
      "relative_f1_drop": 0.012318018018018018
    },
    {
      "strategy": "hybrid_v4",
      "baseline_f1_after": 0.718018018018018,
      "attack_f1_after": 0.7192,
      "gap": 0.0011819819819819388,
      "relative_f1_drop": -0.0011819819819819388
    }
  ],
  "timestamp": "2026-02-26T04:29:23.103289"
}