{
  "config": {
    "dataset_name": "citeseer",
    "base_model": "GCN",
    "unlearning_methods": "MEGU",
    "unlearn_ratio": 0.05,
    "random_seed": 2024,
    "baseline_k": 5,
    "strategies_requested": [
      "im_v4",
      "tracin",
      "hybrid_v4"
    ]
  },
  "results": [
    {
      "strategy": "im_v4",
      "baseline_f1_after": 0.718018018018018,
      "attack_f1_after": 0.7222,
      "gap": 0.0041819819819819415,
      "relative_f1_drop": -0.0041819819819819415
    },
    {
      "strategy": "tracin",
      "baseline_f1_after": 0.718018018018018,
      "attack_f1_after": 0.7147,
      "gap": -0.0033180180180180097,
      "relative_f1_drop": 0.0033180180180180097
    },
    {
      "strategy": "hybrid_v4",
      "baseline_f1_after": 0.718018018018018,
      "attack_f1_after": 0.7237,
      "gap": 0.005681981981981998,
      "relative_f1_drop": -0.005681981981981998
    }
  ],
  "timestamp": "2026-02-26T04:29:49.357008"
}