{
  "config": {
    "dataset_name": "citeseer",
    "base_model": "GCN",
    "unlearning_methods": "MEGU",
    "unlearn_ratio": 0.05,
    "random_seed": 42,
    "strategies_requested": [
      "random",
      "tracin",
      "im",
      "hybrid"
    ]
  },
  "results": [
    {
      "strategy": "random",
      "perf_before": 0.7342342342342343,
      "perf_retrain": 0.7267267267267268,
      "perf_unlearn": 0.7372372372372372,
      "drop_retrain": 0.007507507507507505,
      "gap": -0.01051051051051044,
      "gap_pct": -1.4462809917355273,
      "mean_pred_shift": 0.028673959895968437,
      "max_pred_shift": 0.6495751142501831,
      "fraction_flipped": 0.039810799062252045
    },
    {
      "strategy": "tracin",
      "perf_before": 0.7357357357357357,
      "perf_retrain": 0.7372372372372372,
      "perf_unlearn": 0.7372372372372372,
      "drop_retrain": -0.0015015015015015232,
      "gap": 0.0,
      "gap_pct": 0.0,
      "mean_pred_shift": 0.04411890357732773,
      "max_pred_shift": 0.8869253396987915,
      "fraction_flipped": 0.030460922047495842
    },
    {
      "strategy": "im",
      "perf_before": 0.7357357357357357,
      "perf_retrain": 0.7207207207207207,
      "perf_unlearn": 0.7282282282282283,
      "drop_retrain": 0.01501501501501501,
      "gap": -0.007507507507507616,
      "gap_pct": -1.0416666666666816,
      "mean_pred_shift": 0.03203693404793739,
      "max_pred_shift": 0.6949557662010193,
      "fraction_flipped": 0.039278555661439896
    },
    {
      "strategy": "hybrid",
      "perf_before": 0.7312312312312313,
      "perf_retrain": 0.7237237237237237,
      "perf_unlearn": 0.7402402402402404,
      "drop_retrain": 0.007507507507507616,
      "gap": -0.016516516516516644,
      "gap_pct": -2.2821576763485654,
      "mean_pred_shift": 0.03359556198120117,
      "max_pred_shift": 0.6828162670135498,
      "fraction_flipped": 0.03647294640541077
    }
  ],
  "timestamp": "2026-02-22T19:03:18.722805",
  "repair_meta": {
    "repair_mode": true,
    "dry_run": false,
    "requested": 4,
    "completed_before": 0,
    "executed_now": 4,
    "missing_before": 4
  }
}