{
  "config": {
    "dataset_name": "citeseer",
    "base_model": "GCN",
    "unlearning_methods": "MEGU",
    "unlearn_ratio": 0.05,
    "random_seed": 2024,
    "strategies_requested": [
      "random",
      "tracin",
      "im_v4",
      "hybrid_v4"
    ]
  },
  "results": [
    {
      "strategy": "random",
      "perf_before": 0.7327327327327328,
      "perf_retrain": 0.7297297297297297,
      "perf_unlearn": 0.7312312312312313,
      "drop_retrain": 0.0030030030030030463,
      "gap": -0.0015015015015016342,
      "gap_pct": -0.20576131687244617,
      "mean_pred_shift": 0.024017516523599625,
      "max_pred_shift": 0.6377249956130981,
      "fraction_flipped": 0.03643564507365227
    },
    {
      "strategy": "tracin",
      "perf_before": 0.7372372372372372,
      "perf_retrain": 0.7282282282282283,
      "perf_unlearn": 0.7297297297297297,
      "drop_retrain": 0.009009009009008917,
      "gap": -0.0015015015015014122,
      "gap_pct": -0.20618556701029697,
      "mean_pred_shift": 0.04730312526226044,
      "max_pred_shift": 0.8911759257316589,
      "fraction_flipped": 0.031663328409194946
    },
    {
      "strategy": "hybrid",
      "perf_before": 0.7297297297297297,
      "perf_retrain": 0.7192192192192193,
      "perf_unlearn": 0.7342342342342343,
      "drop_retrain": 0.01051051051051044,
      "gap": -0.01501501501501501,
      "gap_pct": -2.0876826722338193,
      "mean_pred_shift": 0.02799590304493904,
      "max_pred_shift": 0.5834029912948608,
      "fraction_flipped": 0.034869737923145294
    },
    {
      "strategy": "im",
      "perf_before": 0.7357357357357357,
      "perf_retrain": 0.7282282282282283,
      "perf_unlearn": 0.7297297297297297,
      "drop_retrain": 0.007507507507507394,
      "gap": -0.0015015015015014122,
      "gap_pct": -0.20618556701029697,
      "mean_pred_shift": 0.027614343911409378,
      "max_pred_shift": 0.6872881650924683,
      "fraction_flipped": 0.034869737923145294
    }
  ],
  "timestamp": "2026-02-24T18:58:32.554094",
  "repair_meta": {
    "repair_mode": true,
    "dry_run": false,
    "requested": 4,
    "completed_before": 2,
    "executed_now": 0,
    "missing_before": 2
  }
}