{
  "config": {
    "dataset_name": "cora",
    "base_model": "GCN",
    "unlearning_methods": "GIF",
    "unlearn_ratio": 0.2,
    "random_seed": 212,
    "baseline_k": 5,
    "strategies_requested": [
      "im_v4",
      "tracin",
      "hybrid_v4"
    ]
  },
  "results": [
    {
      "strategy": "im_v4",
      "baseline_f1_after": 0.8797047970479704,
      "attack_f1_after": 0.8579,
      "gap": -0.021804797047970448,
      "relative_f1_drop": 0.021804797047970448
    },
    {
      "strategy": "tracin",
      "baseline_f1_after": 0.8797047970479704,
      "attack_f1_after": 0.8838,
      "gap": 0.004095202952029586,
      "relative_f1_drop": -0.004095202952029586
    },
    {
      "strategy": "hybrid_v4",
      "baseline_f1_after": 0.8797047970479704,
      "attack_f1_after": 0.8616,
      "gap": -0.01810479704797041,
      "relative_f1_drop": 0.01810479704797041
    }
  ],
  "timestamp": "2026-02-26T04:33:06.010599"
}