{
  "config": {
    "dataset_name": "cora",
    "base_model": "GCN",
    "unlearning_methods": "GIF",
    "unlearn_ratio": 0.05,
    "random_seed": 212,
    "baseline_k": 5,
    "strategies_requested": [
      "im_v4",
      "tracin",
      "hybrid_v4"
    ]
  },
  "results": [
    {
      "strategy": "im_v4",
      "baseline_f1_after": 0.8797047970479704,
      "attack_f1_after": 0.869,
      "gap": -0.010704797047970449,
      "relative_f1_drop": 0.010704797047970449
    },
    {
      "strategy": "tracin",
      "baseline_f1_after": 0.8797047970479704,
      "attack_f1_after": 0.8727,
      "gap": -0.0070047970479704125,
      "relative_f1_drop": 0.0070047970479704125
    },
    {
      "strategy": "hybrid_v4",
      "baseline_f1_after": 0.8797047970479704,
      "attack_f1_after": 0.8708,
      "gap": -0.008904797047970425,
      "relative_f1_drop": 0.008904797047970425
    }
  ],
  "timestamp": "2026-02-26T04:20:41.020083"
}