{
  "config": {
    "dataset_name": "cora",
    "base_model": "GCN",
    "unlearning_methods": "GIF",
    "unlearn_ratio": 0.2,
    "random_seed": 42,
    "baseline_k": 5,
    "strategies_requested": [
      "im_v4",
      "tracin",
      "hybrid_v4"
    ]
  },
  "results": [
    {
      "strategy": "im_v4",
      "baseline_f1_after": 0.8797047970479704,
      "attack_f1_after": 0.8616,
      "gap": -0.01810479704797041,
      "relative_f1_drop": 0.01810479704797041
    },
    {
      "strategy": "tracin",
      "baseline_f1_after": 0.8797047970479704,
      "attack_f1_after": 0.8819,
      "gap": 0.0021952029520295735,
      "relative_f1_drop": -0.0021952029520295735
    },
    {
      "strategy": "hybrid_v4",
      "baseline_f1_after": 0.8797047970479704,
      "attack_f1_after": 0.8672,
      "gap": -0.012504797047970473,
      "relative_f1_drop": 0.012504797047970473
    }
  ],
  "timestamp": "2026-02-26T04:32:57.114747"
}