{
  "config": {
    "dataset_name": "cora",
    "base_model": "GCN",
    "unlearning_methods": "GIF",
    "unlearn_ratio": 0.05,
    "random_seed": 1337,
    "baseline_k": 5,
    "strategies_requested": [
      "im_v4",
      "tracin",
      "hybrid_v4"
    ]
  },
  "results": [
    {
      "strategy": "im_v4",
      "baseline_f1_after": 0.8797047970479704,
      "attack_f1_after": 0.8635,
      "gap": -0.0162047970479704,
      "relative_f1_drop": 0.0162047970479704
    },
    {
      "strategy": "tracin",
      "baseline_f1_after": 0.8797047970479704,
      "attack_f1_after": 0.8819,
      "gap": 0.0021952029520295735,
      "relative_f1_drop": -0.0021952029520295735
    },
    {
      "strategy": "hybrid_v4",
      "baseline_f1_after": 0.8797047970479704,
      "attack_f1_after": 0.8542,
      "gap": -0.025504797047970484,
      "relative_f1_drop": 0.025504797047970484
    }
  ],
  "timestamp": "2026-02-26T04:31:51.231634"
}