{
  "config": {
    "dataset_name": "cora",
    "base_model": "GCN",
    "unlearning_methods": "GIF",
    "unlearn_ratio": 0.1,
    "random_seed": 212,
    "baseline_k": 5,
    "strategies_requested": [
      "im_v4",
      "tracin",
      "hybrid_v4"
    ]
  },
  "results": [
    {
      "strategy": "im_v4",
      "baseline_f1_after": 0.8797047970479704,
      "attack_f1_after": 0.8635,
      "gap": -0.0162047970479704,
      "relative_f1_drop": 0.0162047970479704
    },
    {
      "strategy": "tracin",
      "baseline_f1_after": 0.8797047970479704,
      "attack_f1_after": 0.8708,
      "gap": -0.008904797047970425,
      "relative_f1_drop": 0.008904797047970425
    },
    {
      "strategy": "hybrid_v4",
      "baseline_f1_after": 0.8797047970479704,
      "attack_f1_after": 0.8635,
      "gap": -0.0162047970479704,
      "relative_f1_drop": 0.0162047970479704
    }
  ],
  "timestamp": "2026-02-26T04:32:19.204667"
}