{
  "config": {
    "dataset_name": "cora",
    "base_model": "GCN",
    "unlearning_methods": "GIF",
    "unlearn_ratio": 0.01,
    "random_seed": 1337,
    "baseline_k": 5,
    "strategies_requested": [
      "im_v4",
      "tracin",
      "hybrid_v4"
    ]
  },
  "results": [
    {
      "strategy": "im_v4",
      "baseline_f1_after": 0.8797047970479704,
      "attack_f1_after": 0.8542,
      "gap": -0.025504797047970484,
      "relative_f1_drop": 0.025504797047970484
    },
    {
      "strategy": "tracin",
      "baseline_f1_after": 0.8797047970479704,
      "attack_f1_after": 0.8579,
      "gap": -0.021804797047970448,
      "relative_f1_drop": 0.021804797047970448
    },
    {
      "strategy": "hybrid_v4",
      "baseline_f1_after": 0.8797047970479704,
      "attack_f1_after": 0.8579,
      "gap": -0.021804797047970448,
      "relative_f1_drop": 0.021804797047970448
    }
  ],
  "timestamp": "2026-02-26T04:31:07.532844"
}