{
  "config": {
    "dataset_name": "cora",
    "base_model": "GCN",
    "unlearning_methods": "GIF",
    "unlearn_ratio": 0.1,
    "random_seed": 2024,
    "baseline_k": 5,
    "strategies_requested": [
      "im_v4",
      "tracin",
      "hybrid_v4"
    ]
  },
  "results": [
    {
      "strategy": "im_v4",
      "baseline_f1_after": 0.8797047970479704,
      "attack_f1_after": 0.8561,
      "gap": -0.02360479704797047,
      "relative_f1_drop": 0.02360479704797047
    },
    {
      "strategy": "tracin",
      "baseline_f1_after": 0.8797047970479704,
      "attack_f1_after": 0.869,
      "gap": -0.010704797047970449,
      "relative_f1_drop": 0.010704797047970449
    },
    {
      "strategy": "hybrid_v4",
      "baseline_f1_after": 0.8797047970479704,
      "attack_f1_after": 0.8561,
      "gap": -0.02360479704797047,
      "relative_f1_drop": 0.02360479704797047
    }
  ],
  "timestamp": "2026-02-26T04:32:47.716279"
}