{
  "config": {
    "dataset_name": "cora",
    "base_model": "GCN",
    "unlearning_methods": "GIF",
    "unlearn_ratio": 0.05,
    "random_seed": 722,
    "baseline_k": 5,
    "strategies_requested": [
      "random",
      "tracin",
      "im_v4",
      "hybrid_v4"
    ]
  },
  "results": [
    {
      "strategy": "random",
      "baseline_f1_after": 0.8797047970479704,
      "attack_f1_after": 0.8727,
      "gap": -0.0070047970479704125,
      "relative_f1_drop": 0.0070047970479704125
    },
    {
      "strategy": "tracin",
      "baseline_f1_after": 0.8797047970479704,
      "attack_f1_after": 0.8395,
      "gap": -0.04020479704797042,
      "relative_f1_drop": 0.04020479704797042
    },
    {
      "strategy": "im_v4",
      "baseline_f1_after": 0.8797047970479704,
      "attack_f1_after": 0.8653,
      "gap": -0.014404797047970486,
      "relative_f1_drop": 0.014404797047970486
    },
    {
      "strategy": "hybrid_v4",
      "baseline_f1_after": 0.8797047970479704,
      "attack_f1_after": 0.869,
      "gap": -0.010704797047970449,
      "relative_f1_drop": 0.010704797047970449
    }
  ],
  "timestamp": "2026-02-28T06:18:52.673180"
}