{
  "config": {
    "dataset_name": "cora",
    "base_model": "GCN",
    "unlearning_methods": "GIF",
    "unlearn_ratio": 0.01,
    "random_seed": 722,
    "baseline_k": 5,
    "strategies_requested": [
      "im_v4",
      "tracin",
      "hybrid_v4"
    ]
  },
  "results": [
    {
      "strategy": "im_v4",
      "baseline_f1_after": 0.8797047970479704,
      "attack_f1_after": 0.8672,
      "gap": -0.012504797047970473,
      "relative_f1_drop": 0.012504797047970473
    },
    {
      "strategy": "tracin",
      "baseline_f1_after": 0.8797047970479704,
      "attack_f1_after": 0.869,
      "gap": -0.010704797047970449,
      "relative_f1_drop": 0.010704797047970449
    },
    {
      "strategy": "hybrid_v4",
      "baseline_f1_after": 0.8797047970479704,
      "attack_f1_after": 0.8635,
      "gap": -0.0162047970479704,
      "relative_f1_drop": 0.0162047970479704
    }
  ],
  "timestamp": "2026-02-26T04:30:58.778074"
}