{
  "config": {
    "dataset_name": "cora",
    "base_model": "GCN",
    "unlearning_methods": "GIF",
    "unlearn_ratio": 0.01,
    "random_seed": 2024,
    "baseline_k": 5,
    "strategies_requested": [
      "im_v4",
      "tracin",
      "hybrid_v4"
    ]
  },
  "results": [
    {
      "strategy": "im_v4",
      "baseline_f1_after": 0.8797047970479704,
      "attack_f1_after": 0.8524,
      "gap": -0.027304797047970397,
      "relative_f1_drop": 0.027304797047970397
    },
    {
      "strategy": "tracin",
      "baseline_f1_after": 0.8797047970479704,
      "attack_f1_after": 0.8542,
      "gap": -0.025504797047970484,
      "relative_f1_drop": 0.025504797047970484
    },
    {
      "strategy": "hybrid_v4",
      "baseline_f1_after": 0.8797047970479704,
      "attack_f1_after": 0.8561,
      "gap": -0.02360479704797047,
      "relative_f1_drop": 0.02360479704797047
    }
  ],
  "timestamp": "2026-02-26T04:31:16.162975"
}