{
  "config": {
    "dataset_name": "cora",
    "base_model": "GCN",
    "unlearning_methods": "GIF",
    "unlearn_ratio": 0.1,
    "random_seed": 1337,
    "baseline_k": 5,
    "strategies_requested": [
      "im_v4",
      "tracin",
      "hybrid_v4"
    ]
  },
  "results": [
    {
      "strategy": "im_v4",
      "baseline_f1_after": 0.8797047970479704,
      "attack_f1_after": 0.8598,
      "gap": -0.019904797047970435,
      "relative_f1_drop": 0.019904797047970435
    },
    {
      "strategy": "tracin",
      "baseline_f1_after": 0.8797047970479704,
      "attack_f1_after": 0.8727,
      "gap": -0.0070047970479704125,
      "relative_f1_drop": 0.0070047970479704125
    },
    {
      "strategy": "hybrid_v4",
      "baseline_f1_after": 0.8797047970479704,
      "attack_f1_after": 0.8579,
      "gap": -0.021804797047970448,
      "relative_f1_drop": 0.021804797047970448
    }
  ],
  "timestamp": "2026-02-26T04:32:38.317541"
}