{
  "config": {
    "dataset_name": "citeseer",
    "base_model": "GCN",
    "unlearning_methods": "GIF",
    "unlearn_ratio": 0.05,
    "random_seed": 2024,
    "baseline_k": 5,
    "strategies_requested": [
      "im_v4",
      "tracin",
      "hybrid_v4"
    ]
  },
  "results": [
    {
      "strategy": "im_v4",
      "baseline_f1_after": 0.709009009009009,
      "attack_f1_after": 0.7117,
      "gap": 0.0026909909909910157,
      "relative_f1_drop": -0.0026909909909910157
    },
    {
      "strategy": "tracin",
      "baseline_f1_after": 0.709009009009009,
      "attack_f1_after": 0.7057,
      "gap": -0.0033090090090089896,
      "relative_f1_drop": 0.0033090090090089896
    },
    {
      "strategy": "hybrid_v4",
      "baseline_f1_after": 0.709009009009009,
      "attack_f1_after": 0.7117,
      "gap": 0.0026909909909910157,
      "relative_f1_drop": -0.0026909909909910157
    }
  ],
  "timestamp": "2026-02-26T04:23:40.837030"
}