{
  "config": {
    "dataset_name": "citeseer",
    "base_model": "GCN",
    "unlearning_methods": "GIF",
    "unlearn_ratio": 0.05,
    "random_seed": 1337,
    "baseline_k": 5,
    "strategies_requested": [
      "im_v4",
      "tracin",
      "hybrid_v4"
    ]
  },
  "results": [
    {
      "strategy": "im_v4",
      "baseline_f1_after": 0.709009009009009,
      "attack_f1_after": 0.7072,
      "gap": -0.0018090090090089328,
      "relative_f1_drop": 0.0018090090090089328
    },
    {
      "strategy": "tracin",
      "baseline_f1_after": 0.709009009009009,
      "attack_f1_after": 0.7027,
      "gap": -0.006309009009008992,
      "relative_f1_drop": 0.006309009009008992
    },
    {
      "strategy": "hybrid_v4",
      "baseline_f1_after": 0.709009009009009,
      "attack_f1_after": 0.7057,
      "gap": -0.0033090090090089896,
      "relative_f1_drop": 0.0033090090090089896
    }
  ],
  "timestamp": "2026-02-26T04:23:31.300748"
}