{
  "config": {
    "dataset_name": "cora",
    "base_model": "GAT",
    "unlearning_methods": "GNNDelete",
    "unlearn_ratio": 0.05,
    "random_seed": 722,
    "baseline_k": 5,
    "strategies_requested": [
      "im_v4",
      "tracin",
      "hybrid_v4"
    ]
  },
  "results": [
    {
      "strategy": "im_v4",
      "baseline_f1_after": 0.15350553505535056,
      "attack_f1_after": 0.6734,
      "gap": 0.5198944649446494,
      "relative_f1_drop": -0.5198944649446494
    },
    {
      "strategy": "tracin",
      "baseline_f1_after": 0.15350553505535056,
      "attack_f1_after": 0.7491,
      "gap": 0.5955944649446494,
      "relative_f1_drop": -0.5955944649446494
    },
    {
      "strategy": "hybrid_v4",
      "baseline_f1_after": 0.15350553505535056,
      "attack_f1_after": 0.6808,
      "gap": 0.5272944649446494,
      "relative_f1_drop": -0.5272944649446494
    }
  ],
  "timestamp": "2026-02-26T04:26:28.059212"
}