{
  "config": {
    "dataset_name": "cora",
    "base_model": "GAT",
    "unlearning_methods": "MEGU",
    "unlearn_ratio": 0.05,
    "random_seed": 1337,
    "baseline_k": 5,
    "strategies_requested": [
      "im_v4",
      "tracin",
      "hybrid_v4"
    ]
  },
  "results": [
    {
      "strategy": "im_v4",
      "baseline_f1_after": 0.8749077490774908,
      "attack_f1_after": 0.8745,
      "gap": -0.00040774907749074885,
      "relative_f1_drop": 0.00040774907749074885
    },
    {
      "strategy": "tracin",
      "baseline_f1_after": 0.8749077490774908,
      "attack_f1_after": 0.869,
      "gap": -0.005907749077490809,
      "relative_f1_drop": 0.005907749077490809
    },
    {
      "strategy": "hybrid_v4",
      "baseline_f1_after": 0.8749077490774908,
      "attack_f1_after": 0.8487,
      "gap": -0.026207749077490794,
      "relative_f1_drop": 0.026207749077490794
    }
  ],
  "timestamp": "2026-02-26T04:30:24.157343"
}