{
  "config": {
    "dataset_name": "cora",
    "base_model": "GAT",
    "unlearning_methods": "MEGU",
    "unlearn_ratio": 0.05,
    "random_seed": 2024,
    "baseline_k": 5,
    "strategies_requested": [
      "im_v4",
      "tracin",
      "hybrid_v4"
    ]
  },
  "results": [
    {
      "strategy": "im_v4",
      "baseline_f1_after": 0.8749077490774908,
      "attack_f1_after": 0.869,
      "gap": -0.005907749077490809,
      "relative_f1_drop": 0.005907749077490809
    },
    {
      "strategy": "tracin",
      "baseline_f1_after": 0.8749077490774908,
      "attack_f1_after": 0.8672,
      "gap": -0.007707749077490833,
      "relative_f1_drop": 0.007707749077490833
    },
    {
      "strategy": "hybrid_v4",
      "baseline_f1_after": 0.8749077490774908,
      "attack_f1_after": 0.8579,
      "gap": -0.017007749077490808,
      "relative_f1_drop": 0.017007749077490808
    }
  ],
  "timestamp": "2026-02-26T04:30:32.824069"
}