{
  "config": {
    "dataset_name": "cora",
    "base_model": "GAT",
    "unlearning_methods": "MEGU",
    "unlearn_ratio": 0.05,
    "random_seed": 212,
    "baseline_k": 5,
    "strategies_requested": [
      "im_v4",
      "tracin",
      "hybrid_v4"
    ]
  },
  "results": [
    {
      "strategy": "im_v4",
      "baseline_f1_after": 0.8749077490774908,
      "attack_f1_after": 0.8745,
      "gap": -0.00040774907749074885,
      "relative_f1_drop": 0.00040774907749074885
    },
    {
      "strategy": "tracin",
      "baseline_f1_after": 0.8749077490774908,
      "attack_f1_after": 0.8708,
      "gap": -0.0041077490774907854,
      "relative_f1_drop": 0.0041077490774907854
    },
    {
      "strategy": "hybrid_v4",
      "baseline_f1_after": 0.8749077490774908,
      "attack_f1_after": 0.8616,
      "gap": -0.013307749077490771,
      "relative_f1_drop": 0.013307749077490771
    }
  ],
  "timestamp": "2026-02-26T04:30:06.753259"
}