{
  "config": {
    "dataset_name": "cora",
    "base_model": "GAT",
    "unlearning_methods": "MEGU",
    "unlearn_ratio": 0.05,
    "random_seed": 722,
    "baseline_k": 5,
    "strategies_requested": [
      "im_v4",
      "tracin",
      "hybrid_v4"
    ]
  },
  "results": [
    {
      "strategy": "im_v4",
      "baseline_f1_after": 0.8749077490774908,
      "attack_f1_after": 0.8616,
      "gap": -0.013307749077490771,
      "relative_f1_drop": 0.013307749077490771
    },
    {
      "strategy": "tracin",
      "baseline_f1_after": 0.8749077490774908,
      "attack_f1_after": 0.869,
      "gap": -0.005907749077490809,
      "relative_f1_drop": 0.005907749077490809
    },
    {
      "strategy": "hybrid_v4",
      "baseline_f1_after": 0.8749077490774908,
      "attack_f1_after": 0.8598,
      "gap": -0.015107749077490795,
      "relative_f1_drop": 0.015107749077490795
    }
  ],
  "timestamp": "2026-02-26T04:30:15.377640"
}