{
  "config": {
    "dataset_name": "citeseer",
    "base_model": "GCN",
    "unlearning_methods": "GraphEraser",
    "unlearn_ratio": 0.05,
    "random_seed": 1337,
    "baseline_k": 5,
    "strategies_requested": [
      "im_v4",
      "tracin",
      "hybrid_v4"
    ]
  },
  "results": [
    {
      "strategy": "im_v4",
      "baseline_f1_after": 0.7543543543543543,
      "attack_f1_after": 0.7417,
      "gap": -0.012654354354354247,
      "relative_f1_drop": 0.012654354354354247
    },
    {
      "strategy": "tracin",
      "baseline_f1_after": 0.7543543543543543,
      "attack_f1_after": 0.7402,
      "gap": -0.014154354354354304,
      "relative_f1_drop": 0.014154354354354304
    },
    {
      "strategy": "hybrid_v4",
      "baseline_f1_after": 0.7543543543543543,
      "attack_f1_after": 0.7492,
      "gap": -0.005154354354354296,
      "relative_f1_drop": 0.005154354354354296
    }
  ],
  "timestamp": "2026-02-26T04:25:06.513195"
}