{
  "config": {
    "dataset_name": "citeseer",
    "base_model": "GCN",
    "unlearning_methods": "GraphEraser",
    "unlearn_ratio": 0.05,
    "random_seed": 722,
    "baseline_k": 5,
    "strategies_requested": [
      "im_v4",
      "tracin",
      "hybrid_v4"
    ]
  },
  "results": [
    {
      "strategy": "im_v4",
      "baseline_f1_after": 0.7543543543543543,
      "attack_f1_after": 0.7508,
      "gap": -0.00355435435435425,
      "relative_f1_drop": 0.00355435435435425
    },
    {
      "strategy": "tracin",
      "baseline_f1_after": 0.7543543543543543,
      "attack_f1_after": 0.7538,
      "gap": -0.0005543543543542473,
      "relative_f1_drop": 0.0005543543543542473
    },
    {
      "strategy": "hybrid_v4",
      "baseline_f1_after": 0.7543543543543543,
      "attack_f1_after": 0.7523,
      "gap": -0.002054354354354304,
      "relative_f1_drop": 0.002054354354354304
    }
  ],
  "timestamp": "2026-02-26T04:24:57.219221"
}