{
  "config": {
    "dataset_name": "citeseer",
    "base_model": "GCN",
    "unlearning_methods": "GraphEraser",
    "unlearn_ratio": 0.05,
    "random_seed": 212,
    "baseline_k": 5,
    "strategies_requested": [
      "im_v4",
      "tracin",
      "hybrid_v4"
    ]
  },
  "results": [
    {
      "strategy": "im_v4",
      "baseline_f1_after": 0.7543543543543543,
      "attack_f1_after": 0.7492,
      "gap": -0.005154354354354296,
      "relative_f1_drop": 0.005154354354354296
    },
    {
      "strategy": "tracin",
      "baseline_f1_after": 0.7543543543543543,
      "attack_f1_after": 0.7492,
      "gap": -0.005154354354354296,
      "relative_f1_drop": 0.005154354354354296
    },
    {
      "strategy": "hybrid_v4",
      "baseline_f1_after": 0.7543543543543543,
      "attack_f1_after": 0.7477,
      "gap": -0.006654354354354242,
      "relative_f1_drop": 0.006654354354354242
    }
  ],
  "timestamp": "2026-02-26T04:24:47.407442"
}