{
  "config": {
    "dataset_name": "citeseer",
    "base_model": "GCN",
    "unlearning_methods": "GraphEraser",
    "unlearn_ratio": 0.05,
    "random_seed": 42,
    "baseline_k": 5,
    "strategies_requested": [
      "im_v4",
      "tracin",
      "hybrid_v4"
    ]
  },
  "results": [
    {
      "strategy": "im_v4",
      "baseline_f1_after": 0.7543543543543543,
      "attack_f1_after": 0.7598,
      "gap": 0.005445645645645758,
      "relative_f1_drop": -0.005445645645645758
    },
    {
      "strategy": "tracin",
      "baseline_f1_after": 0.7543543543543543,
      "attack_f1_after": 0.7658,
      "gap": 0.011445645645645763,
      "relative_f1_drop": -0.011445645645645763
    },
    {
      "strategy": "hybrid_v4",
      "baseline_f1_after": 0.7543543543543543,
      "attack_f1_after": 0.7598,
      "gap": 0.005445645645645758,
      "relative_f1_drop": -0.005445645645645758
    }
  ],
  "timestamp": "2026-02-26T04:24:37.456387"
}