{
  "config": {
    "dataset_name": "citeseer",
    "base_model": "GCN",
    "unlearning_methods": "GraphEraser",
    "unlearn_ratio": 0.05,
    "random_seed": 2024,
    "baseline_k": 5,
    "strategies_requested": [
      "im_v4",
      "tracin",
      "hybrid_v4"
    ]
  },
  "results": [
    {
      "strategy": "im_v4",
      "baseline_f1_after": 0.7543543543543543,
      "attack_f1_after": 0.7523,
      "gap": -0.002054354354354304,
      "relative_f1_drop": 0.002054354354354304
    },
    {
      "strategy": "tracin",
      "baseline_f1_after": 0.7543543543543543,
      "attack_f1_after": 0.7477,
      "gap": -0.006654354354354242,
      "relative_f1_drop": 0.006654354354354242
    },
    {
      "strategy": "hybrid_v4",
      "baseline_f1_after": 0.7543543543543543,
      "attack_f1_after": 0.7643,
      "gap": 0.009945645645645707,
      "relative_f1_drop": -0.009945645645645707
    }
  ],
  "timestamp": "2026-02-26T04:25:15.823484"
}