{
  "f1_after": 0.7304804804804804,
  "f1_after_std": 0.0013003384441207975,
  "f1_before": 0.7331081081081081,
  "f1_drop": 0.0026276276276276933,
  "n_seeds": 4,
  "seeds_used": [
    111,
    333,
    555,
    777
  ],
  "per_seed_details": [
    {
      "seed": 111,
      "f1_after": 0.7312312312312312,
      "f1_before": 0.7342342342342343,
      "f1_drop": 0.0030030030030030463
    },
    {
      "seed": 333,
      "f1_after": 0.7282282282282282,
      "f1_before": 0.7312312312312313,
      "f1_drop": 0.0030030030030031574
    },
    {
      "seed": 555,
      "f1_after": 0.7312312312312312,
      "f1_before": 0.7342342342342343,
      "f1_drop": 0.0030030030030030463
    },
    {
      "seed": 777,
      "f1_after": 0.7312312312312312,
      "f1_before": 0.7327327327327328,
      "f1_drop": 0.0015015015015015232
    }
  ],
  "config": {
    "dataset_name": "citeseer",
    "base_model": "GCN",
    "unlearning_methods": "GNNDelete",
    "k": 5,
    "strategy": "random",
    "averaged": true,
    "timestamp": "2026-02-27T07:43:15.122650"
  }
}