{
  "config": {
    "dataset_name": "cora",
    "base_model": "GCN",
    "unlearning_methods": "GraphEraser",
    "unlearn_ratio": 0.05,
    "random_seed": 2024,
    "baseline_k": 5,
    "strategies_requested": [
      "im_v4",
      "tracin",
      "hybrid_v4"
    ]
  },
  "results": [
    {
      "strategy": "im_v4",
      "baseline_f1_after": 0.8616236162361623,
      "attack_f1_after": 0.7768,
      "gap": -0.0848236162361623,
      "relative_f1_drop": 0.0848236162361623
    },
    {
      "strategy": "tracin",
      "baseline_f1_after": 0.8616236162361623,
      "attack_f1_after": 0.8358,
      "gap": -0.02582361623616236,
      "relative_f1_drop": 0.02582361623616236
    },
    {
      "strategy": "hybrid_v4",
      "baseline_f1_after": 0.8616236162361623,
      "attack_f1_after": 0.8063,
      "gap": -0.05532361623616233,
      "relative_f1_drop": 0.05532361623616233
    }
  ],
  "timestamp": "2026-02-26T04:22:52.672681"
}