{
  "config": {
    "dataset_name": "cora",
    "base_model": "GCN",
    "unlearning_methods": "GraphEraser",
    "unlearn_ratio": 0.05,
    "random_seed": 722,
    "baseline_k": 5,
    "strategies_requested": [
      "random",
      "tracin",
      "im_v4",
      "hybrid_v4"
    ]
  },
  "results": [
    {
      "strategy": "random",
      "baseline_f1_after": 0.8616236162361623,
      "attack_f1_after": 0.8561,
      "gap": -0.005523616236162376,
      "relative_f1_drop": 0.005523616236162376
    },
    {
      "strategy": "tracin",
      "baseline_f1_after": 0.8616236162361623,
      "attack_f1_after": 0.8413,
      "gap": -0.0203236162361623,
      "relative_f1_drop": 0.0203236162361623
    },
    {
      "strategy": "im_v4",
      "baseline_f1_after": 0.8616236162361623,
      "attack_f1_after": 0.7989,
      "gap": -0.0627236162361623,
      "relative_f1_drop": 0.0627236162361623
    },
    {
      "strategy": "hybrid_v4",
      "baseline_f1_after": 0.8616236162361623,
      "attack_f1_after": 0.7952,
      "gap": -0.06642361623616233,
      "relative_f1_drop": 0.06642361623616233
    }
  ],
  "timestamp": "2026-02-28T06:20:46.555986"
}