{
  "config": {
    "dataset_name": "cora",
    "base_model": "GCN",
    "unlearning_methods": "GraphEraser",
    "unlearn_ratio": 0.05,
    "random_seed": 212,
    "baseline_k": 5,
    "strategies_requested": [
      "im_v4",
      "tracin",
      "hybrid_v4"
    ]
  },
  "results": [
    {
      "strategy": "im_v4",
      "baseline_f1_after": 0.8616236162361623,
      "attack_f1_after": 0.8358,
      "gap": -0.02582361623616236,
      "relative_f1_drop": 0.02582361623616236
    },
    {
      "strategy": "tracin",
      "baseline_f1_after": 0.8616236162361623,
      "attack_f1_after": 0.8266,
      "gap": -0.03502361623616235,
      "relative_f1_drop": 0.03502361623616235
    },
    {
      "strategy": "hybrid_v4",
      "baseline_f1_after": 0.8616236162361623,
      "attack_f1_after": 0.8395,
      "gap": -0.022123616236162325,
      "relative_f1_drop": 0.022123616236162325
    }
  ],
  "timestamp": "2026-02-26T04:22:23.374711"
}