{
  "config": {
    "dataset_name": "cora",
    "base_model": "GCN",
    "unlearning_methods": "GraphEraser",
    "unlearn_ratio": 0.05,
    "random_seed": 42,
    "baseline_k": 5,
    "strategies_requested": [
      "random",
      "tracin",
      "im_v4",
      "hybrid_v4"
    ]
  },
  "results": [
    {
      "strategy": "random",
      "baseline_f1_after": 0.8616236162361623,
      "attack_f1_after": 0.8524,
      "gap": -0.009223616236162302,
      "relative_f1_drop": 0.009223616236162302
    },
    {
      "strategy": "tracin",
      "baseline_f1_after": 0.8616236162361623,
      "attack_f1_after": 0.8487,
      "gap": -0.012923616236162339,
      "relative_f1_drop": 0.012923616236162339
    },
    {
      "strategy": "im_v4",
      "baseline_f1_after": 0.8616236162361623,
      "attack_f1_after": 0.8395,
      "gap": -0.022123616236162325,
      "relative_f1_drop": 0.022123616236162325
    },
    {
      "strategy": "hybrid_v4",
      "baseline_f1_after": 0.8616236162361623,
      "attack_f1_after": 0.8561,
      "gap": -0.005523616236162376,
      "relative_f1_drop": 0.005523616236162376
    }
  ],
  "timestamp": "2026-02-28T06:20:23.669847"
}