{
  "config": {
    "dataset_name": "cora",
    "base_model": "GCN",
    "unlearning_methods": "GIF",
    "unlearn_ratio": 0.05,
    "random_seed": 42,
    "strategies_requested": [
      "random"
    ]
  },
  "results": [
    {
      "strategy": "random",
      "perf_before": 0.8892988929889298,
      "perf_retrain": 0.8856088560885609,
      "perf_unlearn": 0.8874538745387455,
      "drop_retrain": 0.0036900369003689537,
      "gap": -0.0018450184501845879,
      "gap_pct": -0.20833333333334306,
      "mean_pred_shift": 0.013732900843024254,
      "max_pred_shift": 0.3547951877117157,
      "fraction_flipped": 0.012153621762990952,
      "hop_decay": {
        "1_hop_flip_rate": 0.011494252873563218,
        "1_hop_count": 348,
        "2_hop_flip_rate": 0.013407821229050279,
        "2_hop_count": 895,
        "3_hop_flip_rate": 0.010845986984815618,
        "3_hop_count": 461,
        "gt3_hop_flip_rate": 0.0113314447592068,
        "gt3_hop_count": 353
      }
    }
  ],
  "timestamp": "2026-05-04T14:39:38.629867"
}