{
  "config": {
    "dataset_name": "cora",
    "base_model": "GAT",
    "unlearning_methods": "GraphEraser",
    "unlearn_ratio": 0.05,
    "random_seed": 212,
    "baseline_k": 5,
    "strategies_requested": [
      "im_v4",
      "tracin",
      "hybrid_v4"
    ]
  },
  "results": [
    {
      "strategy": "im_v4",
      "baseline_f1_after": 0.8560885608856088,
      "attack_f1_after": 0.786,
      "gap": -0.07008856088560877,
      "relative_f1_drop": 0.07008856088560877
    },
    {
      "strategy": "tracin",
      "baseline_f1_after": 0.8560885608856088,
      "attack_f1_after": 0.8469,
      "gap": -0.00918856088560882,
      "relative_f1_drop": 0.00918856088560882
    },
    {
      "strategy": "hybrid_v4",
      "baseline_f1_after": 0.8560885608856088,
      "attack_f1_after": 0.8247,
      "gap": -0.03138856088560882,
      "relative_f1_drop": 0.03138856088560882
    }
  ],
  "timestamp": "2026-02-26T04:27:05.011289"
}