{
  "config": {
    "dataset_name": "cora",
    "base_model": "GAT",
    "unlearning_methods": "GraphEraser",
    "unlearn_ratio": 0.05,
    "random_seed": 42,
    "baseline_k": 5,
    "strategies_requested": [
      "im_v4",
      "tracin",
      "hybrid_v4"
    ]
  },
  "results": [
    {
      "strategy": "im_v4",
      "baseline_f1_after": 0.8560885608856088,
      "attack_f1_after": 0.797,
      "gap": -0.059088560885608765,
      "relative_f1_drop": 0.059088560885608765
    },
    {
      "strategy": "tracin",
      "baseline_f1_after": 0.8560885608856088,
      "attack_f1_after": 0.8561,
      "gap": 1.1439114391165184e-05,
      "relative_f1_drop": -1.1439114391165184e-05
    },
    {
      "strategy": "hybrid_v4",
      "baseline_f1_after": 0.8560885608856088,
      "attack_f1_after": 0.8284,
      "gap": -0.02768856088560878,
      "relative_f1_drop": 0.02768856088560878
    }
  ],
  "timestamp": "2026-02-26T04:26:55.686944"
}