{
  "config": {
    "dataset_name": "cora",
    "base_model": "GAT",
    "unlearning_methods": "GraphEraser",
    "unlearn_ratio": 0.05,
    "random_seed": 722,
    "baseline_k": 5,
    "strategies_requested": [
      "im_v4",
      "tracin",
      "hybrid_v4"
    ]
  },
  "results": [
    {
      "strategy": "im_v4",
      "baseline_f1_after": 0.8560885608856088,
      "attack_f1_after": 0.7915,
      "gap": -0.06458856088560883,
      "relative_f1_drop": 0.06458856088560883
    },
    {
      "strategy": "tracin",
      "baseline_f1_after": 0.8560885608856088,
      "attack_f1_after": 0.8745,
      "gap": 0.018411439114391248,
      "relative_f1_drop": -0.018411439114391248
    },
    {
      "strategy": "hybrid_v4",
      "baseline_f1_after": 0.8560885608856088,
      "attack_f1_after": 0.8026,
      "gap": -0.05348856088560883,
      "relative_f1_drop": 0.05348856088560883
    }
  ],
  "timestamp": "2026-02-26T04:27:14.432315"
}