cell,selection_source_cell,method,effective_gu,configuration,execution_ready
aagu015-u-citeseer-seed2024-r0.01-a_grad_norm/GNNDelete,aagu015-s-citeseer-seed2024-r0.01/a_grad_norm,GNNDelete,0d6942f259ca309422f35359b08b05fda307295576415fac8c79c3ead96edeef,generated/stage_u/citeseer-seed2024-r0.01-a_grad_norm.yaml,False
aagu015-u-citeseer-seed2024-r0.01-a_grad_norm/GIF,aagu015-s-citeseer-seed2024-r0.01/a_grad_norm,GIF,62ada2d9af9908fa656b9ba489f4acf4e4ca051296cd4162a763492dab1c14a9,generated/stage_u/citeseer-seed2024-r0.01-a_grad_norm.yaml,False
aagu015-u-citeseer-seed2024-r0.01-b_param_hutch/GNNDelete,aagu015-s-citeseer-seed2024-r0.01/b_param_hutch,GNNDelete,0d6942f259ca309422f35359b08b05fda307295576415fac8c79c3ead96edeef,generated/stage_u/citeseer-seed2024-r0.01-b_param_hutch.yaml,False
aagu015-u-citeseer-seed2024-r0.01-b_param_hutch/GIF,aagu015-s-citeseer-seed2024-r0.01/b_param_hutch,GIF,62ada2d9af9908fa656b9ba489f4acf4e4ca051296cd4162a763492dab1c14a9,generated/stage_u/citeseer-seed2024-r0.01-b_param_hutch.yaml,False
aagu015-u-citeseer-seed2024-r0.01-degree/GNNDelete,aagu015-s-citeseer-seed2024-r0.01/degree,GNNDelete,0d6942f259ca309422f35359b08b05fda307295576415fac8c79c3ead96edeef,generated/stage_u/citeseer-seed2024-r0.01-degree.yaml,False
aagu015-u-citeseer-seed2024-r0.01-degree/GIF,aagu015-s-citeseer-seed2024-r0.01/degree,GIF,62ada2d9af9908fa656b9ba489f4acf4e4ca051296cd4162a763492dab1c14a9,generated/stage_u/citeseer-seed2024-r0.01-degree.yaml,False
aagu015-u-citeseer-seed2024-r0.01-gt_full/GNNDelete,aagu015-s-citeseer-seed2024-r0.01/gt_full,GNNDelete,0d6942f259ca309422f35359b08b05fda307295576415fac8c79c3ead96edeef,generated/stage_u/citeseer-seed2024-r0.01-gt_full.yaml,False
aagu015-u-citeseer-seed2024-r0.01-gt_full/GIF,aagu015-s-citeseer-seed2024-r0.01/gt_full,GIF,62ada2d9af9908fa656b9ba489f4acf4e4ca051296cd4162a763492dab1c14a9,generated/stage_u/citeseer-seed2024-r0.01-gt_full.yaml,False
aagu015-u-citeseer-seed2024-r0.01-gt_simple/GNNDelete,aagu015-s-citeseer-seed2024-r0.01/gt_simple,GNNDelete,0d6942f259ca309422f35359b08b05fda307295576415fac8c79c3ead96edeef,generated/stage_u/citeseer-seed2024-r0.01-gt_simple.yaml,False
aagu015-u-citeseer-seed2024-r0.01-gt_simple/GIF,aagu015-s-citeseer-seed2024-r0.01/gt_simple,GIF,62ada2d9af9908fa656b9ba489f4acf4e4ca051296cd4162a763492dab1c14a9,generated/stage_u/citeseer-seed2024-r0.01-gt_simple.yaml,False
aagu015-u-citeseer-seed2024-r0.01-legacy/GNNDelete,aagu015-s-citeseer-seed2024-r0.01/legacy,GNNDelete,0d6942f259ca309422f35359b08b05fda307295576415fac8c79c3ead96edeef,generated/stage_u/citeseer-seed2024-r0.01-legacy.yaml,False
aagu015-u-citeseer-seed2024-r0.01-legacy/GIF,aagu015-s-citeseer-seed2024-r0.01/legacy,GIF,62ada2d9af9908fa656b9ba489f4acf4e4ca051296cd4162a763492dab1c14a9,generated/stage_u/citeseer-seed2024-r0.01-legacy.yaml,False
aagu015-u-citeseer-seed2024-r0.01-p_graph/GNNDelete,aagu015-s-citeseer-seed2024-r0.01/p_graph,GNNDelete,0d6942f259ca309422f35359b08b05fda307295576415fac8c79c3ead96edeef,generated/stage_u/citeseer-seed2024-r0.01-p_graph.yaml,False
aagu015-u-citeseer-seed2024-r0.01-p_graph/GIF,aagu015-s-citeseer-seed2024-r0.01/p_graph,GIF,62ada2d9af9908fa656b9ba489f4acf4e4ca051296cd4162a763492dab1c14a9,generated/stage_u/citeseer-seed2024-r0.01-p_graph.yaml,False
aagu015-u-citeseer-seed2024-r0.01-p_point/GNNDelete,aagu015-s-citeseer-seed2024-r0.01/p_point,GNNDelete,0d6942f259ca309422f35359b08b05fda307295576415fac8c79c3ead96edeef,generated/stage_u/citeseer-seed2024-r0.01-p_point.yaml,False
aagu015-u-citeseer-seed2024-r0.01-p_point/GIF,aagu015-s-citeseer-seed2024-r0.01/p_point,GIF,62ada2d9af9908fa656b9ba489f4acf4e4ca051296cd4162a763492dab1c14a9,generated/stage_u/citeseer-seed2024-r0.01-p_point.yaml,False
aagu015-u-citeseer-seed2024-r0.01-p_simple/GNNDelete,aagu015-s-citeseer-seed2024-r0.01/p_simple,GNNDelete,0d6942f259ca309422f35359b08b05fda307295576415fac8c79c3ead96edeef,generated/stage_u/citeseer-seed2024-r0.01-p_simple.yaml,False
aagu015-u-citeseer-seed2024-r0.01-p_simple/GIF,aagu015-s-citeseer-seed2024-r0.01/p_simple,GIF,62ada2d9af9908fa656b9ba489f4acf4e4ca051296cd4162a763492dab1c14a9,generated/stage_u/citeseer-seed2024-r0.01-p_simple.yaml,False
aagu015-u-citeseer-seed2024-r0.01-r_point/GNNDelete,aagu015-s-citeseer-seed2024-r0.01/r_point,GNNDelete,0d6942f259ca309422f35359b08b05fda307295576415fac8c79c3ead96edeef,generated/stage_u/citeseer-seed2024-r0.01-r_point.yaml,False
aagu015-u-citeseer-seed2024-r0.01-r_point/GIF,aagu015-s-citeseer-seed2024-r0.01/r_point,GIF,62ada2d9af9908fa656b9ba489f4acf4e4ca051296cd4162a763492dab1c14a9,generated/stage_u/citeseer-seed2024-r0.01-r_point.yaml,False
aagu015-u-citeseer-seed2024-r0.01-random/GNNDelete,aagu015-s-citeseer-seed2024-r0.01/random,GNNDelete,0d6942f259ca309422f35359b08b05fda307295576415fac8c79c3ead96edeef,generated/stage_u/citeseer-seed2024-r0.01-random.yaml,False
aagu015-u-citeseer-seed2024-r0.01-random/GIF,aagu015-s-citeseer-seed2024-r0.01/random,GIF,62ada2d9af9908fa656b9ba489f4acf4e4ca051296cd4162a763492dab1c14a9,generated/stage_u/citeseer-seed2024-r0.01-random.yaml,False
aagu015-u-citeseer-seed2024-r0.01-tracin_cp_graph_3/GNNDelete,aagu015-s-citeseer-seed2024-r0.01/tracin_cp_graph_3,GNNDelete,0d6942f259ca309422f35359b08b05fda307295576415fac8c79c3ead96edeef,generated/stage_u/citeseer-seed2024-r0.01-tracin_cp_graph_3.yaml,False
aagu015-u-citeseer-seed2024-r0.01-tracin_cp_graph_3/GIF,aagu015-s-citeseer-seed2024-r0.01/tracin_cp_graph_3,GIF,62ada2d9af9908fa656b9ba489f4acf4e4ca051296cd4162a763492dab1c14a9,generated/stage_u/citeseer-seed2024-r0.01-tracin_cp_graph_3.yaml,False
aagu015-u-citeseer-seed2024-r0.01-tracin_cp_graph_6/GNNDelete,aagu015-s-citeseer-seed2024-r0.01/tracin_cp_graph_6,GNNDelete,0d6942f259ca309422f35359b08b05fda307295576415fac8c79c3ead96edeef,generated/stage_u/citeseer-seed2024-r0.01-tracin_cp_graph_6.yaml,False
aagu015-u-citeseer-seed2024-r0.01-tracin_cp_graph_6/GIF,aagu015-s-citeseer-seed2024-r0.01/tracin_cp_graph_6,GIF,62ada2d9af9908fa656b9ba489f4acf4e4ca051296cd4162a763492dab1c14a9,generated/stage_u/citeseer-seed2024-r0.01-tracin_cp_graph_6.yaml,False
aagu015-u-citeseer-seed2024-r0.01-tracin_cp_point_3/GNNDelete,aagu015-s-citeseer-seed2024-r0.01/tracin_cp_point_3,GNNDelete,0d6942f259ca309422f35359b08b05fda307295576415fac8c79c3ead96edeef,generated/stage_u/citeseer-seed2024-r0.01-tracin_cp_point_3.yaml,False
aagu015-u-citeseer-seed2024-r0.01-tracin_cp_point_3/GIF,aagu015-s-citeseer-seed2024-r0.01/tracin_cp_point_3,GIF,62ada2d9af9908fa656b9ba489f4acf4e4ca051296cd4162a763492dab1c14a9,generated/stage_u/citeseer-seed2024-r0.01-tracin_cp_point_3.yaml,False
aagu015-u-citeseer-seed2024-r0.01-tracin_cp_point_6/GNNDelete,aagu015-s-citeseer-seed2024-r0.01/tracin_cp_point_6,GNNDelete,0d6942f259ca309422f35359b08b05fda307295576415fac8c79c3ead96edeef,generated/stage_u/citeseer-seed2024-r0.01-tracin_cp_point_6.yaml,False
aagu015-u-citeseer-seed2024-r0.01-tracin_cp_point_6/GIF,aagu015-s-citeseer-seed2024-r0.01/tracin_cp_point_6,GIF,62ada2d9af9908fa656b9ba489f4acf4e4ca051296cd4162a763492dab1c14a9,generated/stage_u/citeseer-seed2024-r0.01-tracin_cp_point_6.yaml,False
aagu015-u-citeseer-seed2024-r0.01-tracin_cp_simple_3/GNNDelete,aagu015-s-citeseer-seed2024-r0.01/tracin_cp_simple_3,GNNDelete,0d6942f259ca309422f35359b08b05fda307295576415fac8c79c3ead96edeef,generated/stage_u/citeseer-seed2024-r0.01-tracin_cp_simple_3.yaml,False
aagu015-u-citeseer-seed2024-r0.01-tracin_cp_simple_3/GIF,aagu015-s-citeseer-seed2024-r0.01/tracin_cp_simple_3,GIF,62ada2d9af9908fa656b9ba489f4acf4e4ca051296cd4162a763492dab1c14a9,generated/stage_u/citeseer-seed2024-r0.01-tracin_cp_simple_3.yaml,False
aagu015-u-citeseer-seed2024-r0.01-tracin_cp_simple_6/GNNDelete,aagu015-s-citeseer-seed2024-r0.01/tracin_cp_simple_6,GNNDelete,0d6942f259ca309422f35359b08b05fda307295576415fac8c79c3ead96edeef,generated/stage_u/citeseer-seed2024-r0.01-tracin_cp_simple_6.yaml,False
aagu015-u-citeseer-seed2024-r0.01-tracin_cp_simple_6/GIF,aagu015-s-citeseer-seed2024-r0.01/tracin_cp_simple_6,GIF,62ada2d9af9908fa656b9ba489f4acf4e4ca051296cd4162a763492dab1c14a9,generated/stage_u/citeseer-seed2024-r0.01-tracin_cp_simple_6.yaml,False
aagu015-u-citeseer-seed2024-r0.05-a_grad_norm/GNNDelete,aagu015-s-citeseer-seed2024-r0.05/a_grad_norm,GNNDelete,0d6942f259ca309422f35359b08b05fda307295576415fac8c79c3ead96edeef,generated/stage_u/citeseer-seed2024-r0.05-a_grad_norm.yaml,False
aagu015-u-citeseer-seed2024-r0.05-a_grad_norm/GIF,aagu015-s-citeseer-seed2024-r0.05/a_grad_norm,GIF,62ada2d9af9908fa656b9ba489f4acf4e4ca051296cd4162a763492dab1c14a9,generated/stage_u/citeseer-seed2024-r0.05-a_grad_norm.yaml,False
aagu015-u-citeseer-seed2024-r0.05-b_param_hutch/GNNDelete,aagu015-s-citeseer-seed2024-r0.05/b_param_hutch,GNNDelete,0d6942f259ca309422f35359b08b05fda307295576415fac8c79c3ead96edeef,generated/stage_u/citeseer-seed2024-r0.05-b_param_hutch.yaml,False
aagu015-u-citeseer-seed2024-r0.05-b_param_hutch/GIF,aagu015-s-citeseer-seed2024-r0.05/b_param_hutch,GIF,62ada2d9af9908fa656b9ba489f4acf4e4ca051296cd4162a763492dab1c14a9,generated/stage_u/citeseer-seed2024-r0.05-b_param_hutch.yaml,False
aagu015-u-citeseer-seed2024-r0.05-degree/GNNDelete,aagu015-s-citeseer-seed2024-r0.05/degree,GNNDelete,0d6942f259ca309422f35359b08b05fda307295576415fac8c79c3ead96edeef,generated/stage_u/citeseer-seed2024-r0.05-degree.yaml,False
aagu015-u-citeseer-seed2024-r0.05-degree/GIF,aagu015-s-citeseer-seed2024-r0.05/degree,GIF,62ada2d9af9908fa656b9ba489f4acf4e4ca051296cd4162a763492dab1c14a9,generated/stage_u/citeseer-seed2024-r0.05-degree.yaml,False
aagu015-u-citeseer-seed2024-r0.05-gt_full/GNNDelete,aagu015-s-citeseer-seed2024-r0.05/gt_full,GNNDelete,0d6942f259ca309422f35359b08b05fda307295576415fac8c79c3ead96edeef,generated/stage_u/citeseer-seed2024-r0.05-gt_full.yaml,False
aagu015-u-citeseer-seed2024-r0.05-gt_full/GIF,aagu015-s-citeseer-seed2024-r0.05/gt_full,GIF,62ada2d9af9908fa656b9ba489f4acf4e4ca051296cd4162a763492dab1c14a9,generated/stage_u/citeseer-seed2024-r0.05-gt_full.yaml,False
aagu015-u-citeseer-seed2024-r0.05-gt_simple/GNNDelete,aagu015-s-citeseer-seed2024-r0.05/gt_simple,GNNDelete,0d6942f259ca309422f35359b08b05fda307295576415fac8c79c3ead96edeef,generated/stage_u/citeseer-seed2024-r0.05-gt_simple.yaml,False
aagu015-u-citeseer-seed2024-r0.05-gt_simple/GIF,aagu015-s-citeseer-seed2024-r0.05/gt_simple,GIF,62ada2d9af9908fa656b9ba489f4acf4e4ca051296cd4162a763492dab1c14a9,generated/stage_u/citeseer-seed2024-r0.05-gt_simple.yaml,False
aagu015-u-citeseer-seed2024-r0.05-legacy/GNNDelete,aagu015-s-citeseer-seed2024-r0.05/legacy,GNNDelete,0d6942f259ca309422f35359b08b05fda307295576415fac8c79c3ead96edeef,generated/stage_u/citeseer-seed2024-r0.05-legacy.yaml,False
aagu015-u-citeseer-seed2024-r0.05-legacy/GIF,aagu015-s-citeseer-seed2024-r0.05/legacy,GIF,62ada2d9af9908fa656b9ba489f4acf4e4ca051296cd4162a763492dab1c14a9,generated/stage_u/citeseer-seed2024-r0.05-legacy.yaml,False
aagu015-u-citeseer-seed2024-r0.05-p_graph/GNNDelete,aagu015-s-citeseer-seed2024-r0.05/p_graph,GNNDelete,0d6942f259ca309422f35359b08b05fda307295576415fac8c79c3ead96edeef,generated/stage_u/citeseer-seed2024-r0.05-p_graph.yaml,False
aagu015-u-citeseer-seed2024-r0.05-p_graph/GIF,aagu015-s-citeseer-seed2024-r0.05/p_graph,GIF,62ada2d9af9908fa656b9ba489f4acf4e4ca051296cd4162a763492dab1c14a9,generated/stage_u/citeseer-seed2024-r0.05-p_graph.yaml,False
aagu015-u-citeseer-seed2024-r0.05-p_point/GNNDelete,aagu015-s-citeseer-seed2024-r0.05/p_point,GNNDelete,0d6942f259ca309422f35359b08b05fda307295576415fac8c79c3ead96edeef,generated/stage_u/citeseer-seed2024-r0.05-p_point.yaml,False
aagu015-u-citeseer-seed2024-r0.05-p_point/GIF,aagu015-s-citeseer-seed2024-r0.05/p_point,GIF,62ada2d9af9908fa656b9ba489f4acf4e4ca051296cd4162a763492dab1c14a9,generated/stage_u/citeseer-seed2024-r0.05-p_point.yaml,False
aagu015-u-citeseer-seed2024-r0.05-p_simple/GNNDelete,aagu015-s-citeseer-seed2024-r0.05/p_simple,GNNDelete,0d6942f259ca309422f35359b08b05fda307295576415fac8c79c3ead96edeef,generated/stage_u/citeseer-seed2024-r0.05-p_simple.yaml,False
aagu015-u-citeseer-seed2024-r0.05-p_simple/GIF,aagu015-s-citeseer-seed2024-r0.05/p_simple,GIF,62ada2d9af9908fa656b9ba489f4acf4e4ca051296cd4162a763492dab1c14a9,generated/stage_u/citeseer-seed2024-r0.05-p_simple.yaml,False
aagu015-u-citeseer-seed2024-r0.05-r_point/GNNDelete,aagu015-s-citeseer-seed2024-r0.05/r_point,GNNDelete,0d6942f259ca309422f35359b08b05fda307295576415fac8c79c3ead96edeef,generated/stage_u/citeseer-seed2024-r0.05-r_point.yaml,False
aagu015-u-citeseer-seed2024-r0.05-r_point/GIF,aagu015-s-citeseer-seed2024-r0.05/r_point,GIF,62ada2d9af9908fa656b9ba489f4acf4e4ca051296cd4162a763492dab1c14a9,generated/stage_u/citeseer-seed2024-r0.05-r_point.yaml,False
aagu015-u-citeseer-seed2024-r0.05-random/GNNDelete,aagu015-s-citeseer-seed2024-r0.05/random,GNNDelete,0d6942f259ca309422f35359b08b05fda307295576415fac8c79c3ead96edeef,generated/stage_u/citeseer-seed2024-r0.05-random.yaml,False
aagu015-u-citeseer-seed2024-r0.05-random/GIF,aagu015-s-citeseer-seed2024-r0.05/random,GIF,62ada2d9af9908fa656b9ba489f4acf4e4ca051296cd4162a763492dab1c14a9,generated/stage_u/citeseer-seed2024-r0.05-random.yaml,False
aagu015-u-citeseer-seed2024-r0.05-tracin_cp_graph_3/GNNDelete,aagu015-s-citeseer-seed2024-r0.05/tracin_cp_graph_3,GNNDelete,0d6942f259ca309422f35359b08b05fda307295576415fac8c79c3ead96edeef,generated/stage_u/citeseer-seed2024-r0.05-tracin_cp_graph_3.yaml,False
aagu015-u-citeseer-seed2024-r0.05-tracin_cp_graph_3/GIF,aagu015-s-citeseer-seed2024-r0.05/tracin_cp_graph_3,GIF,62ada2d9af9908fa656b9ba489f4acf4e4ca051296cd4162a763492dab1c14a9,generated/stage_u/citeseer-seed2024-r0.05-tracin_cp_graph_3.yaml,False
aagu015-u-citeseer-seed2024-r0.05-tracin_cp_graph_6/GNNDelete,aagu015-s-citeseer-seed2024-r0.05/tracin_cp_graph_6,GNNDelete,0d6942f259ca309422f35359b08b05fda307295576415fac8c79c3ead96edeef,generated/stage_u/citeseer-seed2024-r0.05-tracin_cp_graph_6.yaml,False
aagu015-u-citeseer-seed2024-r0.05-tracin_cp_graph_6/GIF,aagu015-s-citeseer-seed2024-r0.05/tracin_cp_graph_6,GIF,62ada2d9af9908fa656b9ba489f4acf4e4ca051296cd4162a763492dab1c14a9,generated/stage_u/citeseer-seed2024-r0.05-tracin_cp_graph_6.yaml,False
aagu015-u-citeseer-seed2024-r0.05-tracin_cp_point_3/GNNDelete,aagu015-s-citeseer-seed2024-r0.05/tracin_cp_point_3,GNNDelete,0d6942f259ca309422f35359b08b05fda307295576415fac8c79c3ead96edeef,generated/stage_u/citeseer-seed2024-r0.05-tracin_cp_point_3.yaml,False
aagu015-u-citeseer-seed2024-r0.05-tracin_cp_point_3/GIF,aagu015-s-citeseer-seed2024-r0.05/tracin_cp_point_3,GIF,62ada2d9af9908fa656b9ba489f4acf4e4ca051296cd4162a763492dab1c14a9,generated/stage_u/citeseer-seed2024-r0.05-tracin_cp_point_3.yaml,False
aagu015-u-citeseer-seed2024-r0.05-tracin_cp_point_6/GNNDelete,aagu015-s-citeseer-seed2024-r0.05/tracin_cp_point_6,GNNDelete,0d6942f259ca309422f35359b08b05fda307295576415fac8c79c3ead96edeef,generated/stage_u/citeseer-seed2024-r0.05-tracin_cp_point_6.yaml,False
aagu015-u-citeseer-seed2024-r0.05-tracin_cp_point_6/GIF,aagu015-s-citeseer-seed2024-r0.05/tracin_cp_point_6,GIF,62ada2d9af9908fa656b9ba489f4acf4e4ca051296cd4162a763492dab1c14a9,generated/stage_u/citeseer-seed2024-r0.05-tracin_cp_point_6.yaml,False
aagu015-u-citeseer-seed2024-r0.05-tracin_cp_simple_3/GNNDelete,aagu015-s-citeseer-seed2024-r0.05/tracin_cp_simple_3,GNNDelete,0d6942f259ca309422f35359b08b05fda307295576415fac8c79c3ead96edeef,generated/stage_u/citeseer-seed2024-r0.05-tracin_cp_simple_3.yaml,False
aagu015-u-citeseer-seed2024-r0.05-tracin_cp_simple_3/GIF,aagu015-s-citeseer-seed2024-r0.05/tracin_cp_simple_3,GIF,62ada2d9af9908fa656b9ba489f4acf4e4ca051296cd4162a763492dab1c14a9,generated/stage_u/citeseer-seed2024-r0.05-tracin_cp_simple_3.yaml,False
aagu015-u-citeseer-seed2024-r0.05-tracin_cp_simple_6/GNNDelete,aagu015-s-citeseer-seed2024-r0.05/tracin_cp_simple_6,GNNDelete,0d6942f259ca309422f35359b08b05fda307295576415fac8c79c3ead96edeef,generated/stage_u/citeseer-seed2024-r0.05-tracin_cp_simple_6.yaml,False
aagu015-u-citeseer-seed2024-r0.05-tracin_cp_simple_6/GIF,aagu015-s-citeseer-seed2024-r0.05/tracin_cp_simple_6,GIF,62ada2d9af9908fa656b9ba489f4acf4e4ca051296cd4162a763492dab1c14a9,generated/stage_u/citeseer-seed2024-r0.05-tracin_cp_simple_6.yaml,False
aagu015-u-citeseer-seed212-r0.01-a_grad_norm/GNNDelete,aagu015-s-citeseer-seed212-r0.01/a_grad_norm,GNNDelete,338e07575cb5707885fafad63a4f4821549b15d2d47db202875ee90c58c7f3fc,generated/stage_u/citeseer-seed212-r0.01-a_grad_norm.yaml,False
aagu015-u-citeseer-seed212-r0.01-a_grad_norm/GIF,aagu015-s-citeseer-seed212-r0.01/a_grad_norm,GIF,1304cc896db79f22fc2449753d22e29db6305b1e61ae4fd3e3a37e85a49c5f1f,generated/stage_u/citeseer-seed212-r0.01-a_grad_norm.yaml,False
aagu015-u-citeseer-seed212-r0.01-b_param_hutch/GNNDelete,aagu015-s-citeseer-seed212-r0.01/b_param_hutch,GNNDelete,338e07575cb5707885fafad63a4f4821549b15d2d47db202875ee90c58c7f3fc,generated/stage_u/citeseer-seed212-r0.01-b_param_hutch.yaml,False
aagu015-u-citeseer-seed212-r0.01-b_param_hutch/GIF,aagu015-s-citeseer-seed212-r0.01/b_param_hutch,GIF,1304cc896db79f22fc2449753d22e29db6305b1e61ae4fd3e3a37e85a49c5f1f,generated/stage_u/citeseer-seed212-r0.01-b_param_hutch.yaml,False
aagu015-u-citeseer-seed212-r0.01-degree/GNNDelete,aagu015-s-citeseer-seed212-r0.01/degree,GNNDelete,338e07575cb5707885fafad63a4f4821549b15d2d47db202875ee90c58c7f3fc,generated/stage_u/citeseer-seed212-r0.01-degree.yaml,False
aagu015-u-citeseer-seed212-r0.01-degree/GIF,aagu015-s-citeseer-seed212-r0.01/degree,GIF,1304cc896db79f22fc2449753d22e29db6305b1e61ae4fd3e3a37e85a49c5f1f,generated/stage_u/citeseer-seed212-r0.01-degree.yaml,False
aagu015-u-citeseer-seed212-r0.01-gt_full/GNNDelete,aagu015-s-citeseer-seed212-r0.01/gt_full,GNNDelete,338e07575cb5707885fafad63a4f4821549b15d2d47db202875ee90c58c7f3fc,generated/stage_u/citeseer-seed212-r0.01-gt_full.yaml,False
aagu015-u-citeseer-seed212-r0.01-gt_full/GIF,aagu015-s-citeseer-seed212-r0.01/gt_full,GIF,1304cc896db79f22fc2449753d22e29db6305b1e61ae4fd3e3a37e85a49c5f1f,generated/stage_u/citeseer-seed212-r0.01-gt_full.yaml,False
aagu015-u-citeseer-seed212-r0.01-gt_simple/GNNDelete,aagu015-s-citeseer-seed212-r0.01/gt_simple,GNNDelete,338e07575cb5707885fafad63a4f4821549b15d2d47db202875ee90c58c7f3fc,generated/stage_u/citeseer-seed212-r0.01-gt_simple.yaml,False
aagu015-u-citeseer-seed212-r0.01-gt_simple/GIF,aagu015-s-citeseer-seed212-r0.01/gt_simple,GIF,1304cc896db79f22fc2449753d22e29db6305b1e61ae4fd3e3a37e85a49c5f1f,generated/stage_u/citeseer-seed212-r0.01-gt_simple.yaml,False
aagu015-u-citeseer-seed212-r0.01-legacy/GNNDelete,aagu015-s-citeseer-seed212-r0.01/legacy,GNNDelete,338e07575cb5707885fafad63a4f4821549b15d2d47db202875ee90c58c7f3fc,generated/stage_u/citeseer-seed212-r0.01-legacy.yaml,False
aagu015-u-citeseer-seed212-r0.01-legacy/GIF,aagu015-s-citeseer-seed212-r0.01/legacy,GIF,1304cc896db79f22fc2449753d22e29db6305b1e61ae4fd3e3a37e85a49c5f1f,generated/stage_u/citeseer-seed212-r0.01-legacy.yaml,False
aagu015-u-citeseer-seed212-r0.01-p_graph/GNNDelete,aagu015-s-citeseer-seed212-r0.01/p_graph,GNNDelete,338e07575cb5707885fafad63a4f4821549b15d2d47db202875ee90c58c7f3fc,generated/stage_u/citeseer-seed212-r0.01-p_graph.yaml,False
aagu015-u-citeseer-seed212-r0.01-p_graph/GIF,aagu015-s-citeseer-seed212-r0.01/p_graph,GIF,1304cc896db79f22fc2449753d22e29db6305b1e61ae4fd3e3a37e85a49c5f1f,generated/stage_u/citeseer-seed212-r0.01-p_graph.yaml,False
aagu015-u-citeseer-seed212-r0.01-p_point/GNNDelete,aagu015-s-citeseer-seed212-r0.01/p_point,GNNDelete,338e07575cb5707885fafad63a4f4821549b15d2d47db202875ee90c58c7f3fc,generated/stage_u/citeseer-seed212-r0.01-p_point.yaml,False
aagu015-u-citeseer-seed212-r0.01-p_point/GIF,aagu015-s-citeseer-seed212-r0.01/p_point,GIF,1304cc896db79f22fc2449753d22e29db6305b1e61ae4fd3e3a37e85a49c5f1f,generated/stage_u/citeseer-seed212-r0.01-p_point.yaml,False
aagu015-u-citeseer-seed212-r0.01-p_simple/GNNDelete,aagu015-s-citeseer-seed212-r0.01/p_simple,GNNDelete,338e07575cb5707885fafad63a4f4821549b15d2d47db202875ee90c58c7f3fc,generated/stage_u/citeseer-seed212-r0.01-p_simple.yaml,False
aagu015-u-citeseer-seed212-r0.01-p_simple/GIF,aagu015-s-citeseer-seed212-r0.01/p_simple,GIF,1304cc896db79f22fc2449753d22e29db6305b1e61ae4fd3e3a37e85a49c5f1f,generated/stage_u/citeseer-seed212-r0.01-p_simple.yaml,False
aagu015-u-citeseer-seed212-r0.01-r_point/GNNDelete,aagu015-s-citeseer-seed212-r0.01/r_point,GNNDelete,338e07575cb5707885fafad63a4f4821549b15d2d47db202875ee90c58c7f3fc,generated/stage_u/citeseer-seed212-r0.01-r_point.yaml,False
aagu015-u-citeseer-seed212-r0.01-r_point/GIF,aagu015-s-citeseer-seed212-r0.01/r_point,GIF,1304cc896db79f22fc2449753d22e29db6305b1e61ae4fd3e3a37e85a49c5f1f,generated/stage_u/citeseer-seed212-r0.01-r_point.yaml,False
aagu015-u-citeseer-seed212-r0.01-random/GNNDelete,aagu015-s-citeseer-seed212-r0.01/random,GNNDelete,338e07575cb5707885fafad63a4f4821549b15d2d47db202875ee90c58c7f3fc,generated/stage_u/citeseer-seed212-r0.01-random.yaml,False
aagu015-u-citeseer-seed212-r0.01-random/GIF,aagu015-s-citeseer-seed212-r0.01/random,GIF,1304cc896db79f22fc2449753d22e29db6305b1e61ae4fd3e3a37e85a49c5f1f,generated/stage_u/citeseer-seed212-r0.01-random.yaml,False
aagu015-u-citeseer-seed212-r0.01-tracin_cp_graph_3/GNNDelete,aagu015-s-citeseer-seed212-r0.01/tracin_cp_graph_3,GNNDelete,338e07575cb5707885fafad63a4f4821549b15d2d47db202875ee90c58c7f3fc,generated/stage_u/citeseer-seed212-r0.01-tracin_cp_graph_3.yaml,False
aagu015-u-citeseer-seed212-r0.01-tracin_cp_graph_3/GIF,aagu015-s-citeseer-seed212-r0.01/tracin_cp_graph_3,GIF,1304cc896db79f22fc2449753d22e29db6305b1e61ae4fd3e3a37e85a49c5f1f,generated/stage_u/citeseer-seed212-r0.01-tracin_cp_graph_3.yaml,False
aagu015-u-citeseer-seed212-r0.01-tracin_cp_graph_6/GNNDelete,aagu015-s-citeseer-seed212-r0.01/tracin_cp_graph_6,GNNDelete,338e07575cb5707885fafad63a4f4821549b15d2d47db202875ee90c58c7f3fc,generated/stage_u/citeseer-seed212-r0.01-tracin_cp_graph_6.yaml,False
aagu015-u-citeseer-seed212-r0.01-tracin_cp_graph_6/GIF,aagu015-s-citeseer-seed212-r0.01/tracin_cp_graph_6,GIF,1304cc896db79f22fc2449753d22e29db6305b1e61ae4fd3e3a37e85a49c5f1f,generated/stage_u/citeseer-seed212-r0.01-tracin_cp_graph_6.yaml,False
aagu015-u-citeseer-seed212-r0.01-tracin_cp_point_3/GNNDelete,aagu015-s-citeseer-seed212-r0.01/tracin_cp_point_3,GNNDelete,338e07575cb5707885fafad63a4f4821549b15d2d47db202875ee90c58c7f3fc,generated/stage_u/citeseer-seed212-r0.01-tracin_cp_point_3.yaml,False
aagu015-u-citeseer-seed212-r0.01-tracin_cp_point_3/GIF,aagu015-s-citeseer-seed212-r0.01/tracin_cp_point_3,GIF,1304cc896db79f22fc2449753d22e29db6305b1e61ae4fd3e3a37e85a49c5f1f,generated/stage_u/citeseer-seed212-r0.01-tracin_cp_point_3.yaml,False
aagu015-u-citeseer-seed212-r0.01-tracin_cp_point_6/GNNDelete,aagu015-s-citeseer-seed212-r0.01/tracin_cp_point_6,GNNDelete,338e07575cb5707885fafad63a4f4821549b15d2d47db202875ee90c58c7f3fc,generated/stage_u/citeseer-seed212-r0.01-tracin_cp_point_6.yaml,False
aagu015-u-citeseer-seed212-r0.01-tracin_cp_point_6/GIF,aagu015-s-citeseer-seed212-r0.01/tracin_cp_point_6,GIF,1304cc896db79f22fc2449753d22e29db6305b1e61ae4fd3e3a37e85a49c5f1f,generated/stage_u/citeseer-seed212-r0.01-tracin_cp_point_6.yaml,False
aagu015-u-citeseer-seed212-r0.01-tracin_cp_simple_3/GNNDelete,aagu015-s-citeseer-seed212-r0.01/tracin_cp_simple_3,GNNDelete,338e07575cb5707885fafad63a4f4821549b15d2d47db202875ee90c58c7f3fc,generated/stage_u/citeseer-seed212-r0.01-tracin_cp_simple_3.yaml,False
aagu015-u-citeseer-seed212-r0.01-tracin_cp_simple_3/GIF,aagu015-s-citeseer-seed212-r0.01/tracin_cp_simple_3,GIF,1304cc896db79f22fc2449753d22e29db6305b1e61ae4fd3e3a37e85a49c5f1f,generated/stage_u/citeseer-seed212-r0.01-tracin_cp_simple_3.yaml,False
aagu015-u-citeseer-seed212-r0.01-tracin_cp_simple_6/GNNDelete,aagu015-s-citeseer-seed212-r0.01/tracin_cp_simple_6,GNNDelete,338e07575cb5707885fafad63a4f4821549b15d2d47db202875ee90c58c7f3fc,generated/stage_u/citeseer-seed212-r0.01-tracin_cp_simple_6.yaml,False
aagu015-u-citeseer-seed212-r0.01-tracin_cp_simple_6/GIF,aagu015-s-citeseer-seed212-r0.01/tracin_cp_simple_6,GIF,1304cc896db79f22fc2449753d22e29db6305b1e61ae4fd3e3a37e85a49c5f1f,generated/stage_u/citeseer-seed212-r0.01-tracin_cp_simple_6.yaml,False
aagu015-u-citeseer-seed212-r0.05-a_grad_norm/GNNDelete,aagu015-s-citeseer-seed212-r0.05/a_grad_norm,GNNDelete,338e07575cb5707885fafad63a4f4821549b15d2d47db202875ee90c58c7f3fc,generated/stage_u/citeseer-seed212-r0.05-a_grad_norm.yaml,False
aagu015-u-citeseer-seed212-r0.05-a_grad_norm/GIF,aagu015-s-citeseer-seed212-r0.05/a_grad_norm,GIF,1304cc896db79f22fc2449753d22e29db6305b1e61ae4fd3e3a37e85a49c5f1f,generated/stage_u/citeseer-seed212-r0.05-a_grad_norm.yaml,False
aagu015-u-citeseer-seed212-r0.05-b_param_hutch/GNNDelete,aagu015-s-citeseer-seed212-r0.05/b_param_hutch,GNNDelete,338e07575cb5707885fafad63a4f4821549b15d2d47db202875ee90c58c7f3fc,generated/stage_u/citeseer-seed212-r0.05-b_param_hutch.yaml,False
aagu015-u-citeseer-seed212-r0.05-b_param_hutch/GIF,aagu015-s-citeseer-seed212-r0.05/b_param_hutch,GIF,1304cc896db79f22fc2449753d22e29db6305b1e61ae4fd3e3a37e85a49c5f1f,generated/stage_u/citeseer-seed212-r0.05-b_param_hutch.yaml,False
aagu015-u-citeseer-seed212-r0.05-degree/GNNDelete,aagu015-s-citeseer-seed212-r0.05/degree,GNNDelete,338e07575cb5707885fafad63a4f4821549b15d2d47db202875ee90c58c7f3fc,generated/stage_u/citeseer-seed212-r0.05-degree.yaml,False
aagu015-u-citeseer-seed212-r0.05-degree/GIF,aagu015-s-citeseer-seed212-r0.05/degree,GIF,1304cc896db79f22fc2449753d22e29db6305b1e61ae4fd3e3a37e85a49c5f1f,generated/stage_u/citeseer-seed212-r0.05-degree.yaml,False
aagu015-u-citeseer-seed212-r0.05-gt_full/GNNDelete,aagu015-s-citeseer-seed212-r0.05/gt_full,GNNDelete,338e07575cb5707885fafad63a4f4821549b15d2d47db202875ee90c58c7f3fc,generated/stage_u/citeseer-seed212-r0.05-gt_full.yaml,False
aagu015-u-citeseer-seed212-r0.05-gt_full/GIF,aagu015-s-citeseer-seed212-r0.05/gt_full,GIF,1304cc896db79f22fc2449753d22e29db6305b1e61ae4fd3e3a37e85a49c5f1f,generated/stage_u/citeseer-seed212-r0.05-gt_full.yaml,False
aagu015-u-citeseer-seed212-r0.05-gt_simple/GNNDelete,aagu015-s-citeseer-seed212-r0.05/gt_simple,GNNDelete,338e07575cb5707885fafad63a4f4821549b15d2d47db202875ee90c58c7f3fc,generated/stage_u/citeseer-seed212-r0.05-gt_simple.yaml,False
aagu015-u-citeseer-seed212-r0.05-gt_simple/GIF,aagu015-s-citeseer-seed212-r0.05/gt_simple,GIF,1304cc896db79f22fc2449753d22e29db6305b1e61ae4fd3e3a37e85a49c5f1f,generated/stage_u/citeseer-seed212-r0.05-gt_simple.yaml,False
aagu015-u-citeseer-seed212-r0.05-legacy/GNNDelete,aagu015-s-citeseer-seed212-r0.05/legacy,GNNDelete,338e07575cb5707885fafad63a4f4821549b15d2d47db202875ee90c58c7f3fc,generated/stage_u/citeseer-seed212-r0.05-legacy.yaml,False
aagu015-u-citeseer-seed212-r0.05-legacy/GIF,aagu015-s-citeseer-seed212-r0.05/legacy,GIF,1304cc896db79f22fc2449753d22e29db6305b1e61ae4fd3e3a37e85a49c5f1f,generated/stage_u/citeseer-seed212-r0.05-legacy.yaml,False
aagu015-u-citeseer-seed212-r0.05-p_graph/GNNDelete,aagu015-s-citeseer-seed212-r0.05/p_graph,GNNDelete,338e07575cb5707885fafad63a4f4821549b15d2d47db202875ee90c58c7f3fc,generated/stage_u/citeseer-seed212-r0.05-p_graph.yaml,False
aagu015-u-citeseer-seed212-r0.05-p_graph/GIF,aagu015-s-citeseer-seed212-r0.05/p_graph,GIF,1304cc896db79f22fc2449753d22e29db6305b1e61ae4fd3e3a37e85a49c5f1f,generated/stage_u/citeseer-seed212-r0.05-p_graph.yaml,False
aagu015-u-citeseer-seed212-r0.05-p_point/GNNDelete,aagu015-s-citeseer-seed212-r0.05/p_point,GNNDelete,338e07575cb5707885fafad63a4f4821549b15d2d47db202875ee90c58c7f3fc,generated/stage_u/citeseer-seed212-r0.05-p_point.yaml,False
aagu015-u-citeseer-seed212-r0.05-p_point/GIF,aagu015-s-citeseer-seed212-r0.05/p_point,GIF,1304cc896db79f22fc2449753d22e29db6305b1e61ae4fd3e3a37e85a49c5f1f,generated/stage_u/citeseer-seed212-r0.05-p_point.yaml,False
aagu015-u-citeseer-seed212-r0.05-p_simple/GNNDelete,aagu015-s-citeseer-seed212-r0.05/p_simple,GNNDelete,338e07575cb5707885fafad63a4f4821549b15d2d47db202875ee90c58c7f3fc,generated/stage_u/citeseer-seed212-r0.05-p_simple.yaml,False
aagu015-u-citeseer-seed212-r0.05-p_simple/GIF,aagu015-s-citeseer-seed212-r0.05/p_simple,GIF,1304cc896db79f22fc2449753d22e29db6305b1e61ae4fd3e3a37e85a49c5f1f,generated/stage_u/citeseer-seed212-r0.05-p_simple.yaml,False
aagu015-u-citeseer-seed212-r0.05-r_point/GNNDelete,aagu015-s-citeseer-seed212-r0.05/r_point,GNNDelete,338e07575cb5707885fafad63a4f4821549b15d2d47db202875ee90c58c7f3fc,generated/stage_u/citeseer-seed212-r0.05-r_point.yaml,False
aagu015-u-citeseer-seed212-r0.05-r_point/GIF,aagu015-s-citeseer-seed212-r0.05/r_point,GIF,1304cc896db79f22fc2449753d22e29db6305b1e61ae4fd3e3a37e85a49c5f1f,generated/stage_u/citeseer-seed212-r0.05-r_point.yaml,False
aagu015-u-citeseer-seed212-r0.05-random/GNNDelete,aagu015-s-citeseer-seed212-r0.05/random,GNNDelete,338e07575cb5707885fafad63a4f4821549b15d2d47db202875ee90c58c7f3fc,generated/stage_u/citeseer-seed212-r0.05-random.yaml,False
aagu015-u-citeseer-seed212-r0.05-random/GIF,aagu015-s-citeseer-seed212-r0.05/random,GIF,1304cc896db79f22fc2449753d22e29db6305b1e61ae4fd3e3a37e85a49c5f1f,generated/stage_u/citeseer-seed212-r0.05-random.yaml,False
aagu015-u-citeseer-seed212-r0.05-tracin_cp_graph_3/GNNDelete,aagu015-s-citeseer-seed212-r0.05/tracin_cp_graph_3,GNNDelete,338e07575cb5707885fafad63a4f4821549b15d2d47db202875ee90c58c7f3fc,generated/stage_u/citeseer-seed212-r0.05-tracin_cp_graph_3.yaml,False
aagu015-u-citeseer-seed212-r0.05-tracin_cp_graph_3/GIF,aagu015-s-citeseer-seed212-r0.05/tracin_cp_graph_3,GIF,1304cc896db79f22fc2449753d22e29db6305b1e61ae4fd3e3a37e85a49c5f1f,generated/stage_u/citeseer-seed212-r0.05-tracin_cp_graph_3.yaml,False
aagu015-u-citeseer-seed212-r0.05-tracin_cp_graph_6/GNNDelete,aagu015-s-citeseer-seed212-r0.05/tracin_cp_graph_6,GNNDelete,338e07575cb5707885fafad63a4f4821549b15d2d47db202875ee90c58c7f3fc,generated/stage_u/citeseer-seed212-r0.05-tracin_cp_graph_6.yaml,False
aagu015-u-citeseer-seed212-r0.05-tracin_cp_graph_6/GIF,aagu015-s-citeseer-seed212-r0.05/tracin_cp_graph_6,GIF,1304cc896db79f22fc2449753d22e29db6305b1e61ae4fd3e3a37e85a49c5f1f,generated/stage_u/citeseer-seed212-r0.05-tracin_cp_graph_6.yaml,False
aagu015-u-citeseer-seed212-r0.05-tracin_cp_point_3/GNNDelete,aagu015-s-citeseer-seed212-r0.05/tracin_cp_point_3,GNNDelete,338e07575cb5707885fafad63a4f4821549b15d2d47db202875ee90c58c7f3fc,generated/stage_u/citeseer-seed212-r0.05-tracin_cp_point_3.yaml,False
aagu015-u-citeseer-seed212-r0.05-tracin_cp_point_3/GIF,aagu015-s-citeseer-seed212-r0.05/tracin_cp_point_3,GIF,1304cc896db79f22fc2449753d22e29db6305b1e61ae4fd3e3a37e85a49c5f1f,generated/stage_u/citeseer-seed212-r0.05-tracin_cp_point_3.yaml,False
aagu015-u-citeseer-seed212-r0.05-tracin_cp_point_6/GNNDelete,aagu015-s-citeseer-seed212-r0.05/tracin_cp_point_6,GNNDelete,338e07575cb5707885fafad63a4f4821549b15d2d47db202875ee90c58c7f3fc,generated/stage_u/citeseer-seed212-r0.05-tracin_cp_point_6.yaml,False
aagu015-u-citeseer-seed212-r0.05-tracin_cp_point_6/GIF,aagu015-s-citeseer-seed212-r0.05/tracin_cp_point_6,GIF,1304cc896db79f22fc2449753d22e29db6305b1e61ae4fd3e3a37e85a49c5f1f,generated/stage_u/citeseer-seed212-r0.05-tracin_cp_point_6.yaml,False
aagu015-u-citeseer-seed212-r0.05-tracin_cp_simple_3/GNNDelete,aagu015-s-citeseer-seed212-r0.05/tracin_cp_simple_3,GNNDelete,338e07575cb5707885fafad63a4f4821549b15d2d47db202875ee90c58c7f3fc,generated/stage_u/citeseer-seed212-r0.05-tracin_cp_simple_3.yaml,False
aagu015-u-citeseer-seed212-r0.05-tracin_cp_simple_3/GIF,aagu015-s-citeseer-seed212-r0.05/tracin_cp_simple_3,GIF,1304cc896db79f22fc2449753d22e29db6305b1e61ae4fd3e3a37e85a49c5f1f,generated/stage_u/citeseer-seed212-r0.05-tracin_cp_simple_3.yaml,False
aagu015-u-citeseer-seed212-r0.05-tracin_cp_simple_6/GNNDelete,aagu015-s-citeseer-seed212-r0.05/tracin_cp_simple_6,GNNDelete,338e07575cb5707885fafad63a4f4821549b15d2d47db202875ee90c58c7f3fc,generated/stage_u/citeseer-seed212-r0.05-tracin_cp_simple_6.yaml,False
aagu015-u-citeseer-seed212-r0.05-tracin_cp_simple_6/GIF,aagu015-s-citeseer-seed212-r0.05/tracin_cp_simple_6,GIF,1304cc896db79f22fc2449753d22e29db6305b1e61ae4fd3e3a37e85a49c5f1f,generated/stage_u/citeseer-seed212-r0.05-tracin_cp_simple_6.yaml,False
aagu015-u-citeseer-seed42-r0.01-a_grad_norm/GNNDelete,aagu015-s-citeseer-seed42-r0.01/a_grad_norm,GNNDelete,a723ff983ce1cb2331b6e346477e5869882c6f539291e2f8b7437859693327fe,generated/stage_u/citeseer-seed42-r0.01-a_grad_norm.yaml,False
aagu015-u-citeseer-seed42-r0.01-a_grad_norm/GIF,aagu015-s-citeseer-seed42-r0.01/a_grad_norm,GIF,f195cd8423c2411ebf28eae6fde6e570c4dc0889409d0d62975c345b7bff12c5,generated/stage_u/citeseer-seed42-r0.01-a_grad_norm.yaml,False
aagu015-u-citeseer-seed42-r0.01-b_param_hutch/GNNDelete,aagu015-s-citeseer-seed42-r0.01/b_param_hutch,GNNDelete,a723ff983ce1cb2331b6e346477e5869882c6f539291e2f8b7437859693327fe,generated/stage_u/citeseer-seed42-r0.01-b_param_hutch.yaml,False
aagu015-u-citeseer-seed42-r0.01-b_param_hutch/GIF,aagu015-s-citeseer-seed42-r0.01/b_param_hutch,GIF,f195cd8423c2411ebf28eae6fde6e570c4dc0889409d0d62975c345b7bff12c5,generated/stage_u/citeseer-seed42-r0.01-b_param_hutch.yaml,False
aagu015-u-citeseer-seed42-r0.01-degree/GNNDelete,aagu015-s-citeseer-seed42-r0.01/degree,GNNDelete,a723ff983ce1cb2331b6e346477e5869882c6f539291e2f8b7437859693327fe,generated/stage_u/citeseer-seed42-r0.01-degree.yaml,False
aagu015-u-citeseer-seed42-r0.01-degree/GIF,aagu015-s-citeseer-seed42-r0.01/degree,GIF,f195cd8423c2411ebf28eae6fde6e570c4dc0889409d0d62975c345b7bff12c5,generated/stage_u/citeseer-seed42-r0.01-degree.yaml,False
aagu015-u-citeseer-seed42-r0.01-gt_full/GNNDelete,aagu015-s-citeseer-seed42-r0.01/gt_full,GNNDelete,a723ff983ce1cb2331b6e346477e5869882c6f539291e2f8b7437859693327fe,generated/stage_u/citeseer-seed42-r0.01-gt_full.yaml,False
aagu015-u-citeseer-seed42-r0.01-gt_full/GIF,aagu015-s-citeseer-seed42-r0.01/gt_full,GIF,f195cd8423c2411ebf28eae6fde6e570c4dc0889409d0d62975c345b7bff12c5,generated/stage_u/citeseer-seed42-r0.01-gt_full.yaml,False
aagu015-u-citeseer-seed42-r0.01-gt_simple/GNNDelete,aagu015-s-citeseer-seed42-r0.01/gt_simple,GNNDelete,a723ff983ce1cb2331b6e346477e5869882c6f539291e2f8b7437859693327fe,generated/stage_u/citeseer-seed42-r0.01-gt_simple.yaml,False
aagu015-u-citeseer-seed42-r0.01-gt_simple/GIF,aagu015-s-citeseer-seed42-r0.01/gt_simple,GIF,f195cd8423c2411ebf28eae6fde6e570c4dc0889409d0d62975c345b7bff12c5,generated/stage_u/citeseer-seed42-r0.01-gt_simple.yaml,False
aagu015-u-citeseer-seed42-r0.01-legacy/GNNDelete,aagu015-s-citeseer-seed42-r0.01/legacy,GNNDelete,a723ff983ce1cb2331b6e346477e5869882c6f539291e2f8b7437859693327fe,generated/stage_u/citeseer-seed42-r0.01-legacy.yaml,False
aagu015-u-citeseer-seed42-r0.01-legacy/GIF,aagu015-s-citeseer-seed42-r0.01/legacy,GIF,f195cd8423c2411ebf28eae6fde6e570c4dc0889409d0d62975c345b7bff12c5,generated/stage_u/citeseer-seed42-r0.01-legacy.yaml,False
aagu015-u-citeseer-seed42-r0.01-p_graph/GNNDelete,aagu015-s-citeseer-seed42-r0.01/p_graph,GNNDelete,a723ff983ce1cb2331b6e346477e5869882c6f539291e2f8b7437859693327fe,generated/stage_u/citeseer-seed42-r0.01-p_graph.yaml,False
aagu015-u-citeseer-seed42-r0.01-p_graph/GIF,aagu015-s-citeseer-seed42-r0.01/p_graph,GIF,f195cd8423c2411ebf28eae6fde6e570c4dc0889409d0d62975c345b7bff12c5,generated/stage_u/citeseer-seed42-r0.01-p_graph.yaml,False
aagu015-u-citeseer-seed42-r0.01-p_point/GNNDelete,aagu015-s-citeseer-seed42-r0.01/p_point,GNNDelete,a723ff983ce1cb2331b6e346477e5869882c6f539291e2f8b7437859693327fe,generated/stage_u/citeseer-seed42-r0.01-p_point.yaml,False
aagu015-u-citeseer-seed42-r0.01-p_point/GIF,aagu015-s-citeseer-seed42-r0.01/p_point,GIF,f195cd8423c2411ebf28eae6fde6e570c4dc0889409d0d62975c345b7bff12c5,generated/stage_u/citeseer-seed42-r0.01-p_point.yaml,False
aagu015-u-citeseer-seed42-r0.01-p_simple/GNNDelete,aagu015-s-citeseer-seed42-r0.01/p_simple,GNNDelete,a723ff983ce1cb2331b6e346477e5869882c6f539291e2f8b7437859693327fe,generated/stage_u/citeseer-seed42-r0.01-p_simple.yaml,False
aagu015-u-citeseer-seed42-r0.01-p_simple/GIF,aagu015-s-citeseer-seed42-r0.01/p_simple,GIF,f195cd8423c2411ebf28eae6fde6e570c4dc0889409d0d62975c345b7bff12c5,generated/stage_u/citeseer-seed42-r0.01-p_simple.yaml,False
aagu015-u-citeseer-seed42-r0.01-r_point/GNNDelete,aagu015-s-citeseer-seed42-r0.01/r_point,GNNDelete,a723ff983ce1cb2331b6e346477e5869882c6f539291e2f8b7437859693327fe,generated/stage_u/citeseer-seed42-r0.01-r_point.yaml,False
aagu015-u-citeseer-seed42-r0.01-r_point/GIF,aagu015-s-citeseer-seed42-r0.01/r_point,GIF,f195cd8423c2411ebf28eae6fde6e570c4dc0889409d0d62975c345b7bff12c5,generated/stage_u/citeseer-seed42-r0.01-r_point.yaml,False
aagu015-u-citeseer-seed42-r0.01-random/GNNDelete,aagu015-s-citeseer-seed42-r0.01/random,GNNDelete,a723ff983ce1cb2331b6e346477e5869882c6f539291e2f8b7437859693327fe,generated/stage_u/citeseer-seed42-r0.01-random.yaml,False
aagu015-u-citeseer-seed42-r0.01-random/GIF,aagu015-s-citeseer-seed42-r0.01/random,GIF,f195cd8423c2411ebf28eae6fde6e570c4dc0889409d0d62975c345b7bff12c5,generated/stage_u/citeseer-seed42-r0.01-random.yaml,False
aagu015-u-citeseer-seed42-r0.01-tracin_cp_graph_3/GNNDelete,aagu015-s-citeseer-seed42-r0.01/tracin_cp_graph_3,GNNDelete,a723ff983ce1cb2331b6e346477e5869882c6f539291e2f8b7437859693327fe,generated/stage_u/citeseer-seed42-r0.01-tracin_cp_graph_3.yaml,False
aagu015-u-citeseer-seed42-r0.01-tracin_cp_graph_3/GIF,aagu015-s-citeseer-seed42-r0.01/tracin_cp_graph_3,GIF,f195cd8423c2411ebf28eae6fde6e570c4dc0889409d0d62975c345b7bff12c5,generated/stage_u/citeseer-seed42-r0.01-tracin_cp_graph_3.yaml,False
aagu015-u-citeseer-seed42-r0.01-tracin_cp_graph_6/GNNDelete,aagu015-s-citeseer-seed42-r0.01/tracin_cp_graph_6,GNNDelete,a723ff983ce1cb2331b6e346477e5869882c6f539291e2f8b7437859693327fe,generated/stage_u/citeseer-seed42-r0.01-tracin_cp_graph_6.yaml,False
aagu015-u-citeseer-seed42-r0.01-tracin_cp_graph_6/GIF,aagu015-s-citeseer-seed42-r0.01/tracin_cp_graph_6,GIF,f195cd8423c2411ebf28eae6fde6e570c4dc0889409d0d62975c345b7bff12c5,generated/stage_u/citeseer-seed42-r0.01-tracin_cp_graph_6.yaml,False
aagu015-u-citeseer-seed42-r0.01-tracin_cp_point_3/GNNDelete,aagu015-s-citeseer-seed42-r0.01/tracin_cp_point_3,GNNDelete,a723ff983ce1cb2331b6e346477e5869882c6f539291e2f8b7437859693327fe,generated/stage_u/citeseer-seed42-r0.01-tracin_cp_point_3.yaml,False
aagu015-u-citeseer-seed42-r0.01-tracin_cp_point_3/GIF,aagu015-s-citeseer-seed42-r0.01/tracin_cp_point_3,GIF,f195cd8423c2411ebf28eae6fde6e570c4dc0889409d0d62975c345b7bff12c5,generated/stage_u/citeseer-seed42-r0.01-tracin_cp_point_3.yaml,False
aagu015-u-citeseer-seed42-r0.01-tracin_cp_point_6/GNNDelete,aagu015-s-citeseer-seed42-r0.01/tracin_cp_point_6,GNNDelete,a723ff983ce1cb2331b6e346477e5869882c6f539291e2f8b7437859693327fe,generated/stage_u/citeseer-seed42-r0.01-tracin_cp_point_6.yaml,False
aagu015-u-citeseer-seed42-r0.01-tracin_cp_point_6/GIF,aagu015-s-citeseer-seed42-r0.01/tracin_cp_point_6,GIF,f195cd8423c2411ebf28eae6fde6e570c4dc0889409d0d62975c345b7bff12c5,generated/stage_u/citeseer-seed42-r0.01-tracin_cp_point_6.yaml,False
aagu015-u-citeseer-seed42-r0.01-tracin_cp_simple_3/GNNDelete,aagu015-s-citeseer-seed42-r0.01/tracin_cp_simple_3,GNNDelete,a723ff983ce1cb2331b6e346477e5869882c6f539291e2f8b7437859693327fe,generated/stage_u/citeseer-seed42-r0.01-tracin_cp_simple_3.yaml,False
aagu015-u-citeseer-seed42-r0.01-tracin_cp_simple_3/GIF,aagu015-s-citeseer-seed42-r0.01/tracin_cp_simple_3,GIF,f195cd8423c2411ebf28eae6fde6e570c4dc0889409d0d62975c345b7bff12c5,generated/stage_u/citeseer-seed42-r0.01-tracin_cp_simple_3.yaml,False
aagu015-u-citeseer-seed42-r0.01-tracin_cp_simple_6/GNNDelete,aagu015-s-citeseer-seed42-r0.01/tracin_cp_simple_6,GNNDelete,a723ff983ce1cb2331b6e346477e5869882c6f539291e2f8b7437859693327fe,generated/stage_u/citeseer-seed42-r0.01-tracin_cp_simple_6.yaml,False
aagu015-u-citeseer-seed42-r0.01-tracin_cp_simple_6/GIF,aagu015-s-citeseer-seed42-r0.01/tracin_cp_simple_6,GIF,f195cd8423c2411ebf28eae6fde6e570c4dc0889409d0d62975c345b7bff12c5,generated/stage_u/citeseer-seed42-r0.01-tracin_cp_simple_6.yaml,False
aagu015-u-citeseer-seed42-r0.05-a_grad_norm/GNNDelete,aagu015-s-citeseer-seed42-r0.05/a_grad_norm,GNNDelete,a723ff983ce1cb2331b6e346477e5869882c6f539291e2f8b7437859693327fe,generated/stage_u/citeseer-seed42-r0.05-a_grad_norm.yaml,False
aagu015-u-citeseer-seed42-r0.05-a_grad_norm/GIF,aagu015-s-citeseer-seed42-r0.05/a_grad_norm,GIF,f195cd8423c2411ebf28eae6fde6e570c4dc0889409d0d62975c345b7bff12c5,generated/stage_u/citeseer-seed42-r0.05-a_grad_norm.yaml,False
aagu015-u-citeseer-seed42-r0.05-b_param_hutch/GNNDelete,aagu015-s-citeseer-seed42-r0.05/b_param_hutch,GNNDelete,a723ff983ce1cb2331b6e346477e5869882c6f539291e2f8b7437859693327fe,generated/stage_u/citeseer-seed42-r0.05-b_param_hutch.yaml,False
aagu015-u-citeseer-seed42-r0.05-b_param_hutch/GIF,aagu015-s-citeseer-seed42-r0.05/b_param_hutch,GIF,f195cd8423c2411ebf28eae6fde6e570c4dc0889409d0d62975c345b7bff12c5,generated/stage_u/citeseer-seed42-r0.05-b_param_hutch.yaml,False
aagu015-u-citeseer-seed42-r0.05-degree/GNNDelete,aagu015-s-citeseer-seed42-r0.05/degree,GNNDelete,a723ff983ce1cb2331b6e346477e5869882c6f539291e2f8b7437859693327fe,generated/stage_u/citeseer-seed42-r0.05-degree.yaml,False
aagu015-u-citeseer-seed42-r0.05-degree/GIF,aagu015-s-citeseer-seed42-r0.05/degree,GIF,f195cd8423c2411ebf28eae6fde6e570c4dc0889409d0d62975c345b7bff12c5,generated/stage_u/citeseer-seed42-r0.05-degree.yaml,False
aagu015-u-citeseer-seed42-r0.05-gt_full/GNNDelete,aagu015-s-citeseer-seed42-r0.05/gt_full,GNNDelete,a723ff983ce1cb2331b6e346477e5869882c6f539291e2f8b7437859693327fe,generated/stage_u/citeseer-seed42-r0.05-gt_full.yaml,False
aagu015-u-citeseer-seed42-r0.05-gt_full/GIF,aagu015-s-citeseer-seed42-r0.05/gt_full,GIF,f195cd8423c2411ebf28eae6fde6e570c4dc0889409d0d62975c345b7bff12c5,generated/stage_u/citeseer-seed42-r0.05-gt_full.yaml,False
aagu015-u-citeseer-seed42-r0.05-gt_simple/GNNDelete,aagu015-s-citeseer-seed42-r0.05/gt_simple,GNNDelete,a723ff983ce1cb2331b6e346477e5869882c6f539291e2f8b7437859693327fe,generated/stage_u/citeseer-seed42-r0.05-gt_simple.yaml,False
aagu015-u-citeseer-seed42-r0.05-gt_simple/GIF,aagu015-s-citeseer-seed42-r0.05/gt_simple,GIF,f195cd8423c2411ebf28eae6fde6e570c4dc0889409d0d62975c345b7bff12c5,generated/stage_u/citeseer-seed42-r0.05-gt_simple.yaml,False
aagu015-u-citeseer-seed42-r0.05-legacy/GNNDelete,aagu015-s-citeseer-seed42-r0.05/legacy,GNNDelete,a723ff983ce1cb2331b6e346477e5869882c6f539291e2f8b7437859693327fe,generated/stage_u/citeseer-seed42-r0.05-legacy.yaml,False
aagu015-u-citeseer-seed42-r0.05-legacy/GIF,aagu015-s-citeseer-seed42-r0.05/legacy,GIF,f195cd8423c2411ebf28eae6fde6e570c4dc0889409d0d62975c345b7bff12c5,generated/stage_u/citeseer-seed42-r0.05-legacy.yaml,False
aagu015-u-citeseer-seed42-r0.05-p_graph/GNNDelete,aagu015-s-citeseer-seed42-r0.05/p_graph,GNNDelete,a723ff983ce1cb2331b6e346477e5869882c6f539291e2f8b7437859693327fe,generated/stage_u/citeseer-seed42-r0.05-p_graph.yaml,False
aagu015-u-citeseer-seed42-r0.05-p_graph/GIF,aagu015-s-citeseer-seed42-r0.05/p_graph,GIF,f195cd8423c2411ebf28eae6fde6e570c4dc0889409d0d62975c345b7bff12c5,generated/stage_u/citeseer-seed42-r0.05-p_graph.yaml,False
aagu015-u-citeseer-seed42-r0.05-p_point/GNNDelete,aagu015-s-citeseer-seed42-r0.05/p_point,GNNDelete,a723ff983ce1cb2331b6e346477e5869882c6f539291e2f8b7437859693327fe,generated/stage_u/citeseer-seed42-r0.05-p_point.yaml,False
aagu015-u-citeseer-seed42-r0.05-p_point/GIF,aagu015-s-citeseer-seed42-r0.05/p_point,GIF,f195cd8423c2411ebf28eae6fde6e570c4dc0889409d0d62975c345b7bff12c5,generated/stage_u/citeseer-seed42-r0.05-p_point.yaml,False
aagu015-u-citeseer-seed42-r0.05-p_simple/GNNDelete,aagu015-s-citeseer-seed42-r0.05/p_simple,GNNDelete,a723ff983ce1cb2331b6e346477e5869882c6f539291e2f8b7437859693327fe,generated/stage_u/citeseer-seed42-r0.05-p_simple.yaml,False
aagu015-u-citeseer-seed42-r0.05-p_simple/GIF,aagu015-s-citeseer-seed42-r0.05/p_simple,GIF,f195cd8423c2411ebf28eae6fde6e570c4dc0889409d0d62975c345b7bff12c5,generated/stage_u/citeseer-seed42-r0.05-p_simple.yaml,False
aagu015-u-citeseer-seed42-r0.05-r_point/GNNDelete,aagu015-s-citeseer-seed42-r0.05/r_point,GNNDelete,a723ff983ce1cb2331b6e346477e5869882c6f539291e2f8b7437859693327fe,generated/stage_u/citeseer-seed42-r0.05-r_point.yaml,False
aagu015-u-citeseer-seed42-r0.05-r_point/GIF,aagu015-s-citeseer-seed42-r0.05/r_point,GIF,f195cd8423c2411ebf28eae6fde6e570c4dc0889409d0d62975c345b7bff12c5,generated/stage_u/citeseer-seed42-r0.05-r_point.yaml,False
aagu015-u-citeseer-seed42-r0.05-random/GNNDelete,aagu015-s-citeseer-seed42-r0.05/random,GNNDelete,a723ff983ce1cb2331b6e346477e5869882c6f539291e2f8b7437859693327fe,generated/stage_u/citeseer-seed42-r0.05-random.yaml,False
aagu015-u-citeseer-seed42-r0.05-random/GIF,aagu015-s-citeseer-seed42-r0.05/random,GIF,f195cd8423c2411ebf28eae6fde6e570c4dc0889409d0d62975c345b7bff12c5,generated/stage_u/citeseer-seed42-r0.05-random.yaml,False
aagu015-u-citeseer-seed42-r0.05-tracin_cp_graph_3/GNNDelete,aagu015-s-citeseer-seed42-r0.05/tracin_cp_graph_3,GNNDelete,a723ff983ce1cb2331b6e346477e5869882c6f539291e2f8b7437859693327fe,generated/stage_u/citeseer-seed42-r0.05-tracin_cp_graph_3.yaml,False
aagu015-u-citeseer-seed42-r0.05-tracin_cp_graph_3/GIF,aagu015-s-citeseer-seed42-r0.05/tracin_cp_graph_3,GIF,f195cd8423c2411ebf28eae6fde6e570c4dc0889409d0d62975c345b7bff12c5,generated/stage_u/citeseer-seed42-r0.05-tracin_cp_graph_3.yaml,False
aagu015-u-citeseer-seed42-r0.05-tracin_cp_graph_6/GNNDelete,aagu015-s-citeseer-seed42-r0.05/tracin_cp_graph_6,GNNDelete,a723ff983ce1cb2331b6e346477e5869882c6f539291e2f8b7437859693327fe,generated/stage_u/citeseer-seed42-r0.05-tracin_cp_graph_6.yaml,False
aagu015-u-citeseer-seed42-r0.05-tracin_cp_graph_6/GIF,aagu015-s-citeseer-seed42-r0.05/tracin_cp_graph_6,GIF,f195cd8423c2411ebf28eae6fde6e570c4dc0889409d0d62975c345b7bff12c5,generated/stage_u/citeseer-seed42-r0.05-tracin_cp_graph_6.yaml,False
aagu015-u-citeseer-seed42-r0.05-tracin_cp_point_3/GNNDelete,aagu015-s-citeseer-seed42-r0.05/tracin_cp_point_3,GNNDelete,a723ff983ce1cb2331b6e346477e5869882c6f539291e2f8b7437859693327fe,generated/stage_u/citeseer-seed42-r0.05-tracin_cp_point_3.yaml,False
aagu015-u-citeseer-seed42-r0.05-tracin_cp_point_3/GIF,aagu015-s-citeseer-seed42-r0.05/tracin_cp_point_3,GIF,f195cd8423c2411ebf28eae6fde6e570c4dc0889409d0d62975c345b7bff12c5,generated/stage_u/citeseer-seed42-r0.05-tracin_cp_point_3.yaml,False
aagu015-u-citeseer-seed42-r0.05-tracin_cp_point_6/GNNDelete,aagu015-s-citeseer-seed42-r0.05/tracin_cp_point_6,GNNDelete,a723ff983ce1cb2331b6e346477e5869882c6f539291e2f8b7437859693327fe,generated/stage_u/citeseer-seed42-r0.05-tracin_cp_point_6.yaml,False
aagu015-u-citeseer-seed42-r0.05-tracin_cp_point_6/GIF,aagu015-s-citeseer-seed42-r0.05/tracin_cp_point_6,GIF,f195cd8423c2411ebf28eae6fde6e570c4dc0889409d0d62975c345b7bff12c5,generated/stage_u/citeseer-seed42-r0.05-tracin_cp_point_6.yaml,False
aagu015-u-citeseer-seed42-r0.05-tracin_cp_simple_3/GNNDelete,aagu015-s-citeseer-seed42-r0.05/tracin_cp_simple_3,GNNDelete,a723ff983ce1cb2331b6e346477e5869882c6f539291e2f8b7437859693327fe,generated/stage_u/citeseer-seed42-r0.05-tracin_cp_simple_3.yaml,False
aagu015-u-citeseer-seed42-r0.05-tracin_cp_simple_3/GIF,aagu015-s-citeseer-seed42-r0.05/tracin_cp_simple_3,GIF,f195cd8423c2411ebf28eae6fde6e570c4dc0889409d0d62975c345b7bff12c5,generated/stage_u/citeseer-seed42-r0.05-tracin_cp_simple_3.yaml,False
aagu015-u-citeseer-seed42-r0.05-tracin_cp_simple_6/GNNDelete,aagu015-s-citeseer-seed42-r0.05/tracin_cp_simple_6,GNNDelete,a723ff983ce1cb2331b6e346477e5869882c6f539291e2f8b7437859693327fe,generated/stage_u/citeseer-seed42-r0.05-tracin_cp_simple_6.yaml,False
aagu015-u-citeseer-seed42-r0.05-tracin_cp_simple_6/GIF,aagu015-s-citeseer-seed42-r0.05/tracin_cp_simple_6,GIF,f195cd8423c2411ebf28eae6fde6e570c4dc0889409d0d62975c345b7bff12c5,generated/stage_u/citeseer-seed42-r0.05-tracin_cp_simple_6.yaml,False
aagu015-u-cora-seed2024-r0.01-a_grad_norm/GNNDelete,aagu015-s-cora-seed2024-r0.01/a_grad_norm,GNNDelete,0d6942f259ca309422f35359b08b05fda307295576415fac8c79c3ead96edeef,generated/stage_u/cora-seed2024-r0.01-a_grad_norm.yaml,False
aagu015-u-cora-seed2024-r0.01-a_grad_norm/GIF,aagu015-s-cora-seed2024-r0.01/a_grad_norm,GIF,62ada2d9af9908fa656b9ba489f4acf4e4ca051296cd4162a763492dab1c14a9,generated/stage_u/cora-seed2024-r0.01-a_grad_norm.yaml,False
aagu015-u-cora-seed2024-r0.01-b_param_hutch/GNNDelete,aagu015-s-cora-seed2024-r0.01/b_param_hutch,GNNDelete,0d6942f259ca309422f35359b08b05fda307295576415fac8c79c3ead96edeef,generated/stage_u/cora-seed2024-r0.01-b_param_hutch.yaml,False
aagu015-u-cora-seed2024-r0.01-b_param_hutch/GIF,aagu015-s-cora-seed2024-r0.01/b_param_hutch,GIF,62ada2d9af9908fa656b9ba489f4acf4e4ca051296cd4162a763492dab1c14a9,generated/stage_u/cora-seed2024-r0.01-b_param_hutch.yaml,False
aagu015-u-cora-seed2024-r0.01-degree/GNNDelete,aagu015-s-cora-seed2024-r0.01/degree,GNNDelete,0d6942f259ca309422f35359b08b05fda307295576415fac8c79c3ead96edeef,generated/stage_u/cora-seed2024-r0.01-degree.yaml,False
aagu015-u-cora-seed2024-r0.01-degree/GIF,aagu015-s-cora-seed2024-r0.01/degree,GIF,62ada2d9af9908fa656b9ba489f4acf4e4ca051296cd4162a763492dab1c14a9,generated/stage_u/cora-seed2024-r0.01-degree.yaml,False
aagu015-u-cora-seed2024-r0.01-gt_full/GNNDelete,aagu015-s-cora-seed2024-r0.01/gt_full,GNNDelete,0d6942f259ca309422f35359b08b05fda307295576415fac8c79c3ead96edeef,generated/stage_u/cora-seed2024-r0.01-gt_full.yaml,False
aagu015-u-cora-seed2024-r0.01-gt_full/GIF,aagu015-s-cora-seed2024-r0.01/gt_full,GIF,62ada2d9af9908fa656b9ba489f4acf4e4ca051296cd4162a763492dab1c14a9,generated/stage_u/cora-seed2024-r0.01-gt_full.yaml,False
aagu015-u-cora-seed2024-r0.01-gt_simple/GNNDelete,aagu015-s-cora-seed2024-r0.01/gt_simple,GNNDelete,0d6942f259ca309422f35359b08b05fda307295576415fac8c79c3ead96edeef,generated/stage_u/cora-seed2024-r0.01-gt_simple.yaml,False
aagu015-u-cora-seed2024-r0.01-gt_simple/GIF,aagu015-s-cora-seed2024-r0.01/gt_simple,GIF,62ada2d9af9908fa656b9ba489f4acf4e4ca051296cd4162a763492dab1c14a9,generated/stage_u/cora-seed2024-r0.01-gt_simple.yaml,False
aagu015-u-cora-seed2024-r0.01-legacy/GNNDelete,aagu015-s-cora-seed2024-r0.01/legacy,GNNDelete,0d6942f259ca309422f35359b08b05fda307295576415fac8c79c3ead96edeef,generated/stage_u/cora-seed2024-r0.01-legacy.yaml,False
aagu015-u-cora-seed2024-r0.01-legacy/GIF,aagu015-s-cora-seed2024-r0.01/legacy,GIF,62ada2d9af9908fa656b9ba489f4acf4e4ca051296cd4162a763492dab1c14a9,generated/stage_u/cora-seed2024-r0.01-legacy.yaml,False
aagu015-u-cora-seed2024-r0.01-p_graph/GNNDelete,aagu015-s-cora-seed2024-r0.01/p_graph,GNNDelete,0d6942f259ca309422f35359b08b05fda307295576415fac8c79c3ead96edeef,generated/stage_u/cora-seed2024-r0.01-p_graph.yaml,False
aagu015-u-cora-seed2024-r0.01-p_graph/GIF,aagu015-s-cora-seed2024-r0.01/p_graph,GIF,62ada2d9af9908fa656b9ba489f4acf4e4ca051296cd4162a763492dab1c14a9,generated/stage_u/cora-seed2024-r0.01-p_graph.yaml,False
aagu015-u-cora-seed2024-r0.01-p_point/GNNDelete,aagu015-s-cora-seed2024-r0.01/p_point,GNNDelete,0d6942f259ca309422f35359b08b05fda307295576415fac8c79c3ead96edeef,generated/stage_u/cora-seed2024-r0.01-p_point.yaml,False
aagu015-u-cora-seed2024-r0.01-p_point/GIF,aagu015-s-cora-seed2024-r0.01/p_point,GIF,62ada2d9af9908fa656b9ba489f4acf4e4ca051296cd4162a763492dab1c14a9,generated/stage_u/cora-seed2024-r0.01-p_point.yaml,False
aagu015-u-cora-seed2024-r0.01-p_simple/GNNDelete,aagu015-s-cora-seed2024-r0.01/p_simple,GNNDelete,0d6942f259ca309422f35359b08b05fda307295576415fac8c79c3ead96edeef,generated/stage_u/cora-seed2024-r0.01-p_simple.yaml,False
aagu015-u-cora-seed2024-r0.01-p_simple/GIF,aagu015-s-cora-seed2024-r0.01/p_simple,GIF,62ada2d9af9908fa656b9ba489f4acf4e4ca051296cd4162a763492dab1c14a9,generated/stage_u/cora-seed2024-r0.01-p_simple.yaml,False
aagu015-u-cora-seed2024-r0.01-r_point/GNNDelete,aagu015-s-cora-seed2024-r0.01/r_point,GNNDelete,0d6942f259ca309422f35359b08b05fda307295576415fac8c79c3ead96edeef,generated/stage_u/cora-seed2024-r0.01-r_point.yaml,False
aagu015-u-cora-seed2024-r0.01-r_point/GIF,aagu015-s-cora-seed2024-r0.01/r_point,GIF,62ada2d9af9908fa656b9ba489f4acf4e4ca051296cd4162a763492dab1c14a9,generated/stage_u/cora-seed2024-r0.01-r_point.yaml,False
aagu015-u-cora-seed2024-r0.01-random/GNNDelete,aagu015-s-cora-seed2024-r0.01/random,GNNDelete,0d6942f259ca309422f35359b08b05fda307295576415fac8c79c3ead96edeef,generated/stage_u/cora-seed2024-r0.01-random.yaml,False
aagu015-u-cora-seed2024-r0.01-random/GIF,aagu015-s-cora-seed2024-r0.01/random,GIF,62ada2d9af9908fa656b9ba489f4acf4e4ca051296cd4162a763492dab1c14a9,generated/stage_u/cora-seed2024-r0.01-random.yaml,False
aagu015-u-cora-seed2024-r0.01-tracin_cp_graph_3/GNNDelete,aagu015-s-cora-seed2024-r0.01/tracin_cp_graph_3,GNNDelete,0d6942f259ca309422f35359b08b05fda307295576415fac8c79c3ead96edeef,generated/stage_u/cora-seed2024-r0.01-tracin_cp_graph_3.yaml,False
aagu015-u-cora-seed2024-r0.01-tracin_cp_graph_3/GIF,aagu015-s-cora-seed2024-r0.01/tracin_cp_graph_3,GIF,62ada2d9af9908fa656b9ba489f4acf4e4ca051296cd4162a763492dab1c14a9,generated/stage_u/cora-seed2024-r0.01-tracin_cp_graph_3.yaml,False
aagu015-u-cora-seed2024-r0.01-tracin_cp_graph_6/GNNDelete,aagu015-s-cora-seed2024-r0.01/tracin_cp_graph_6,GNNDelete,0d6942f259ca309422f35359b08b05fda307295576415fac8c79c3ead96edeef,generated/stage_u/cora-seed2024-r0.01-tracin_cp_graph_6.yaml,False
aagu015-u-cora-seed2024-r0.01-tracin_cp_graph_6/GIF,aagu015-s-cora-seed2024-r0.01/tracin_cp_graph_6,GIF,62ada2d9af9908fa656b9ba489f4acf4e4ca051296cd4162a763492dab1c14a9,generated/stage_u/cora-seed2024-r0.01-tracin_cp_graph_6.yaml,False
aagu015-u-cora-seed2024-r0.01-tracin_cp_point_3/GNNDelete,aagu015-s-cora-seed2024-r0.01/tracin_cp_point_3,GNNDelete,0d6942f259ca309422f35359b08b05fda307295576415fac8c79c3ead96edeef,generated/stage_u/cora-seed2024-r0.01-tracin_cp_point_3.yaml,False
aagu015-u-cora-seed2024-r0.01-tracin_cp_point_3/GIF,aagu015-s-cora-seed2024-r0.01/tracin_cp_point_3,GIF,62ada2d9af9908fa656b9ba489f4acf4e4ca051296cd4162a763492dab1c14a9,generated/stage_u/cora-seed2024-r0.01-tracin_cp_point_3.yaml,False
aagu015-u-cora-seed2024-r0.01-tracin_cp_point_6/GNNDelete,aagu015-s-cora-seed2024-r0.01/tracin_cp_point_6,GNNDelete,0d6942f259ca309422f35359b08b05fda307295576415fac8c79c3ead96edeef,generated/stage_u/cora-seed2024-r0.01-tracin_cp_point_6.yaml,False
aagu015-u-cora-seed2024-r0.01-tracin_cp_point_6/GIF,aagu015-s-cora-seed2024-r0.01/tracin_cp_point_6,GIF,62ada2d9af9908fa656b9ba489f4acf4e4ca051296cd4162a763492dab1c14a9,generated/stage_u/cora-seed2024-r0.01-tracin_cp_point_6.yaml,False
aagu015-u-cora-seed2024-r0.01-tracin_cp_simple_3/GNNDelete,aagu015-s-cora-seed2024-r0.01/tracin_cp_simple_3,GNNDelete,0d6942f259ca309422f35359b08b05fda307295576415fac8c79c3ead96edeef,generated/stage_u/cora-seed2024-r0.01-tracin_cp_simple_3.yaml,False
aagu015-u-cora-seed2024-r0.01-tracin_cp_simple_3/GIF,aagu015-s-cora-seed2024-r0.01/tracin_cp_simple_3,GIF,62ada2d9af9908fa656b9ba489f4acf4e4ca051296cd4162a763492dab1c14a9,generated/stage_u/cora-seed2024-r0.01-tracin_cp_simple_3.yaml,False
aagu015-u-cora-seed2024-r0.01-tracin_cp_simple_6/GNNDelete,aagu015-s-cora-seed2024-r0.01/tracin_cp_simple_6,GNNDelete,0d6942f259ca309422f35359b08b05fda307295576415fac8c79c3ead96edeef,generated/stage_u/cora-seed2024-r0.01-tracin_cp_simple_6.yaml,False
aagu015-u-cora-seed2024-r0.01-tracin_cp_simple_6/GIF,aagu015-s-cora-seed2024-r0.01/tracin_cp_simple_6,GIF,62ada2d9af9908fa656b9ba489f4acf4e4ca051296cd4162a763492dab1c14a9,generated/stage_u/cora-seed2024-r0.01-tracin_cp_simple_6.yaml,False
aagu015-u-cora-seed2024-r0.05-a_grad_norm/GNNDelete,aagu015-s-cora-seed2024-r0.05/a_grad_norm,GNNDelete,0d6942f259ca309422f35359b08b05fda307295576415fac8c79c3ead96edeef,generated/stage_u/cora-seed2024-r0.05-a_grad_norm.yaml,False
aagu015-u-cora-seed2024-r0.05-a_grad_norm/GIF,aagu015-s-cora-seed2024-r0.05/a_grad_norm,GIF,62ada2d9af9908fa656b9ba489f4acf4e4ca051296cd4162a763492dab1c14a9,generated/stage_u/cora-seed2024-r0.05-a_grad_norm.yaml,False
aagu015-u-cora-seed2024-r0.05-b_param_hutch/GNNDelete,aagu015-s-cora-seed2024-r0.05/b_param_hutch,GNNDelete,0d6942f259ca309422f35359b08b05fda307295576415fac8c79c3ead96edeef,generated/stage_u/cora-seed2024-r0.05-b_param_hutch.yaml,False
aagu015-u-cora-seed2024-r0.05-b_param_hutch/GIF,aagu015-s-cora-seed2024-r0.05/b_param_hutch,GIF,62ada2d9af9908fa656b9ba489f4acf4e4ca051296cd4162a763492dab1c14a9,generated/stage_u/cora-seed2024-r0.05-b_param_hutch.yaml,False
aagu015-u-cora-seed2024-r0.05-degree/GNNDelete,aagu015-s-cora-seed2024-r0.05/degree,GNNDelete,0d6942f259ca309422f35359b08b05fda307295576415fac8c79c3ead96edeef,generated/stage_u/cora-seed2024-r0.05-degree.yaml,False
aagu015-u-cora-seed2024-r0.05-degree/GIF,aagu015-s-cora-seed2024-r0.05/degree,GIF,62ada2d9af9908fa656b9ba489f4acf4e4ca051296cd4162a763492dab1c14a9,generated/stage_u/cora-seed2024-r0.05-degree.yaml,False
aagu015-u-cora-seed2024-r0.05-gt_full/GNNDelete,aagu015-s-cora-seed2024-r0.05/gt_full,GNNDelete,0d6942f259ca309422f35359b08b05fda307295576415fac8c79c3ead96edeef,generated/stage_u/cora-seed2024-r0.05-gt_full.yaml,False
aagu015-u-cora-seed2024-r0.05-gt_full/GIF,aagu015-s-cora-seed2024-r0.05/gt_full,GIF,62ada2d9af9908fa656b9ba489f4acf4e4ca051296cd4162a763492dab1c14a9,generated/stage_u/cora-seed2024-r0.05-gt_full.yaml,False
aagu015-u-cora-seed2024-r0.05-gt_simple/GNNDelete,aagu015-s-cora-seed2024-r0.05/gt_simple,GNNDelete,0d6942f259ca309422f35359b08b05fda307295576415fac8c79c3ead96edeef,generated/stage_u/cora-seed2024-r0.05-gt_simple.yaml,False
aagu015-u-cora-seed2024-r0.05-gt_simple/GIF,aagu015-s-cora-seed2024-r0.05/gt_simple,GIF,62ada2d9af9908fa656b9ba489f4acf4e4ca051296cd4162a763492dab1c14a9,generated/stage_u/cora-seed2024-r0.05-gt_simple.yaml,False
aagu015-u-cora-seed2024-r0.05-legacy/GNNDelete,aagu015-s-cora-seed2024-r0.05/legacy,GNNDelete,0d6942f259ca309422f35359b08b05fda307295576415fac8c79c3ead96edeef,generated/stage_u/cora-seed2024-r0.05-legacy.yaml,False
aagu015-u-cora-seed2024-r0.05-legacy/GIF,aagu015-s-cora-seed2024-r0.05/legacy,GIF,62ada2d9af9908fa656b9ba489f4acf4e4ca051296cd4162a763492dab1c14a9,generated/stage_u/cora-seed2024-r0.05-legacy.yaml,False
aagu015-u-cora-seed2024-r0.05-p_graph/GNNDelete,aagu015-s-cora-seed2024-r0.05/p_graph,GNNDelete,0d6942f259ca309422f35359b08b05fda307295576415fac8c79c3ead96edeef,generated/stage_u/cora-seed2024-r0.05-p_graph.yaml,False
aagu015-u-cora-seed2024-r0.05-p_graph/GIF,aagu015-s-cora-seed2024-r0.05/p_graph,GIF,62ada2d9af9908fa656b9ba489f4acf4e4ca051296cd4162a763492dab1c14a9,generated/stage_u/cora-seed2024-r0.05-p_graph.yaml,False
aagu015-u-cora-seed2024-r0.05-p_point/GNNDelete,aagu015-s-cora-seed2024-r0.05/p_point,GNNDelete,0d6942f259ca309422f35359b08b05fda307295576415fac8c79c3ead96edeef,generated/stage_u/cora-seed2024-r0.05-p_point.yaml,False
aagu015-u-cora-seed2024-r0.05-p_point/GIF,aagu015-s-cora-seed2024-r0.05/p_point,GIF,62ada2d9af9908fa656b9ba489f4acf4e4ca051296cd4162a763492dab1c14a9,generated/stage_u/cora-seed2024-r0.05-p_point.yaml,False
aagu015-u-cora-seed2024-r0.05-p_simple/GNNDelete,aagu015-s-cora-seed2024-r0.05/p_simple,GNNDelete,0d6942f259ca309422f35359b08b05fda307295576415fac8c79c3ead96edeef,generated/stage_u/cora-seed2024-r0.05-p_simple.yaml,False
aagu015-u-cora-seed2024-r0.05-p_simple/GIF,aagu015-s-cora-seed2024-r0.05/p_simple,GIF,62ada2d9af9908fa656b9ba489f4acf4e4ca051296cd4162a763492dab1c14a9,generated/stage_u/cora-seed2024-r0.05-p_simple.yaml,False
aagu015-u-cora-seed2024-r0.05-r_point/GNNDelete,aagu015-s-cora-seed2024-r0.05/r_point,GNNDelete,0d6942f259ca309422f35359b08b05fda307295576415fac8c79c3ead96edeef,generated/stage_u/cora-seed2024-r0.05-r_point.yaml,False
aagu015-u-cora-seed2024-r0.05-r_point/GIF,aagu015-s-cora-seed2024-r0.05/r_point,GIF,62ada2d9af9908fa656b9ba489f4acf4e4ca051296cd4162a763492dab1c14a9,generated/stage_u/cora-seed2024-r0.05-r_point.yaml,False
aagu015-u-cora-seed2024-r0.05-random/GNNDelete,aagu015-s-cora-seed2024-r0.05/random,GNNDelete,0d6942f259ca309422f35359b08b05fda307295576415fac8c79c3ead96edeef,generated/stage_u/cora-seed2024-r0.05-random.yaml,False
aagu015-u-cora-seed2024-r0.05-random/GIF,aagu015-s-cora-seed2024-r0.05/random,GIF,62ada2d9af9908fa656b9ba489f4acf4e4ca051296cd4162a763492dab1c14a9,generated/stage_u/cora-seed2024-r0.05-random.yaml,False
aagu015-u-cora-seed2024-r0.05-tracin_cp_graph_3/GNNDelete,aagu015-s-cora-seed2024-r0.05/tracin_cp_graph_3,GNNDelete,0d6942f259ca309422f35359b08b05fda307295576415fac8c79c3ead96edeef,generated/stage_u/cora-seed2024-r0.05-tracin_cp_graph_3.yaml,False
aagu015-u-cora-seed2024-r0.05-tracin_cp_graph_3/GIF,aagu015-s-cora-seed2024-r0.05/tracin_cp_graph_3,GIF,62ada2d9af9908fa656b9ba489f4acf4e4ca051296cd4162a763492dab1c14a9,generated/stage_u/cora-seed2024-r0.05-tracin_cp_graph_3.yaml,False
aagu015-u-cora-seed2024-r0.05-tracin_cp_graph_6/GNNDelete,aagu015-s-cora-seed2024-r0.05/tracin_cp_graph_6,GNNDelete,0d6942f259ca309422f35359b08b05fda307295576415fac8c79c3ead96edeef,generated/stage_u/cora-seed2024-r0.05-tracin_cp_graph_6.yaml,False
aagu015-u-cora-seed2024-r0.05-tracin_cp_graph_6/GIF,aagu015-s-cora-seed2024-r0.05/tracin_cp_graph_6,GIF,62ada2d9af9908fa656b9ba489f4acf4e4ca051296cd4162a763492dab1c14a9,generated/stage_u/cora-seed2024-r0.05-tracin_cp_graph_6.yaml,False
aagu015-u-cora-seed2024-r0.05-tracin_cp_point_3/GNNDelete,aagu015-s-cora-seed2024-r0.05/tracin_cp_point_3,GNNDelete,0d6942f259ca309422f35359b08b05fda307295576415fac8c79c3ead96edeef,generated/stage_u/cora-seed2024-r0.05-tracin_cp_point_3.yaml,False
aagu015-u-cora-seed2024-r0.05-tracin_cp_point_3/GIF,aagu015-s-cora-seed2024-r0.05/tracin_cp_point_3,GIF,62ada2d9af9908fa656b9ba489f4acf4e4ca051296cd4162a763492dab1c14a9,generated/stage_u/cora-seed2024-r0.05-tracin_cp_point_3.yaml,False
aagu015-u-cora-seed2024-r0.05-tracin_cp_point_6/GNNDelete,aagu015-s-cora-seed2024-r0.05/tracin_cp_point_6,GNNDelete,0d6942f259ca309422f35359b08b05fda307295576415fac8c79c3ead96edeef,generated/stage_u/cora-seed2024-r0.05-tracin_cp_point_6.yaml,False
aagu015-u-cora-seed2024-r0.05-tracin_cp_point_6/GIF,aagu015-s-cora-seed2024-r0.05/tracin_cp_point_6,GIF,62ada2d9af9908fa656b9ba489f4acf4e4ca051296cd4162a763492dab1c14a9,generated/stage_u/cora-seed2024-r0.05-tracin_cp_point_6.yaml,False
aagu015-u-cora-seed2024-r0.05-tracin_cp_simple_3/GNNDelete,aagu015-s-cora-seed2024-r0.05/tracin_cp_simple_3,GNNDelete,0d6942f259ca309422f35359b08b05fda307295576415fac8c79c3ead96edeef,generated/stage_u/cora-seed2024-r0.05-tracin_cp_simple_3.yaml,False
aagu015-u-cora-seed2024-r0.05-tracin_cp_simple_3/GIF,aagu015-s-cora-seed2024-r0.05/tracin_cp_simple_3,GIF,62ada2d9af9908fa656b9ba489f4acf4e4ca051296cd4162a763492dab1c14a9,generated/stage_u/cora-seed2024-r0.05-tracin_cp_simple_3.yaml,False
aagu015-u-cora-seed2024-r0.05-tracin_cp_simple_6/GNNDelete,aagu015-s-cora-seed2024-r0.05/tracin_cp_simple_6,GNNDelete,0d6942f259ca309422f35359b08b05fda307295576415fac8c79c3ead96edeef,generated/stage_u/cora-seed2024-r0.05-tracin_cp_simple_6.yaml,False
aagu015-u-cora-seed2024-r0.05-tracin_cp_simple_6/GIF,aagu015-s-cora-seed2024-r0.05/tracin_cp_simple_6,GIF,62ada2d9af9908fa656b9ba489f4acf4e4ca051296cd4162a763492dab1c14a9,generated/stage_u/cora-seed2024-r0.05-tracin_cp_simple_6.yaml,False
aagu015-u-cora-seed212-r0.01-a_grad_norm/GNNDelete,aagu015-s-cora-seed212-r0.01/a_grad_norm,GNNDelete,338e07575cb5707885fafad63a4f4821549b15d2d47db202875ee90c58c7f3fc,generated/stage_u/cora-seed212-r0.01-a_grad_norm.yaml,False
aagu015-u-cora-seed212-r0.01-a_grad_norm/GIF,aagu015-s-cora-seed212-r0.01/a_grad_norm,GIF,1304cc896db79f22fc2449753d22e29db6305b1e61ae4fd3e3a37e85a49c5f1f,generated/stage_u/cora-seed212-r0.01-a_grad_norm.yaml,False
aagu015-u-cora-seed212-r0.01-b_param_hutch/GNNDelete,aagu015-s-cora-seed212-r0.01/b_param_hutch,GNNDelete,338e07575cb5707885fafad63a4f4821549b15d2d47db202875ee90c58c7f3fc,generated/stage_u/cora-seed212-r0.01-b_param_hutch.yaml,False
aagu015-u-cora-seed212-r0.01-b_param_hutch/GIF,aagu015-s-cora-seed212-r0.01/b_param_hutch,GIF,1304cc896db79f22fc2449753d22e29db6305b1e61ae4fd3e3a37e85a49c5f1f,generated/stage_u/cora-seed212-r0.01-b_param_hutch.yaml,False
aagu015-u-cora-seed212-r0.01-degree/GNNDelete,aagu015-s-cora-seed212-r0.01/degree,GNNDelete,338e07575cb5707885fafad63a4f4821549b15d2d47db202875ee90c58c7f3fc,generated/stage_u/cora-seed212-r0.01-degree.yaml,False
aagu015-u-cora-seed212-r0.01-degree/GIF,aagu015-s-cora-seed212-r0.01/degree,GIF,1304cc896db79f22fc2449753d22e29db6305b1e61ae4fd3e3a37e85a49c5f1f,generated/stage_u/cora-seed212-r0.01-degree.yaml,False
aagu015-u-cora-seed212-r0.01-gt_full/GNNDelete,aagu015-s-cora-seed212-r0.01/gt_full,GNNDelete,338e07575cb5707885fafad63a4f4821549b15d2d47db202875ee90c58c7f3fc,generated/stage_u/cora-seed212-r0.01-gt_full.yaml,False
aagu015-u-cora-seed212-r0.01-gt_full/GIF,aagu015-s-cora-seed212-r0.01/gt_full,GIF,1304cc896db79f22fc2449753d22e29db6305b1e61ae4fd3e3a37e85a49c5f1f,generated/stage_u/cora-seed212-r0.01-gt_full.yaml,False
aagu015-u-cora-seed212-r0.01-gt_simple/GNNDelete,aagu015-s-cora-seed212-r0.01/gt_simple,GNNDelete,338e07575cb5707885fafad63a4f4821549b15d2d47db202875ee90c58c7f3fc,generated/stage_u/cora-seed212-r0.01-gt_simple.yaml,False
aagu015-u-cora-seed212-r0.01-gt_simple/GIF,aagu015-s-cora-seed212-r0.01/gt_simple,GIF,1304cc896db79f22fc2449753d22e29db6305b1e61ae4fd3e3a37e85a49c5f1f,generated/stage_u/cora-seed212-r0.01-gt_simple.yaml,False
aagu015-u-cora-seed212-r0.01-legacy/GNNDelete,aagu015-s-cora-seed212-r0.01/legacy,GNNDelete,338e07575cb5707885fafad63a4f4821549b15d2d47db202875ee90c58c7f3fc,generated/stage_u/cora-seed212-r0.01-legacy.yaml,False
aagu015-u-cora-seed212-r0.01-legacy/GIF,aagu015-s-cora-seed212-r0.01/legacy,GIF,1304cc896db79f22fc2449753d22e29db6305b1e61ae4fd3e3a37e85a49c5f1f,generated/stage_u/cora-seed212-r0.01-legacy.yaml,False
aagu015-u-cora-seed212-r0.01-p_graph/GNNDelete,aagu015-s-cora-seed212-r0.01/p_graph,GNNDelete,338e07575cb5707885fafad63a4f4821549b15d2d47db202875ee90c58c7f3fc,generated/stage_u/cora-seed212-r0.01-p_graph.yaml,False
aagu015-u-cora-seed212-r0.01-p_graph/GIF,aagu015-s-cora-seed212-r0.01/p_graph,GIF,1304cc896db79f22fc2449753d22e29db6305b1e61ae4fd3e3a37e85a49c5f1f,generated/stage_u/cora-seed212-r0.01-p_graph.yaml,False
aagu015-u-cora-seed212-r0.01-p_point/GNNDelete,aagu015-s-cora-seed212-r0.01/p_point,GNNDelete,338e07575cb5707885fafad63a4f4821549b15d2d47db202875ee90c58c7f3fc,generated/stage_u/cora-seed212-r0.01-p_point.yaml,False
aagu015-u-cora-seed212-r0.01-p_point/GIF,aagu015-s-cora-seed212-r0.01/p_point,GIF,1304cc896db79f22fc2449753d22e29db6305b1e61ae4fd3e3a37e85a49c5f1f,generated/stage_u/cora-seed212-r0.01-p_point.yaml,False
aagu015-u-cora-seed212-r0.01-p_simple/GNNDelete,aagu015-s-cora-seed212-r0.01/p_simple,GNNDelete,338e07575cb5707885fafad63a4f4821549b15d2d47db202875ee90c58c7f3fc,generated/stage_u/cora-seed212-r0.01-p_simple.yaml,False
aagu015-u-cora-seed212-r0.01-p_simple/GIF,aagu015-s-cora-seed212-r0.01/p_simple,GIF,1304cc896db79f22fc2449753d22e29db6305b1e61ae4fd3e3a37e85a49c5f1f,generated/stage_u/cora-seed212-r0.01-p_simple.yaml,False
aagu015-u-cora-seed212-r0.01-r_point/GNNDelete,aagu015-s-cora-seed212-r0.01/r_point,GNNDelete,338e07575cb5707885fafad63a4f4821549b15d2d47db202875ee90c58c7f3fc,generated/stage_u/cora-seed212-r0.01-r_point.yaml,False
aagu015-u-cora-seed212-r0.01-r_point/GIF,aagu015-s-cora-seed212-r0.01/r_point,GIF,1304cc896db79f22fc2449753d22e29db6305b1e61ae4fd3e3a37e85a49c5f1f,generated/stage_u/cora-seed212-r0.01-r_point.yaml,False
aagu015-u-cora-seed212-r0.01-random/GNNDelete,aagu015-s-cora-seed212-r0.01/random,GNNDelete,338e07575cb5707885fafad63a4f4821549b15d2d47db202875ee90c58c7f3fc,generated/stage_u/cora-seed212-r0.01-random.yaml,False
aagu015-u-cora-seed212-r0.01-random/GIF,aagu015-s-cora-seed212-r0.01/random,GIF,1304cc896db79f22fc2449753d22e29db6305b1e61ae4fd3e3a37e85a49c5f1f,generated/stage_u/cora-seed212-r0.01-random.yaml,False
aagu015-u-cora-seed212-r0.01-tracin_cp_graph_3/GNNDelete,aagu015-s-cora-seed212-r0.01/tracin_cp_graph_3,GNNDelete,338e07575cb5707885fafad63a4f4821549b15d2d47db202875ee90c58c7f3fc,generated/stage_u/cora-seed212-r0.01-tracin_cp_graph_3.yaml,False
aagu015-u-cora-seed212-r0.01-tracin_cp_graph_3/GIF,aagu015-s-cora-seed212-r0.01/tracin_cp_graph_3,GIF,1304cc896db79f22fc2449753d22e29db6305b1e61ae4fd3e3a37e85a49c5f1f,generated/stage_u/cora-seed212-r0.01-tracin_cp_graph_3.yaml,False
aagu015-u-cora-seed212-r0.01-tracin_cp_graph_6/GNNDelete,aagu015-s-cora-seed212-r0.01/tracin_cp_graph_6,GNNDelete,338e07575cb5707885fafad63a4f4821549b15d2d47db202875ee90c58c7f3fc,generated/stage_u/cora-seed212-r0.01-tracin_cp_graph_6.yaml,False
aagu015-u-cora-seed212-r0.01-tracin_cp_graph_6/GIF,aagu015-s-cora-seed212-r0.01/tracin_cp_graph_6,GIF,1304cc896db79f22fc2449753d22e29db6305b1e61ae4fd3e3a37e85a49c5f1f,generated/stage_u/cora-seed212-r0.01-tracin_cp_graph_6.yaml,False
aagu015-u-cora-seed212-r0.01-tracin_cp_point_3/GNNDelete,aagu015-s-cora-seed212-r0.01/tracin_cp_point_3,GNNDelete,338e07575cb5707885fafad63a4f4821549b15d2d47db202875ee90c58c7f3fc,generated/stage_u/cora-seed212-r0.01-tracin_cp_point_3.yaml,False
aagu015-u-cora-seed212-r0.01-tracin_cp_point_3/GIF,aagu015-s-cora-seed212-r0.01/tracin_cp_point_3,GIF,1304cc896db79f22fc2449753d22e29db6305b1e61ae4fd3e3a37e85a49c5f1f,generated/stage_u/cora-seed212-r0.01-tracin_cp_point_3.yaml,False
aagu015-u-cora-seed212-r0.01-tracin_cp_point_6/GNNDelete,aagu015-s-cora-seed212-r0.01/tracin_cp_point_6,GNNDelete,338e07575cb5707885fafad63a4f4821549b15d2d47db202875ee90c58c7f3fc,generated/stage_u/cora-seed212-r0.01-tracin_cp_point_6.yaml,False
aagu015-u-cora-seed212-r0.01-tracin_cp_point_6/GIF,aagu015-s-cora-seed212-r0.01/tracin_cp_point_6,GIF,1304cc896db79f22fc2449753d22e29db6305b1e61ae4fd3e3a37e85a49c5f1f,generated/stage_u/cora-seed212-r0.01-tracin_cp_point_6.yaml,False
aagu015-u-cora-seed212-r0.01-tracin_cp_simple_3/GNNDelete,aagu015-s-cora-seed212-r0.01/tracin_cp_simple_3,GNNDelete,338e07575cb5707885fafad63a4f4821549b15d2d47db202875ee90c58c7f3fc,generated/stage_u/cora-seed212-r0.01-tracin_cp_simple_3.yaml,False
aagu015-u-cora-seed212-r0.01-tracin_cp_simple_3/GIF,aagu015-s-cora-seed212-r0.01/tracin_cp_simple_3,GIF,1304cc896db79f22fc2449753d22e29db6305b1e61ae4fd3e3a37e85a49c5f1f,generated/stage_u/cora-seed212-r0.01-tracin_cp_simple_3.yaml,False
aagu015-u-cora-seed212-r0.01-tracin_cp_simple_6/GNNDelete,aagu015-s-cora-seed212-r0.01/tracin_cp_simple_6,GNNDelete,338e07575cb5707885fafad63a4f4821549b15d2d47db202875ee90c58c7f3fc,generated/stage_u/cora-seed212-r0.01-tracin_cp_simple_6.yaml,False
aagu015-u-cora-seed212-r0.01-tracin_cp_simple_6/GIF,aagu015-s-cora-seed212-r0.01/tracin_cp_simple_6,GIF,1304cc896db79f22fc2449753d22e29db6305b1e61ae4fd3e3a37e85a49c5f1f,generated/stage_u/cora-seed212-r0.01-tracin_cp_simple_6.yaml,False
aagu015-u-cora-seed212-r0.05-a_grad_norm/GNNDelete,aagu015-s-cora-seed212-r0.05/a_grad_norm,GNNDelete,338e07575cb5707885fafad63a4f4821549b15d2d47db202875ee90c58c7f3fc,generated/stage_u/cora-seed212-r0.05-a_grad_norm.yaml,False
aagu015-u-cora-seed212-r0.05-a_grad_norm/GIF,aagu015-s-cora-seed212-r0.05/a_grad_norm,GIF,1304cc896db79f22fc2449753d22e29db6305b1e61ae4fd3e3a37e85a49c5f1f,generated/stage_u/cora-seed212-r0.05-a_grad_norm.yaml,False
aagu015-u-cora-seed212-r0.05-b_param_hutch/GNNDelete,aagu015-s-cora-seed212-r0.05/b_param_hutch,GNNDelete,338e07575cb5707885fafad63a4f4821549b15d2d47db202875ee90c58c7f3fc,generated/stage_u/cora-seed212-r0.05-b_param_hutch.yaml,False
aagu015-u-cora-seed212-r0.05-b_param_hutch/GIF,aagu015-s-cora-seed212-r0.05/b_param_hutch,GIF,1304cc896db79f22fc2449753d22e29db6305b1e61ae4fd3e3a37e85a49c5f1f,generated/stage_u/cora-seed212-r0.05-b_param_hutch.yaml,False
aagu015-u-cora-seed212-r0.05-degree/GNNDelete,aagu015-s-cora-seed212-r0.05/degree,GNNDelete,338e07575cb5707885fafad63a4f4821549b15d2d47db202875ee90c58c7f3fc,generated/stage_u/cora-seed212-r0.05-degree.yaml,False
aagu015-u-cora-seed212-r0.05-degree/GIF,aagu015-s-cora-seed212-r0.05/degree,GIF,1304cc896db79f22fc2449753d22e29db6305b1e61ae4fd3e3a37e85a49c5f1f,generated/stage_u/cora-seed212-r0.05-degree.yaml,False
aagu015-u-cora-seed212-r0.05-gt_full/GNNDelete,aagu015-s-cora-seed212-r0.05/gt_full,GNNDelete,338e07575cb5707885fafad63a4f4821549b15d2d47db202875ee90c58c7f3fc,generated/stage_u/cora-seed212-r0.05-gt_full.yaml,False
aagu015-u-cora-seed212-r0.05-gt_full/GIF,aagu015-s-cora-seed212-r0.05/gt_full,GIF,1304cc896db79f22fc2449753d22e29db6305b1e61ae4fd3e3a37e85a49c5f1f,generated/stage_u/cora-seed212-r0.05-gt_full.yaml,False
aagu015-u-cora-seed212-r0.05-gt_simple/GNNDelete,aagu015-s-cora-seed212-r0.05/gt_simple,GNNDelete,338e07575cb5707885fafad63a4f4821549b15d2d47db202875ee90c58c7f3fc,generated/stage_u/cora-seed212-r0.05-gt_simple.yaml,False
aagu015-u-cora-seed212-r0.05-gt_simple/GIF,aagu015-s-cora-seed212-r0.05/gt_simple,GIF,1304cc896db79f22fc2449753d22e29db6305b1e61ae4fd3e3a37e85a49c5f1f,generated/stage_u/cora-seed212-r0.05-gt_simple.yaml,False
aagu015-u-cora-seed212-r0.05-legacy/GNNDelete,aagu015-s-cora-seed212-r0.05/legacy,GNNDelete,338e07575cb5707885fafad63a4f4821549b15d2d47db202875ee90c58c7f3fc,generated/stage_u/cora-seed212-r0.05-legacy.yaml,False
aagu015-u-cora-seed212-r0.05-legacy/GIF,aagu015-s-cora-seed212-r0.05/legacy,GIF,1304cc896db79f22fc2449753d22e29db6305b1e61ae4fd3e3a37e85a49c5f1f,generated/stage_u/cora-seed212-r0.05-legacy.yaml,False
aagu015-u-cora-seed212-r0.05-p_graph/GNNDelete,aagu015-s-cora-seed212-r0.05/p_graph,GNNDelete,338e07575cb5707885fafad63a4f4821549b15d2d47db202875ee90c58c7f3fc,generated/stage_u/cora-seed212-r0.05-p_graph.yaml,False
aagu015-u-cora-seed212-r0.05-p_graph/GIF,aagu015-s-cora-seed212-r0.05/p_graph,GIF,1304cc896db79f22fc2449753d22e29db6305b1e61ae4fd3e3a37e85a49c5f1f,generated/stage_u/cora-seed212-r0.05-p_graph.yaml,False
aagu015-u-cora-seed212-r0.05-p_point/GNNDelete,aagu015-s-cora-seed212-r0.05/p_point,GNNDelete,338e07575cb5707885fafad63a4f4821549b15d2d47db202875ee90c58c7f3fc,generated/stage_u/cora-seed212-r0.05-p_point.yaml,False
aagu015-u-cora-seed212-r0.05-p_point/GIF,aagu015-s-cora-seed212-r0.05/p_point,GIF,1304cc896db79f22fc2449753d22e29db6305b1e61ae4fd3e3a37e85a49c5f1f,generated/stage_u/cora-seed212-r0.05-p_point.yaml,False
aagu015-u-cora-seed212-r0.05-p_simple/GNNDelete,aagu015-s-cora-seed212-r0.05/p_simple,GNNDelete,338e07575cb5707885fafad63a4f4821549b15d2d47db202875ee90c58c7f3fc,generated/stage_u/cora-seed212-r0.05-p_simple.yaml,False
aagu015-u-cora-seed212-r0.05-p_simple/GIF,aagu015-s-cora-seed212-r0.05/p_simple,GIF,1304cc896db79f22fc2449753d22e29db6305b1e61ae4fd3e3a37e85a49c5f1f,generated/stage_u/cora-seed212-r0.05-p_simple.yaml,False
aagu015-u-cora-seed212-r0.05-r_point/GNNDelete,aagu015-s-cora-seed212-r0.05/r_point,GNNDelete,338e07575cb5707885fafad63a4f4821549b15d2d47db202875ee90c58c7f3fc,generated/stage_u/cora-seed212-r0.05-r_point.yaml,False
aagu015-u-cora-seed212-r0.05-r_point/GIF,aagu015-s-cora-seed212-r0.05/r_point,GIF,1304cc896db79f22fc2449753d22e29db6305b1e61ae4fd3e3a37e85a49c5f1f,generated/stage_u/cora-seed212-r0.05-r_point.yaml,False
aagu015-u-cora-seed212-r0.05-random/GNNDelete,aagu015-s-cora-seed212-r0.05/random,GNNDelete,338e07575cb5707885fafad63a4f4821549b15d2d47db202875ee90c58c7f3fc,generated/stage_u/cora-seed212-r0.05-random.yaml,False
aagu015-u-cora-seed212-r0.05-random/GIF,aagu015-s-cora-seed212-r0.05/random,GIF,1304cc896db79f22fc2449753d22e29db6305b1e61ae4fd3e3a37e85a49c5f1f,generated/stage_u/cora-seed212-r0.05-random.yaml,False
aagu015-u-cora-seed212-r0.05-tracin_cp_graph_3/GNNDelete,aagu015-s-cora-seed212-r0.05/tracin_cp_graph_3,GNNDelete,338e07575cb5707885fafad63a4f4821549b15d2d47db202875ee90c58c7f3fc,generated/stage_u/cora-seed212-r0.05-tracin_cp_graph_3.yaml,False
aagu015-u-cora-seed212-r0.05-tracin_cp_graph_3/GIF,aagu015-s-cora-seed212-r0.05/tracin_cp_graph_3,GIF,1304cc896db79f22fc2449753d22e29db6305b1e61ae4fd3e3a37e85a49c5f1f,generated/stage_u/cora-seed212-r0.05-tracin_cp_graph_3.yaml,False
aagu015-u-cora-seed212-r0.05-tracin_cp_graph_6/GNNDelete,aagu015-s-cora-seed212-r0.05/tracin_cp_graph_6,GNNDelete,338e07575cb5707885fafad63a4f4821549b15d2d47db202875ee90c58c7f3fc,generated/stage_u/cora-seed212-r0.05-tracin_cp_graph_6.yaml,False
aagu015-u-cora-seed212-r0.05-tracin_cp_graph_6/GIF,aagu015-s-cora-seed212-r0.05/tracin_cp_graph_6,GIF,1304cc896db79f22fc2449753d22e29db6305b1e61ae4fd3e3a37e85a49c5f1f,generated/stage_u/cora-seed212-r0.05-tracin_cp_graph_6.yaml,False
aagu015-u-cora-seed212-r0.05-tracin_cp_point_3/GNNDelete,aagu015-s-cora-seed212-r0.05/tracin_cp_point_3,GNNDelete,338e07575cb5707885fafad63a4f4821549b15d2d47db202875ee90c58c7f3fc,generated/stage_u/cora-seed212-r0.05-tracin_cp_point_3.yaml,False
aagu015-u-cora-seed212-r0.05-tracin_cp_point_3/GIF,aagu015-s-cora-seed212-r0.05/tracin_cp_point_3,GIF,1304cc896db79f22fc2449753d22e29db6305b1e61ae4fd3e3a37e85a49c5f1f,generated/stage_u/cora-seed212-r0.05-tracin_cp_point_3.yaml,False
aagu015-u-cora-seed212-r0.05-tracin_cp_point_6/GNNDelete,aagu015-s-cora-seed212-r0.05/tracin_cp_point_6,GNNDelete,338e07575cb5707885fafad63a4f4821549b15d2d47db202875ee90c58c7f3fc,generated/stage_u/cora-seed212-r0.05-tracin_cp_point_6.yaml,False
aagu015-u-cora-seed212-r0.05-tracin_cp_point_6/GIF,aagu015-s-cora-seed212-r0.05/tracin_cp_point_6,GIF,1304cc896db79f22fc2449753d22e29db6305b1e61ae4fd3e3a37e85a49c5f1f,generated/stage_u/cora-seed212-r0.05-tracin_cp_point_6.yaml,False
aagu015-u-cora-seed212-r0.05-tracin_cp_simple_3/GNNDelete,aagu015-s-cora-seed212-r0.05/tracin_cp_simple_3,GNNDelete,338e07575cb5707885fafad63a4f4821549b15d2d47db202875ee90c58c7f3fc,generated/stage_u/cora-seed212-r0.05-tracin_cp_simple_3.yaml,False
aagu015-u-cora-seed212-r0.05-tracin_cp_simple_3/GIF,aagu015-s-cora-seed212-r0.05/tracin_cp_simple_3,GIF,1304cc896db79f22fc2449753d22e29db6305b1e61ae4fd3e3a37e85a49c5f1f,generated/stage_u/cora-seed212-r0.05-tracin_cp_simple_3.yaml,False
aagu015-u-cora-seed212-r0.05-tracin_cp_simple_6/GNNDelete,aagu015-s-cora-seed212-r0.05/tracin_cp_simple_6,GNNDelete,338e07575cb5707885fafad63a4f4821549b15d2d47db202875ee90c58c7f3fc,generated/stage_u/cora-seed212-r0.05-tracin_cp_simple_6.yaml,False
aagu015-u-cora-seed212-r0.05-tracin_cp_simple_6/GIF,aagu015-s-cora-seed212-r0.05/tracin_cp_simple_6,GIF,1304cc896db79f22fc2449753d22e29db6305b1e61ae4fd3e3a37e85a49c5f1f,generated/stage_u/cora-seed212-r0.05-tracin_cp_simple_6.yaml,False
aagu015-u-cora-seed42-r0.01-a_grad_norm/GNNDelete,aagu015-s-cora-seed42-r0.01/a_grad_norm,GNNDelete,a723ff983ce1cb2331b6e346477e5869882c6f539291e2f8b7437859693327fe,generated/stage_u/cora-seed42-r0.01-a_grad_norm.yaml,False
aagu015-u-cora-seed42-r0.01-a_grad_norm/GIF,aagu015-s-cora-seed42-r0.01/a_grad_norm,GIF,f195cd8423c2411ebf28eae6fde6e570c4dc0889409d0d62975c345b7bff12c5,generated/stage_u/cora-seed42-r0.01-a_grad_norm.yaml,False
aagu015-u-cora-seed42-r0.01-b_param_hutch/GNNDelete,aagu015-s-cora-seed42-r0.01/b_param_hutch,GNNDelete,a723ff983ce1cb2331b6e346477e5869882c6f539291e2f8b7437859693327fe,generated/stage_u/cora-seed42-r0.01-b_param_hutch.yaml,False
aagu015-u-cora-seed42-r0.01-b_param_hutch/GIF,aagu015-s-cora-seed42-r0.01/b_param_hutch,GIF,f195cd8423c2411ebf28eae6fde6e570c4dc0889409d0d62975c345b7bff12c5,generated/stage_u/cora-seed42-r0.01-b_param_hutch.yaml,False
aagu015-u-cora-seed42-r0.01-degree/GNNDelete,aagu015-s-cora-seed42-r0.01/degree,GNNDelete,a723ff983ce1cb2331b6e346477e5869882c6f539291e2f8b7437859693327fe,generated/stage_u/cora-seed42-r0.01-degree.yaml,False
aagu015-u-cora-seed42-r0.01-degree/GIF,aagu015-s-cora-seed42-r0.01/degree,GIF,f195cd8423c2411ebf28eae6fde6e570c4dc0889409d0d62975c345b7bff12c5,generated/stage_u/cora-seed42-r0.01-degree.yaml,False
aagu015-u-cora-seed42-r0.01-gt_full/GNNDelete,aagu015-s-cora-seed42-r0.01/gt_full,GNNDelete,a723ff983ce1cb2331b6e346477e5869882c6f539291e2f8b7437859693327fe,generated/stage_u/cora-seed42-r0.01-gt_full.yaml,False
aagu015-u-cora-seed42-r0.01-gt_full/GIF,aagu015-s-cora-seed42-r0.01/gt_full,GIF,f195cd8423c2411ebf28eae6fde6e570c4dc0889409d0d62975c345b7bff12c5,generated/stage_u/cora-seed42-r0.01-gt_full.yaml,False
aagu015-u-cora-seed42-r0.01-gt_simple/GNNDelete,aagu015-s-cora-seed42-r0.01/gt_simple,GNNDelete,a723ff983ce1cb2331b6e346477e5869882c6f539291e2f8b7437859693327fe,generated/stage_u/cora-seed42-r0.01-gt_simple.yaml,False
aagu015-u-cora-seed42-r0.01-gt_simple/GIF,aagu015-s-cora-seed42-r0.01/gt_simple,GIF,f195cd8423c2411ebf28eae6fde6e570c4dc0889409d0d62975c345b7bff12c5,generated/stage_u/cora-seed42-r0.01-gt_simple.yaml,False
aagu015-u-cora-seed42-r0.01-legacy/GNNDelete,aagu015-s-cora-seed42-r0.01/legacy,GNNDelete,a723ff983ce1cb2331b6e346477e5869882c6f539291e2f8b7437859693327fe,generated/stage_u/cora-seed42-r0.01-legacy.yaml,False
aagu015-u-cora-seed42-r0.01-legacy/GIF,aagu015-s-cora-seed42-r0.01/legacy,GIF,f195cd8423c2411ebf28eae6fde6e570c4dc0889409d0d62975c345b7bff12c5,generated/stage_u/cora-seed42-r0.01-legacy.yaml,False
aagu015-u-cora-seed42-r0.01-p_graph/GNNDelete,aagu015-s-cora-seed42-r0.01/p_graph,GNNDelete,a723ff983ce1cb2331b6e346477e5869882c6f539291e2f8b7437859693327fe,generated/stage_u/cora-seed42-r0.01-p_graph.yaml,False
aagu015-u-cora-seed42-r0.01-p_graph/GIF,aagu015-s-cora-seed42-r0.01/p_graph,GIF,f195cd8423c2411ebf28eae6fde6e570c4dc0889409d0d62975c345b7bff12c5,generated/stage_u/cora-seed42-r0.01-p_graph.yaml,False
aagu015-u-cora-seed42-r0.01-p_point/GNNDelete,aagu015-s-cora-seed42-r0.01/p_point,GNNDelete,a723ff983ce1cb2331b6e346477e5869882c6f539291e2f8b7437859693327fe,generated/stage_u/cora-seed42-r0.01-p_point.yaml,False
aagu015-u-cora-seed42-r0.01-p_point/GIF,aagu015-s-cora-seed42-r0.01/p_point,GIF,f195cd8423c2411ebf28eae6fde6e570c4dc0889409d0d62975c345b7bff12c5,generated/stage_u/cora-seed42-r0.01-p_point.yaml,False
aagu015-u-cora-seed42-r0.01-p_simple/GNNDelete,aagu015-s-cora-seed42-r0.01/p_simple,GNNDelete,a723ff983ce1cb2331b6e346477e5869882c6f539291e2f8b7437859693327fe,generated/stage_u/cora-seed42-r0.01-p_simple.yaml,False
aagu015-u-cora-seed42-r0.01-p_simple/GIF,aagu015-s-cora-seed42-r0.01/p_simple,GIF,f195cd8423c2411ebf28eae6fde6e570c4dc0889409d0d62975c345b7bff12c5,generated/stage_u/cora-seed42-r0.01-p_simple.yaml,False
aagu015-u-cora-seed42-r0.01-r_point/GNNDelete,aagu015-s-cora-seed42-r0.01/r_point,GNNDelete,a723ff983ce1cb2331b6e346477e5869882c6f539291e2f8b7437859693327fe,generated/stage_u/cora-seed42-r0.01-r_point.yaml,False
aagu015-u-cora-seed42-r0.01-r_point/GIF,aagu015-s-cora-seed42-r0.01/r_point,GIF,f195cd8423c2411ebf28eae6fde6e570c4dc0889409d0d62975c345b7bff12c5,generated/stage_u/cora-seed42-r0.01-r_point.yaml,False
aagu015-u-cora-seed42-r0.01-random/GNNDelete,aagu015-s-cora-seed42-r0.01/random,GNNDelete,a723ff983ce1cb2331b6e346477e5869882c6f539291e2f8b7437859693327fe,generated/stage_u/cora-seed42-r0.01-random.yaml,False
aagu015-u-cora-seed42-r0.01-random/GIF,aagu015-s-cora-seed42-r0.01/random,GIF,f195cd8423c2411ebf28eae6fde6e570c4dc0889409d0d62975c345b7bff12c5,generated/stage_u/cora-seed42-r0.01-random.yaml,False
aagu015-u-cora-seed42-r0.01-tracin_cp_graph_3/GNNDelete,aagu015-s-cora-seed42-r0.01/tracin_cp_graph_3,GNNDelete,a723ff983ce1cb2331b6e346477e5869882c6f539291e2f8b7437859693327fe,generated/stage_u/cora-seed42-r0.01-tracin_cp_graph_3.yaml,False
aagu015-u-cora-seed42-r0.01-tracin_cp_graph_3/GIF,aagu015-s-cora-seed42-r0.01/tracin_cp_graph_3,GIF,f195cd8423c2411ebf28eae6fde6e570c4dc0889409d0d62975c345b7bff12c5,generated/stage_u/cora-seed42-r0.01-tracin_cp_graph_3.yaml,False
aagu015-u-cora-seed42-r0.01-tracin_cp_graph_6/GNNDelete,aagu015-s-cora-seed42-r0.01/tracin_cp_graph_6,GNNDelete,a723ff983ce1cb2331b6e346477e5869882c6f539291e2f8b7437859693327fe,generated/stage_u/cora-seed42-r0.01-tracin_cp_graph_6.yaml,False
aagu015-u-cora-seed42-r0.01-tracin_cp_graph_6/GIF,aagu015-s-cora-seed42-r0.01/tracin_cp_graph_6,GIF,f195cd8423c2411ebf28eae6fde6e570c4dc0889409d0d62975c345b7bff12c5,generated/stage_u/cora-seed42-r0.01-tracin_cp_graph_6.yaml,False
aagu015-u-cora-seed42-r0.01-tracin_cp_point_3/GNNDelete,aagu015-s-cora-seed42-r0.01/tracin_cp_point_3,GNNDelete,a723ff983ce1cb2331b6e346477e5869882c6f539291e2f8b7437859693327fe,generated/stage_u/cora-seed42-r0.01-tracin_cp_point_3.yaml,False
aagu015-u-cora-seed42-r0.01-tracin_cp_point_3/GIF,aagu015-s-cora-seed42-r0.01/tracin_cp_point_3,GIF,f195cd8423c2411ebf28eae6fde6e570c4dc0889409d0d62975c345b7bff12c5,generated/stage_u/cora-seed42-r0.01-tracin_cp_point_3.yaml,False
aagu015-u-cora-seed42-r0.01-tracin_cp_point_6/GNNDelete,aagu015-s-cora-seed42-r0.01/tracin_cp_point_6,GNNDelete,a723ff983ce1cb2331b6e346477e5869882c6f539291e2f8b7437859693327fe,generated/stage_u/cora-seed42-r0.01-tracin_cp_point_6.yaml,False
aagu015-u-cora-seed42-r0.01-tracin_cp_point_6/GIF,aagu015-s-cora-seed42-r0.01/tracin_cp_point_6,GIF,f195cd8423c2411ebf28eae6fde6e570c4dc0889409d0d62975c345b7bff12c5,generated/stage_u/cora-seed42-r0.01-tracin_cp_point_6.yaml,False
aagu015-u-cora-seed42-r0.01-tracin_cp_simple_3/GNNDelete,aagu015-s-cora-seed42-r0.01/tracin_cp_simple_3,GNNDelete,a723ff983ce1cb2331b6e346477e5869882c6f539291e2f8b7437859693327fe,generated/stage_u/cora-seed42-r0.01-tracin_cp_simple_3.yaml,False
aagu015-u-cora-seed42-r0.01-tracin_cp_simple_3/GIF,aagu015-s-cora-seed42-r0.01/tracin_cp_simple_3,GIF,f195cd8423c2411ebf28eae6fde6e570c4dc0889409d0d62975c345b7bff12c5,generated/stage_u/cora-seed42-r0.01-tracin_cp_simple_3.yaml,False
aagu015-u-cora-seed42-r0.01-tracin_cp_simple_6/GNNDelete,aagu015-s-cora-seed42-r0.01/tracin_cp_simple_6,GNNDelete,a723ff983ce1cb2331b6e346477e5869882c6f539291e2f8b7437859693327fe,generated/stage_u/cora-seed42-r0.01-tracin_cp_simple_6.yaml,False
aagu015-u-cora-seed42-r0.01-tracin_cp_simple_6/GIF,aagu015-s-cora-seed42-r0.01/tracin_cp_simple_6,GIF,f195cd8423c2411ebf28eae6fde6e570c4dc0889409d0d62975c345b7bff12c5,generated/stage_u/cora-seed42-r0.01-tracin_cp_simple_6.yaml,False
aagu015-u-cora-seed42-r0.05-a_grad_norm/GNNDelete,aagu015-s-cora-seed42-r0.05/a_grad_norm,GNNDelete,a723ff983ce1cb2331b6e346477e5869882c6f539291e2f8b7437859693327fe,generated/stage_u/cora-seed42-r0.05-a_grad_norm.yaml,False
aagu015-u-cora-seed42-r0.05-a_grad_norm/GIF,aagu015-s-cora-seed42-r0.05/a_grad_norm,GIF,f195cd8423c2411ebf28eae6fde6e570c4dc0889409d0d62975c345b7bff12c5,generated/stage_u/cora-seed42-r0.05-a_grad_norm.yaml,False
aagu015-u-cora-seed42-r0.05-b_param_hutch/GNNDelete,aagu015-s-cora-seed42-r0.05/b_param_hutch,GNNDelete,a723ff983ce1cb2331b6e346477e5869882c6f539291e2f8b7437859693327fe,generated/stage_u/cora-seed42-r0.05-b_param_hutch.yaml,False
aagu015-u-cora-seed42-r0.05-b_param_hutch/GIF,aagu015-s-cora-seed42-r0.05/b_param_hutch,GIF,f195cd8423c2411ebf28eae6fde6e570c4dc0889409d0d62975c345b7bff12c5,generated/stage_u/cora-seed42-r0.05-b_param_hutch.yaml,False
aagu015-u-cora-seed42-r0.05-degree/GNNDelete,aagu015-s-cora-seed42-r0.05/degree,GNNDelete,a723ff983ce1cb2331b6e346477e5869882c6f539291e2f8b7437859693327fe,generated/stage_u/cora-seed42-r0.05-degree.yaml,False
aagu015-u-cora-seed42-r0.05-degree/GIF,aagu015-s-cora-seed42-r0.05/degree,GIF,f195cd8423c2411ebf28eae6fde6e570c4dc0889409d0d62975c345b7bff12c5,generated/stage_u/cora-seed42-r0.05-degree.yaml,False
aagu015-u-cora-seed42-r0.05-gt_full/GNNDelete,aagu015-s-cora-seed42-r0.05/gt_full,GNNDelete,a723ff983ce1cb2331b6e346477e5869882c6f539291e2f8b7437859693327fe,generated/stage_u/cora-seed42-r0.05-gt_full.yaml,False
aagu015-u-cora-seed42-r0.05-gt_full/GIF,aagu015-s-cora-seed42-r0.05/gt_full,GIF,f195cd8423c2411ebf28eae6fde6e570c4dc0889409d0d62975c345b7bff12c5,generated/stage_u/cora-seed42-r0.05-gt_full.yaml,False
aagu015-u-cora-seed42-r0.05-gt_simple/GNNDelete,aagu015-s-cora-seed42-r0.05/gt_simple,GNNDelete,a723ff983ce1cb2331b6e346477e5869882c6f539291e2f8b7437859693327fe,generated/stage_u/cora-seed42-r0.05-gt_simple.yaml,False
aagu015-u-cora-seed42-r0.05-gt_simple/GIF,aagu015-s-cora-seed42-r0.05/gt_simple,GIF,f195cd8423c2411ebf28eae6fde6e570c4dc0889409d0d62975c345b7bff12c5,generated/stage_u/cora-seed42-r0.05-gt_simple.yaml,False
aagu015-u-cora-seed42-r0.05-legacy/GNNDelete,aagu015-s-cora-seed42-r0.05/legacy,GNNDelete,a723ff983ce1cb2331b6e346477e5869882c6f539291e2f8b7437859693327fe,generated/stage_u/cora-seed42-r0.05-legacy.yaml,False
aagu015-u-cora-seed42-r0.05-legacy/GIF,aagu015-s-cora-seed42-r0.05/legacy,GIF,f195cd8423c2411ebf28eae6fde6e570c4dc0889409d0d62975c345b7bff12c5,generated/stage_u/cora-seed42-r0.05-legacy.yaml,False
aagu015-u-cora-seed42-r0.05-p_graph/GNNDelete,aagu015-s-cora-seed42-r0.05/p_graph,GNNDelete,a723ff983ce1cb2331b6e346477e5869882c6f539291e2f8b7437859693327fe,generated/stage_u/cora-seed42-r0.05-p_graph.yaml,False
aagu015-u-cora-seed42-r0.05-p_graph/GIF,aagu015-s-cora-seed42-r0.05/p_graph,GIF,f195cd8423c2411ebf28eae6fde6e570c4dc0889409d0d62975c345b7bff12c5,generated/stage_u/cora-seed42-r0.05-p_graph.yaml,False
aagu015-u-cora-seed42-r0.05-p_point/GNNDelete,aagu015-s-cora-seed42-r0.05/p_point,GNNDelete,a723ff983ce1cb2331b6e346477e5869882c6f539291e2f8b7437859693327fe,generated/stage_u/cora-seed42-r0.05-p_point.yaml,False
aagu015-u-cora-seed42-r0.05-p_point/GIF,aagu015-s-cora-seed42-r0.05/p_point,GIF,f195cd8423c2411ebf28eae6fde6e570c4dc0889409d0d62975c345b7bff12c5,generated/stage_u/cora-seed42-r0.05-p_point.yaml,False
aagu015-u-cora-seed42-r0.05-p_simple/GNNDelete,aagu015-s-cora-seed42-r0.05/p_simple,GNNDelete,a723ff983ce1cb2331b6e346477e5869882c6f539291e2f8b7437859693327fe,generated/stage_u/cora-seed42-r0.05-p_simple.yaml,False
aagu015-u-cora-seed42-r0.05-p_simple/GIF,aagu015-s-cora-seed42-r0.05/p_simple,GIF,f195cd8423c2411ebf28eae6fde6e570c4dc0889409d0d62975c345b7bff12c5,generated/stage_u/cora-seed42-r0.05-p_simple.yaml,False
aagu015-u-cora-seed42-r0.05-r_point/GNNDelete,aagu015-s-cora-seed42-r0.05/r_point,GNNDelete,a723ff983ce1cb2331b6e346477e5869882c6f539291e2f8b7437859693327fe,generated/stage_u/cora-seed42-r0.05-r_point.yaml,False
aagu015-u-cora-seed42-r0.05-r_point/GIF,aagu015-s-cora-seed42-r0.05/r_point,GIF,f195cd8423c2411ebf28eae6fde6e570c4dc0889409d0d62975c345b7bff12c5,generated/stage_u/cora-seed42-r0.05-r_point.yaml,False
aagu015-u-cora-seed42-r0.05-random/GNNDelete,aagu015-s-cora-seed42-r0.05/random,GNNDelete,a723ff983ce1cb2331b6e346477e5869882c6f539291e2f8b7437859693327fe,generated/stage_u/cora-seed42-r0.05-random.yaml,False
aagu015-u-cora-seed42-r0.05-random/GIF,aagu015-s-cora-seed42-r0.05/random,GIF,f195cd8423c2411ebf28eae6fde6e570c4dc0889409d0d62975c345b7bff12c5,generated/stage_u/cora-seed42-r0.05-random.yaml,False
aagu015-u-cora-seed42-r0.05-tracin_cp_graph_3/GNNDelete,aagu015-s-cora-seed42-r0.05/tracin_cp_graph_3,GNNDelete,a723ff983ce1cb2331b6e346477e5869882c6f539291e2f8b7437859693327fe,generated/stage_u/cora-seed42-r0.05-tracin_cp_graph_3.yaml,False
aagu015-u-cora-seed42-r0.05-tracin_cp_graph_3/GIF,aagu015-s-cora-seed42-r0.05/tracin_cp_graph_3,GIF,f195cd8423c2411ebf28eae6fde6e570c4dc0889409d0d62975c345b7bff12c5,generated/stage_u/cora-seed42-r0.05-tracin_cp_graph_3.yaml,False
aagu015-u-cora-seed42-r0.05-tracin_cp_graph_6/GNNDelete,aagu015-s-cora-seed42-r0.05/tracin_cp_graph_6,GNNDelete,a723ff983ce1cb2331b6e346477e5869882c6f539291e2f8b7437859693327fe,generated/stage_u/cora-seed42-r0.05-tracin_cp_graph_6.yaml,False
aagu015-u-cora-seed42-r0.05-tracin_cp_graph_6/GIF,aagu015-s-cora-seed42-r0.05/tracin_cp_graph_6,GIF,f195cd8423c2411ebf28eae6fde6e570c4dc0889409d0d62975c345b7bff12c5,generated/stage_u/cora-seed42-r0.05-tracin_cp_graph_6.yaml,False
aagu015-u-cora-seed42-r0.05-tracin_cp_point_3/GNNDelete,aagu015-s-cora-seed42-r0.05/tracin_cp_point_3,GNNDelete,a723ff983ce1cb2331b6e346477e5869882c6f539291e2f8b7437859693327fe,generated/stage_u/cora-seed42-r0.05-tracin_cp_point_3.yaml,False
aagu015-u-cora-seed42-r0.05-tracin_cp_point_3/GIF,aagu015-s-cora-seed42-r0.05/tracin_cp_point_3,GIF,f195cd8423c2411ebf28eae6fde6e570c4dc0889409d0d62975c345b7bff12c5,generated/stage_u/cora-seed42-r0.05-tracin_cp_point_3.yaml,False
aagu015-u-cora-seed42-r0.05-tracin_cp_point_6/GNNDelete,aagu015-s-cora-seed42-r0.05/tracin_cp_point_6,GNNDelete,a723ff983ce1cb2331b6e346477e5869882c6f539291e2f8b7437859693327fe,generated/stage_u/cora-seed42-r0.05-tracin_cp_point_6.yaml,False
aagu015-u-cora-seed42-r0.05-tracin_cp_point_6/GIF,aagu015-s-cora-seed42-r0.05/tracin_cp_point_6,GIF,f195cd8423c2411ebf28eae6fde6e570c4dc0889409d0d62975c345b7bff12c5,generated/stage_u/cora-seed42-r0.05-tracin_cp_point_6.yaml,False
aagu015-u-cora-seed42-r0.05-tracin_cp_simple_3/GNNDelete,aagu015-s-cora-seed42-r0.05/tracin_cp_simple_3,GNNDelete,a723ff983ce1cb2331b6e346477e5869882c6f539291e2f8b7437859693327fe,generated/stage_u/cora-seed42-r0.05-tracin_cp_simple_3.yaml,False
aagu015-u-cora-seed42-r0.05-tracin_cp_simple_3/GIF,aagu015-s-cora-seed42-r0.05/tracin_cp_simple_3,GIF,f195cd8423c2411ebf28eae6fde6e570c4dc0889409d0d62975c345b7bff12c5,generated/stage_u/cora-seed42-r0.05-tracin_cp_simple_3.yaml,False
aagu015-u-cora-seed42-r0.05-tracin_cp_simple_6/GNNDelete,aagu015-s-cora-seed42-r0.05/tracin_cp_simple_6,GNNDelete,a723ff983ce1cb2331b6e346477e5869882c6f539291e2f8b7437859693327fe,generated/stage_u/cora-seed42-r0.05-tracin_cp_simple_6.yaml,False
aagu015-u-cora-seed42-r0.05-tracin_cp_simple_6/GIF,aagu015-s-cora-seed42-r0.05/tracin_cp_simple_6,GIF,f195cd8423c2411ebf28eae6fde6e570c4dc0889409d0d62975c345b7bff12c5,generated/stage_u/cora-seed42-r0.05-tracin_cp_simple_6.yaml,False
aagu015-u-pubmed-seed2024-r0.01-a_grad_norm/GNNDelete,aagu015-s-pubmed-seed2024-r0.01/a_grad_norm,GNNDelete,0d6942f259ca309422f35359b08b05fda307295576415fac8c79c3ead96edeef,generated/stage_u/pubmed-seed2024-r0.01-a_grad_norm.yaml,False
aagu015-u-pubmed-seed2024-r0.01-a_grad_norm/GIF,aagu015-s-pubmed-seed2024-r0.01/a_grad_norm,GIF,62ada2d9af9908fa656b9ba489f4acf4e4ca051296cd4162a763492dab1c14a9,generated/stage_u/pubmed-seed2024-r0.01-a_grad_norm.yaml,False
aagu015-u-pubmed-seed2024-r0.01-b_param_hutch/GNNDelete,aagu015-s-pubmed-seed2024-r0.01/b_param_hutch,GNNDelete,0d6942f259ca309422f35359b08b05fda307295576415fac8c79c3ead96edeef,generated/stage_u/pubmed-seed2024-r0.01-b_param_hutch.yaml,False
aagu015-u-pubmed-seed2024-r0.01-b_param_hutch/GIF,aagu015-s-pubmed-seed2024-r0.01/b_param_hutch,GIF,62ada2d9af9908fa656b9ba489f4acf4e4ca051296cd4162a763492dab1c14a9,generated/stage_u/pubmed-seed2024-r0.01-b_param_hutch.yaml,False
aagu015-u-pubmed-seed2024-r0.01-degree/GNNDelete,aagu015-s-pubmed-seed2024-r0.01/degree,GNNDelete,0d6942f259ca309422f35359b08b05fda307295576415fac8c79c3ead96edeef,generated/stage_u/pubmed-seed2024-r0.01-degree.yaml,False
aagu015-u-pubmed-seed2024-r0.01-degree/GIF,aagu015-s-pubmed-seed2024-r0.01/degree,GIF,62ada2d9af9908fa656b9ba489f4acf4e4ca051296cd4162a763492dab1c14a9,generated/stage_u/pubmed-seed2024-r0.01-degree.yaml,False
aagu015-u-pubmed-seed2024-r0.01-gt_full/GNNDelete,aagu015-s-pubmed-seed2024-r0.01/gt_full,GNNDelete,0d6942f259ca309422f35359b08b05fda307295576415fac8c79c3ead96edeef,generated/stage_u/pubmed-seed2024-r0.01-gt_full.yaml,False
aagu015-u-pubmed-seed2024-r0.01-gt_full/GIF,aagu015-s-pubmed-seed2024-r0.01/gt_full,GIF,62ada2d9af9908fa656b9ba489f4acf4e4ca051296cd4162a763492dab1c14a9,generated/stage_u/pubmed-seed2024-r0.01-gt_full.yaml,False
aagu015-u-pubmed-seed2024-r0.01-gt_simple/GNNDelete,aagu015-s-pubmed-seed2024-r0.01/gt_simple,GNNDelete,0d6942f259ca309422f35359b08b05fda307295576415fac8c79c3ead96edeef,generated/stage_u/pubmed-seed2024-r0.01-gt_simple.yaml,False
aagu015-u-pubmed-seed2024-r0.01-gt_simple/GIF,aagu015-s-pubmed-seed2024-r0.01/gt_simple,GIF,62ada2d9af9908fa656b9ba489f4acf4e4ca051296cd4162a763492dab1c14a9,generated/stage_u/pubmed-seed2024-r0.01-gt_simple.yaml,False
aagu015-u-pubmed-seed2024-r0.01-legacy/GNNDelete,aagu015-s-pubmed-seed2024-r0.01/legacy,GNNDelete,0d6942f259ca309422f35359b08b05fda307295576415fac8c79c3ead96edeef,generated/stage_u/pubmed-seed2024-r0.01-legacy.yaml,False
aagu015-u-pubmed-seed2024-r0.01-legacy/GIF,aagu015-s-pubmed-seed2024-r0.01/legacy,GIF,62ada2d9af9908fa656b9ba489f4acf4e4ca051296cd4162a763492dab1c14a9,generated/stage_u/pubmed-seed2024-r0.01-legacy.yaml,False
aagu015-u-pubmed-seed2024-r0.01-p_graph/GNNDelete,aagu015-s-pubmed-seed2024-r0.01/p_graph,GNNDelete,0d6942f259ca309422f35359b08b05fda307295576415fac8c79c3ead96edeef,generated/stage_u/pubmed-seed2024-r0.01-p_graph.yaml,False
aagu015-u-pubmed-seed2024-r0.01-p_graph/GIF,aagu015-s-pubmed-seed2024-r0.01/p_graph,GIF,62ada2d9af9908fa656b9ba489f4acf4e4ca051296cd4162a763492dab1c14a9,generated/stage_u/pubmed-seed2024-r0.01-p_graph.yaml,False
aagu015-u-pubmed-seed2024-r0.01-p_point/GNNDelete,aagu015-s-pubmed-seed2024-r0.01/p_point,GNNDelete,0d6942f259ca309422f35359b08b05fda307295576415fac8c79c3ead96edeef,generated/stage_u/pubmed-seed2024-r0.01-p_point.yaml,False
aagu015-u-pubmed-seed2024-r0.01-p_point/GIF,aagu015-s-pubmed-seed2024-r0.01/p_point,GIF,62ada2d9af9908fa656b9ba489f4acf4e4ca051296cd4162a763492dab1c14a9,generated/stage_u/pubmed-seed2024-r0.01-p_point.yaml,False
aagu015-u-pubmed-seed2024-r0.01-p_simple/GNNDelete,aagu015-s-pubmed-seed2024-r0.01/p_simple,GNNDelete,0d6942f259ca309422f35359b08b05fda307295576415fac8c79c3ead96edeef,generated/stage_u/pubmed-seed2024-r0.01-p_simple.yaml,False
aagu015-u-pubmed-seed2024-r0.01-p_simple/GIF,aagu015-s-pubmed-seed2024-r0.01/p_simple,GIF,62ada2d9af9908fa656b9ba489f4acf4e4ca051296cd4162a763492dab1c14a9,generated/stage_u/pubmed-seed2024-r0.01-p_simple.yaml,False
aagu015-u-pubmed-seed2024-r0.01-r_point/GNNDelete,aagu015-s-pubmed-seed2024-r0.01/r_point,GNNDelete,0d6942f259ca309422f35359b08b05fda307295576415fac8c79c3ead96edeef,generated/stage_u/pubmed-seed2024-r0.01-r_point.yaml,False
aagu015-u-pubmed-seed2024-r0.01-r_point/GIF,aagu015-s-pubmed-seed2024-r0.01/r_point,GIF,62ada2d9af9908fa656b9ba489f4acf4e4ca051296cd4162a763492dab1c14a9,generated/stage_u/pubmed-seed2024-r0.01-r_point.yaml,False
aagu015-u-pubmed-seed2024-r0.01-random/GNNDelete,aagu015-s-pubmed-seed2024-r0.01/random,GNNDelete,0d6942f259ca309422f35359b08b05fda307295576415fac8c79c3ead96edeef,generated/stage_u/pubmed-seed2024-r0.01-random.yaml,False
aagu015-u-pubmed-seed2024-r0.01-random/GIF,aagu015-s-pubmed-seed2024-r0.01/random,GIF,62ada2d9af9908fa656b9ba489f4acf4e4ca051296cd4162a763492dab1c14a9,generated/stage_u/pubmed-seed2024-r0.01-random.yaml,False
aagu015-u-pubmed-seed2024-r0.01-tracin_cp_graph_3/GNNDelete,aagu015-s-pubmed-seed2024-r0.01/tracin_cp_graph_3,GNNDelete,0d6942f259ca309422f35359b08b05fda307295576415fac8c79c3ead96edeef,generated/stage_u/pubmed-seed2024-r0.01-tracin_cp_graph_3.yaml,False
aagu015-u-pubmed-seed2024-r0.01-tracin_cp_graph_3/GIF,aagu015-s-pubmed-seed2024-r0.01/tracin_cp_graph_3,GIF,62ada2d9af9908fa656b9ba489f4acf4e4ca051296cd4162a763492dab1c14a9,generated/stage_u/pubmed-seed2024-r0.01-tracin_cp_graph_3.yaml,False
aagu015-u-pubmed-seed2024-r0.01-tracin_cp_graph_6/GNNDelete,aagu015-s-pubmed-seed2024-r0.01/tracin_cp_graph_6,GNNDelete,0d6942f259ca309422f35359b08b05fda307295576415fac8c79c3ead96edeef,generated/stage_u/pubmed-seed2024-r0.01-tracin_cp_graph_6.yaml,False
aagu015-u-pubmed-seed2024-r0.01-tracin_cp_graph_6/GIF,aagu015-s-pubmed-seed2024-r0.01/tracin_cp_graph_6,GIF,62ada2d9af9908fa656b9ba489f4acf4e4ca051296cd4162a763492dab1c14a9,generated/stage_u/pubmed-seed2024-r0.01-tracin_cp_graph_6.yaml,False
aagu015-u-pubmed-seed2024-r0.01-tracin_cp_point_3/GNNDelete,aagu015-s-pubmed-seed2024-r0.01/tracin_cp_point_3,GNNDelete,0d6942f259ca309422f35359b08b05fda307295576415fac8c79c3ead96edeef,generated/stage_u/pubmed-seed2024-r0.01-tracin_cp_point_3.yaml,False
aagu015-u-pubmed-seed2024-r0.01-tracin_cp_point_3/GIF,aagu015-s-pubmed-seed2024-r0.01/tracin_cp_point_3,GIF,62ada2d9af9908fa656b9ba489f4acf4e4ca051296cd4162a763492dab1c14a9,generated/stage_u/pubmed-seed2024-r0.01-tracin_cp_point_3.yaml,False
aagu015-u-pubmed-seed2024-r0.01-tracin_cp_point_6/GNNDelete,aagu015-s-pubmed-seed2024-r0.01/tracin_cp_point_6,GNNDelete,0d6942f259ca309422f35359b08b05fda307295576415fac8c79c3ead96edeef,generated/stage_u/pubmed-seed2024-r0.01-tracin_cp_point_6.yaml,False
aagu015-u-pubmed-seed2024-r0.01-tracin_cp_point_6/GIF,aagu015-s-pubmed-seed2024-r0.01/tracin_cp_point_6,GIF,62ada2d9af9908fa656b9ba489f4acf4e4ca051296cd4162a763492dab1c14a9,generated/stage_u/pubmed-seed2024-r0.01-tracin_cp_point_6.yaml,False
aagu015-u-pubmed-seed2024-r0.01-tracin_cp_simple_3/GNNDelete,aagu015-s-pubmed-seed2024-r0.01/tracin_cp_simple_3,GNNDelete,0d6942f259ca309422f35359b08b05fda307295576415fac8c79c3ead96edeef,generated/stage_u/pubmed-seed2024-r0.01-tracin_cp_simple_3.yaml,False
aagu015-u-pubmed-seed2024-r0.01-tracin_cp_simple_3/GIF,aagu015-s-pubmed-seed2024-r0.01/tracin_cp_simple_3,GIF,62ada2d9af9908fa656b9ba489f4acf4e4ca051296cd4162a763492dab1c14a9,generated/stage_u/pubmed-seed2024-r0.01-tracin_cp_simple_3.yaml,False
aagu015-u-pubmed-seed2024-r0.01-tracin_cp_simple_6/GNNDelete,aagu015-s-pubmed-seed2024-r0.01/tracin_cp_simple_6,GNNDelete,0d6942f259ca309422f35359b08b05fda307295576415fac8c79c3ead96edeef,generated/stage_u/pubmed-seed2024-r0.01-tracin_cp_simple_6.yaml,False
aagu015-u-pubmed-seed2024-r0.01-tracin_cp_simple_6/GIF,aagu015-s-pubmed-seed2024-r0.01/tracin_cp_simple_6,GIF,62ada2d9af9908fa656b9ba489f4acf4e4ca051296cd4162a763492dab1c14a9,generated/stage_u/pubmed-seed2024-r0.01-tracin_cp_simple_6.yaml,False
aagu015-u-pubmed-seed2024-r0.05-a_grad_norm/GNNDelete,aagu015-s-pubmed-seed2024-r0.05/a_grad_norm,GNNDelete,0d6942f259ca309422f35359b08b05fda307295576415fac8c79c3ead96edeef,generated/stage_u/pubmed-seed2024-r0.05-a_grad_norm.yaml,False
aagu015-u-pubmed-seed2024-r0.05-a_grad_norm/GIF,aagu015-s-pubmed-seed2024-r0.05/a_grad_norm,GIF,62ada2d9af9908fa656b9ba489f4acf4e4ca051296cd4162a763492dab1c14a9,generated/stage_u/pubmed-seed2024-r0.05-a_grad_norm.yaml,False
aagu015-u-pubmed-seed2024-r0.05-b_param_hutch/GNNDelete,aagu015-s-pubmed-seed2024-r0.05/b_param_hutch,GNNDelete,0d6942f259ca309422f35359b08b05fda307295576415fac8c79c3ead96edeef,generated/stage_u/pubmed-seed2024-r0.05-b_param_hutch.yaml,False
aagu015-u-pubmed-seed2024-r0.05-b_param_hutch/GIF,aagu015-s-pubmed-seed2024-r0.05/b_param_hutch,GIF,62ada2d9af9908fa656b9ba489f4acf4e4ca051296cd4162a763492dab1c14a9,generated/stage_u/pubmed-seed2024-r0.05-b_param_hutch.yaml,False
aagu015-u-pubmed-seed2024-r0.05-degree/GNNDelete,aagu015-s-pubmed-seed2024-r0.05/degree,GNNDelete,0d6942f259ca309422f35359b08b05fda307295576415fac8c79c3ead96edeef,generated/stage_u/pubmed-seed2024-r0.05-degree.yaml,False
aagu015-u-pubmed-seed2024-r0.05-degree/GIF,aagu015-s-pubmed-seed2024-r0.05/degree,GIF,62ada2d9af9908fa656b9ba489f4acf4e4ca051296cd4162a763492dab1c14a9,generated/stage_u/pubmed-seed2024-r0.05-degree.yaml,False
aagu015-u-pubmed-seed2024-r0.05-gt_full/GNNDelete,aagu015-s-pubmed-seed2024-r0.05/gt_full,GNNDelete,0d6942f259ca309422f35359b08b05fda307295576415fac8c79c3ead96edeef,generated/stage_u/pubmed-seed2024-r0.05-gt_full.yaml,False
aagu015-u-pubmed-seed2024-r0.05-gt_full/GIF,aagu015-s-pubmed-seed2024-r0.05/gt_full,GIF,62ada2d9af9908fa656b9ba489f4acf4e4ca051296cd4162a763492dab1c14a9,generated/stage_u/pubmed-seed2024-r0.05-gt_full.yaml,False
aagu015-u-pubmed-seed2024-r0.05-gt_simple/GNNDelete,aagu015-s-pubmed-seed2024-r0.05/gt_simple,GNNDelete,0d6942f259ca309422f35359b08b05fda307295576415fac8c79c3ead96edeef,generated/stage_u/pubmed-seed2024-r0.05-gt_simple.yaml,False
aagu015-u-pubmed-seed2024-r0.05-gt_simple/GIF,aagu015-s-pubmed-seed2024-r0.05/gt_simple,GIF,62ada2d9af9908fa656b9ba489f4acf4e4ca051296cd4162a763492dab1c14a9,generated/stage_u/pubmed-seed2024-r0.05-gt_simple.yaml,False
aagu015-u-pubmed-seed2024-r0.05-legacy/GNNDelete,aagu015-s-pubmed-seed2024-r0.05/legacy,GNNDelete,0d6942f259ca309422f35359b08b05fda307295576415fac8c79c3ead96edeef,generated/stage_u/pubmed-seed2024-r0.05-legacy.yaml,False
aagu015-u-pubmed-seed2024-r0.05-legacy/GIF,aagu015-s-pubmed-seed2024-r0.05/legacy,GIF,62ada2d9af9908fa656b9ba489f4acf4e4ca051296cd4162a763492dab1c14a9,generated/stage_u/pubmed-seed2024-r0.05-legacy.yaml,False
aagu015-u-pubmed-seed2024-r0.05-p_graph/GNNDelete,aagu015-s-pubmed-seed2024-r0.05/p_graph,GNNDelete,0d6942f259ca309422f35359b08b05fda307295576415fac8c79c3ead96edeef,generated/stage_u/pubmed-seed2024-r0.05-p_graph.yaml,False
aagu015-u-pubmed-seed2024-r0.05-p_graph/GIF,aagu015-s-pubmed-seed2024-r0.05/p_graph,GIF,62ada2d9af9908fa656b9ba489f4acf4e4ca051296cd4162a763492dab1c14a9,generated/stage_u/pubmed-seed2024-r0.05-p_graph.yaml,False
aagu015-u-pubmed-seed2024-r0.05-p_point/GNNDelete,aagu015-s-pubmed-seed2024-r0.05/p_point,GNNDelete,0d6942f259ca309422f35359b08b05fda307295576415fac8c79c3ead96edeef,generated/stage_u/pubmed-seed2024-r0.05-p_point.yaml,False
aagu015-u-pubmed-seed2024-r0.05-p_point/GIF,aagu015-s-pubmed-seed2024-r0.05/p_point,GIF,62ada2d9af9908fa656b9ba489f4acf4e4ca051296cd4162a763492dab1c14a9,generated/stage_u/pubmed-seed2024-r0.05-p_point.yaml,False
aagu015-u-pubmed-seed2024-r0.05-p_simple/GNNDelete,aagu015-s-pubmed-seed2024-r0.05/p_simple,GNNDelete,0d6942f259ca309422f35359b08b05fda307295576415fac8c79c3ead96edeef,generated/stage_u/pubmed-seed2024-r0.05-p_simple.yaml,False
aagu015-u-pubmed-seed2024-r0.05-p_simple/GIF,aagu015-s-pubmed-seed2024-r0.05/p_simple,GIF,62ada2d9af9908fa656b9ba489f4acf4e4ca051296cd4162a763492dab1c14a9,generated/stage_u/pubmed-seed2024-r0.05-p_simple.yaml,False
aagu015-u-pubmed-seed2024-r0.05-r_point/GNNDelete,aagu015-s-pubmed-seed2024-r0.05/r_point,GNNDelete,0d6942f259ca309422f35359b08b05fda307295576415fac8c79c3ead96edeef,generated/stage_u/pubmed-seed2024-r0.05-r_point.yaml,False
aagu015-u-pubmed-seed2024-r0.05-r_point/GIF,aagu015-s-pubmed-seed2024-r0.05/r_point,GIF,62ada2d9af9908fa656b9ba489f4acf4e4ca051296cd4162a763492dab1c14a9,generated/stage_u/pubmed-seed2024-r0.05-r_point.yaml,False
aagu015-u-pubmed-seed2024-r0.05-random/GNNDelete,aagu015-s-pubmed-seed2024-r0.05/random,GNNDelete,0d6942f259ca309422f35359b08b05fda307295576415fac8c79c3ead96edeef,generated/stage_u/pubmed-seed2024-r0.05-random.yaml,False
aagu015-u-pubmed-seed2024-r0.05-random/GIF,aagu015-s-pubmed-seed2024-r0.05/random,GIF,62ada2d9af9908fa656b9ba489f4acf4e4ca051296cd4162a763492dab1c14a9,generated/stage_u/pubmed-seed2024-r0.05-random.yaml,False
aagu015-u-pubmed-seed2024-r0.05-tracin_cp_graph_3/GNNDelete,aagu015-s-pubmed-seed2024-r0.05/tracin_cp_graph_3,GNNDelete,0d6942f259ca309422f35359b08b05fda307295576415fac8c79c3ead96edeef,generated/stage_u/pubmed-seed2024-r0.05-tracin_cp_graph_3.yaml,False
aagu015-u-pubmed-seed2024-r0.05-tracin_cp_graph_3/GIF,aagu015-s-pubmed-seed2024-r0.05/tracin_cp_graph_3,GIF,62ada2d9af9908fa656b9ba489f4acf4e4ca051296cd4162a763492dab1c14a9,generated/stage_u/pubmed-seed2024-r0.05-tracin_cp_graph_3.yaml,False
aagu015-u-pubmed-seed2024-r0.05-tracin_cp_graph_6/GNNDelete,aagu015-s-pubmed-seed2024-r0.05/tracin_cp_graph_6,GNNDelete,0d6942f259ca309422f35359b08b05fda307295576415fac8c79c3ead96edeef,generated/stage_u/pubmed-seed2024-r0.05-tracin_cp_graph_6.yaml,False
aagu015-u-pubmed-seed2024-r0.05-tracin_cp_graph_6/GIF,aagu015-s-pubmed-seed2024-r0.05/tracin_cp_graph_6,GIF,62ada2d9af9908fa656b9ba489f4acf4e4ca051296cd4162a763492dab1c14a9,generated/stage_u/pubmed-seed2024-r0.05-tracin_cp_graph_6.yaml,False
aagu015-u-pubmed-seed2024-r0.05-tracin_cp_point_3/GNNDelete,aagu015-s-pubmed-seed2024-r0.05/tracin_cp_point_3,GNNDelete,0d6942f259ca309422f35359b08b05fda307295576415fac8c79c3ead96edeef,generated/stage_u/pubmed-seed2024-r0.05-tracin_cp_point_3.yaml,False
aagu015-u-pubmed-seed2024-r0.05-tracin_cp_point_3/GIF,aagu015-s-pubmed-seed2024-r0.05/tracin_cp_point_3,GIF,62ada2d9af9908fa656b9ba489f4acf4e4ca051296cd4162a763492dab1c14a9,generated/stage_u/pubmed-seed2024-r0.05-tracin_cp_point_3.yaml,False
aagu015-u-pubmed-seed2024-r0.05-tracin_cp_point_6/GNNDelete,aagu015-s-pubmed-seed2024-r0.05/tracin_cp_point_6,GNNDelete,0d6942f259ca309422f35359b08b05fda307295576415fac8c79c3ead96edeef,generated/stage_u/pubmed-seed2024-r0.05-tracin_cp_point_6.yaml,False
aagu015-u-pubmed-seed2024-r0.05-tracin_cp_point_6/GIF,aagu015-s-pubmed-seed2024-r0.05/tracin_cp_point_6,GIF,62ada2d9af9908fa656b9ba489f4acf4e4ca051296cd4162a763492dab1c14a9,generated/stage_u/pubmed-seed2024-r0.05-tracin_cp_point_6.yaml,False
aagu015-u-pubmed-seed2024-r0.05-tracin_cp_simple_3/GNNDelete,aagu015-s-pubmed-seed2024-r0.05/tracin_cp_simple_3,GNNDelete,0d6942f259ca309422f35359b08b05fda307295576415fac8c79c3ead96edeef,generated/stage_u/pubmed-seed2024-r0.05-tracin_cp_simple_3.yaml,False
aagu015-u-pubmed-seed2024-r0.05-tracin_cp_simple_3/GIF,aagu015-s-pubmed-seed2024-r0.05/tracin_cp_simple_3,GIF,62ada2d9af9908fa656b9ba489f4acf4e4ca051296cd4162a763492dab1c14a9,generated/stage_u/pubmed-seed2024-r0.05-tracin_cp_simple_3.yaml,False
aagu015-u-pubmed-seed2024-r0.05-tracin_cp_simple_6/GNNDelete,aagu015-s-pubmed-seed2024-r0.05/tracin_cp_simple_6,GNNDelete,0d6942f259ca309422f35359b08b05fda307295576415fac8c79c3ead96edeef,generated/stage_u/pubmed-seed2024-r0.05-tracin_cp_simple_6.yaml,False
aagu015-u-pubmed-seed2024-r0.05-tracin_cp_simple_6/GIF,aagu015-s-pubmed-seed2024-r0.05/tracin_cp_simple_6,GIF,62ada2d9af9908fa656b9ba489f4acf4e4ca051296cd4162a763492dab1c14a9,generated/stage_u/pubmed-seed2024-r0.05-tracin_cp_simple_6.yaml,False
aagu015-u-pubmed-seed212-r0.01-a_grad_norm/GNNDelete,aagu015-s-pubmed-seed212-r0.01/a_grad_norm,GNNDelete,338e07575cb5707885fafad63a4f4821549b15d2d47db202875ee90c58c7f3fc,generated/stage_u/pubmed-seed212-r0.01-a_grad_norm.yaml,False
aagu015-u-pubmed-seed212-r0.01-a_grad_norm/GIF,aagu015-s-pubmed-seed212-r0.01/a_grad_norm,GIF,1304cc896db79f22fc2449753d22e29db6305b1e61ae4fd3e3a37e85a49c5f1f,generated/stage_u/pubmed-seed212-r0.01-a_grad_norm.yaml,False
aagu015-u-pubmed-seed212-r0.01-b_param_hutch/GNNDelete,aagu015-s-pubmed-seed212-r0.01/b_param_hutch,GNNDelete,338e07575cb5707885fafad63a4f4821549b15d2d47db202875ee90c58c7f3fc,generated/stage_u/pubmed-seed212-r0.01-b_param_hutch.yaml,False
aagu015-u-pubmed-seed212-r0.01-b_param_hutch/GIF,aagu015-s-pubmed-seed212-r0.01/b_param_hutch,GIF,1304cc896db79f22fc2449753d22e29db6305b1e61ae4fd3e3a37e85a49c5f1f,generated/stage_u/pubmed-seed212-r0.01-b_param_hutch.yaml,False
aagu015-u-pubmed-seed212-r0.01-degree/GNNDelete,aagu015-s-pubmed-seed212-r0.01/degree,GNNDelete,338e07575cb5707885fafad63a4f4821549b15d2d47db202875ee90c58c7f3fc,generated/stage_u/pubmed-seed212-r0.01-degree.yaml,False
aagu015-u-pubmed-seed212-r0.01-degree/GIF,aagu015-s-pubmed-seed212-r0.01/degree,GIF,1304cc896db79f22fc2449753d22e29db6305b1e61ae4fd3e3a37e85a49c5f1f,generated/stage_u/pubmed-seed212-r0.01-degree.yaml,False
aagu015-u-pubmed-seed212-r0.01-gt_full/GNNDelete,aagu015-s-pubmed-seed212-r0.01/gt_full,GNNDelete,338e07575cb5707885fafad63a4f4821549b15d2d47db202875ee90c58c7f3fc,generated/stage_u/pubmed-seed212-r0.01-gt_full.yaml,False
aagu015-u-pubmed-seed212-r0.01-gt_full/GIF,aagu015-s-pubmed-seed212-r0.01/gt_full,GIF,1304cc896db79f22fc2449753d22e29db6305b1e61ae4fd3e3a37e85a49c5f1f,generated/stage_u/pubmed-seed212-r0.01-gt_full.yaml,False
aagu015-u-pubmed-seed212-r0.01-gt_simple/GNNDelete,aagu015-s-pubmed-seed212-r0.01/gt_simple,GNNDelete,338e07575cb5707885fafad63a4f4821549b15d2d47db202875ee90c58c7f3fc,generated/stage_u/pubmed-seed212-r0.01-gt_simple.yaml,False
aagu015-u-pubmed-seed212-r0.01-gt_simple/GIF,aagu015-s-pubmed-seed212-r0.01/gt_simple,GIF,1304cc896db79f22fc2449753d22e29db6305b1e61ae4fd3e3a37e85a49c5f1f,generated/stage_u/pubmed-seed212-r0.01-gt_simple.yaml,False
aagu015-u-pubmed-seed212-r0.01-legacy/GNNDelete,aagu015-s-pubmed-seed212-r0.01/legacy,GNNDelete,338e07575cb5707885fafad63a4f4821549b15d2d47db202875ee90c58c7f3fc,generated/stage_u/pubmed-seed212-r0.01-legacy.yaml,False
aagu015-u-pubmed-seed212-r0.01-legacy/GIF,aagu015-s-pubmed-seed212-r0.01/legacy,GIF,1304cc896db79f22fc2449753d22e29db6305b1e61ae4fd3e3a37e85a49c5f1f,generated/stage_u/pubmed-seed212-r0.01-legacy.yaml,False
aagu015-u-pubmed-seed212-r0.01-p_graph/GNNDelete,aagu015-s-pubmed-seed212-r0.01/p_graph,GNNDelete,338e07575cb5707885fafad63a4f4821549b15d2d47db202875ee90c58c7f3fc,generated/stage_u/pubmed-seed212-r0.01-p_graph.yaml,False
aagu015-u-pubmed-seed212-r0.01-p_graph/GIF,aagu015-s-pubmed-seed212-r0.01/p_graph,GIF,1304cc896db79f22fc2449753d22e29db6305b1e61ae4fd3e3a37e85a49c5f1f,generated/stage_u/pubmed-seed212-r0.01-p_graph.yaml,False
aagu015-u-pubmed-seed212-r0.01-p_point/GNNDelete,aagu015-s-pubmed-seed212-r0.01/p_point,GNNDelete,338e07575cb5707885fafad63a4f4821549b15d2d47db202875ee90c58c7f3fc,generated/stage_u/pubmed-seed212-r0.01-p_point.yaml,False
aagu015-u-pubmed-seed212-r0.01-p_point/GIF,aagu015-s-pubmed-seed212-r0.01/p_point,GIF,1304cc896db79f22fc2449753d22e29db6305b1e61ae4fd3e3a37e85a49c5f1f,generated/stage_u/pubmed-seed212-r0.01-p_point.yaml,False
aagu015-u-pubmed-seed212-r0.01-p_simple/GNNDelete,aagu015-s-pubmed-seed212-r0.01/p_simple,GNNDelete,338e07575cb5707885fafad63a4f4821549b15d2d47db202875ee90c58c7f3fc,generated/stage_u/pubmed-seed212-r0.01-p_simple.yaml,False
aagu015-u-pubmed-seed212-r0.01-p_simple/GIF,aagu015-s-pubmed-seed212-r0.01/p_simple,GIF,1304cc896db79f22fc2449753d22e29db6305b1e61ae4fd3e3a37e85a49c5f1f,generated/stage_u/pubmed-seed212-r0.01-p_simple.yaml,False
aagu015-u-pubmed-seed212-r0.01-r_point/GNNDelete,aagu015-s-pubmed-seed212-r0.01/r_point,GNNDelete,338e07575cb5707885fafad63a4f4821549b15d2d47db202875ee90c58c7f3fc,generated/stage_u/pubmed-seed212-r0.01-r_point.yaml,False
aagu015-u-pubmed-seed212-r0.01-r_point/GIF,aagu015-s-pubmed-seed212-r0.01/r_point,GIF,1304cc896db79f22fc2449753d22e29db6305b1e61ae4fd3e3a37e85a49c5f1f,generated/stage_u/pubmed-seed212-r0.01-r_point.yaml,False
aagu015-u-pubmed-seed212-r0.01-random/GNNDelete,aagu015-s-pubmed-seed212-r0.01/random,GNNDelete,338e07575cb5707885fafad63a4f4821549b15d2d47db202875ee90c58c7f3fc,generated/stage_u/pubmed-seed212-r0.01-random.yaml,False
aagu015-u-pubmed-seed212-r0.01-random/GIF,aagu015-s-pubmed-seed212-r0.01/random,GIF,1304cc896db79f22fc2449753d22e29db6305b1e61ae4fd3e3a37e85a49c5f1f,generated/stage_u/pubmed-seed212-r0.01-random.yaml,False
aagu015-u-pubmed-seed212-r0.01-tracin_cp_graph_3/GNNDelete,aagu015-s-pubmed-seed212-r0.01/tracin_cp_graph_3,GNNDelete,338e07575cb5707885fafad63a4f4821549b15d2d47db202875ee90c58c7f3fc,generated/stage_u/pubmed-seed212-r0.01-tracin_cp_graph_3.yaml,False
aagu015-u-pubmed-seed212-r0.01-tracin_cp_graph_3/GIF,aagu015-s-pubmed-seed212-r0.01/tracin_cp_graph_3,GIF,1304cc896db79f22fc2449753d22e29db6305b1e61ae4fd3e3a37e85a49c5f1f,generated/stage_u/pubmed-seed212-r0.01-tracin_cp_graph_3.yaml,False
aagu015-u-pubmed-seed212-r0.01-tracin_cp_graph_6/GNNDelete,aagu015-s-pubmed-seed212-r0.01/tracin_cp_graph_6,GNNDelete,338e07575cb5707885fafad63a4f4821549b15d2d47db202875ee90c58c7f3fc,generated/stage_u/pubmed-seed212-r0.01-tracin_cp_graph_6.yaml,False
aagu015-u-pubmed-seed212-r0.01-tracin_cp_graph_6/GIF,aagu015-s-pubmed-seed212-r0.01/tracin_cp_graph_6,GIF,1304cc896db79f22fc2449753d22e29db6305b1e61ae4fd3e3a37e85a49c5f1f,generated/stage_u/pubmed-seed212-r0.01-tracin_cp_graph_6.yaml,False
aagu015-u-pubmed-seed212-r0.01-tracin_cp_point_3/GNNDelete,aagu015-s-pubmed-seed212-r0.01/tracin_cp_point_3,GNNDelete,338e07575cb5707885fafad63a4f4821549b15d2d47db202875ee90c58c7f3fc,generated/stage_u/pubmed-seed212-r0.01-tracin_cp_point_3.yaml,False
aagu015-u-pubmed-seed212-r0.01-tracin_cp_point_3/GIF,aagu015-s-pubmed-seed212-r0.01/tracin_cp_point_3,GIF,1304cc896db79f22fc2449753d22e29db6305b1e61ae4fd3e3a37e85a49c5f1f,generated/stage_u/pubmed-seed212-r0.01-tracin_cp_point_3.yaml,False
aagu015-u-pubmed-seed212-r0.01-tracin_cp_point_6/GNNDelete,aagu015-s-pubmed-seed212-r0.01/tracin_cp_point_6,GNNDelete,338e07575cb5707885fafad63a4f4821549b15d2d47db202875ee90c58c7f3fc,generated/stage_u/pubmed-seed212-r0.01-tracin_cp_point_6.yaml,False
aagu015-u-pubmed-seed212-r0.01-tracin_cp_point_6/GIF,aagu015-s-pubmed-seed212-r0.01/tracin_cp_point_6,GIF,1304cc896db79f22fc2449753d22e29db6305b1e61ae4fd3e3a37e85a49c5f1f,generated/stage_u/pubmed-seed212-r0.01-tracin_cp_point_6.yaml,False
aagu015-u-pubmed-seed212-r0.01-tracin_cp_simple_3/GNNDelete,aagu015-s-pubmed-seed212-r0.01/tracin_cp_simple_3,GNNDelete,338e07575cb5707885fafad63a4f4821549b15d2d47db202875ee90c58c7f3fc,generated/stage_u/pubmed-seed212-r0.01-tracin_cp_simple_3.yaml,False
aagu015-u-pubmed-seed212-r0.01-tracin_cp_simple_3/GIF,aagu015-s-pubmed-seed212-r0.01/tracin_cp_simple_3,GIF,1304cc896db79f22fc2449753d22e29db6305b1e61ae4fd3e3a37e85a49c5f1f,generated/stage_u/pubmed-seed212-r0.01-tracin_cp_simple_3.yaml,False
aagu015-u-pubmed-seed212-r0.01-tracin_cp_simple_6/GNNDelete,aagu015-s-pubmed-seed212-r0.01/tracin_cp_simple_6,GNNDelete,338e07575cb5707885fafad63a4f4821549b15d2d47db202875ee90c58c7f3fc,generated/stage_u/pubmed-seed212-r0.01-tracin_cp_simple_6.yaml,False
aagu015-u-pubmed-seed212-r0.01-tracin_cp_simple_6/GIF,aagu015-s-pubmed-seed212-r0.01/tracin_cp_simple_6,GIF,1304cc896db79f22fc2449753d22e29db6305b1e61ae4fd3e3a37e85a49c5f1f,generated/stage_u/pubmed-seed212-r0.01-tracin_cp_simple_6.yaml,False
aagu015-u-pubmed-seed212-r0.05-a_grad_norm/GNNDelete,aagu015-s-pubmed-seed212-r0.05/a_grad_norm,GNNDelete,338e07575cb5707885fafad63a4f4821549b15d2d47db202875ee90c58c7f3fc,generated/stage_u/pubmed-seed212-r0.05-a_grad_norm.yaml,False
aagu015-u-pubmed-seed212-r0.05-a_grad_norm/GIF,aagu015-s-pubmed-seed212-r0.05/a_grad_norm,GIF,1304cc896db79f22fc2449753d22e29db6305b1e61ae4fd3e3a37e85a49c5f1f,generated/stage_u/pubmed-seed212-r0.05-a_grad_norm.yaml,False
aagu015-u-pubmed-seed212-r0.05-b_param_hutch/GNNDelete,aagu015-s-pubmed-seed212-r0.05/b_param_hutch,GNNDelete,338e07575cb5707885fafad63a4f4821549b15d2d47db202875ee90c58c7f3fc,generated/stage_u/pubmed-seed212-r0.05-b_param_hutch.yaml,False
aagu015-u-pubmed-seed212-r0.05-b_param_hutch/GIF,aagu015-s-pubmed-seed212-r0.05/b_param_hutch,GIF,1304cc896db79f22fc2449753d22e29db6305b1e61ae4fd3e3a37e85a49c5f1f,generated/stage_u/pubmed-seed212-r0.05-b_param_hutch.yaml,False
aagu015-u-pubmed-seed212-r0.05-degree/GNNDelete,aagu015-s-pubmed-seed212-r0.05/degree,GNNDelete,338e07575cb5707885fafad63a4f4821549b15d2d47db202875ee90c58c7f3fc,generated/stage_u/pubmed-seed212-r0.05-degree.yaml,False
aagu015-u-pubmed-seed212-r0.05-degree/GIF,aagu015-s-pubmed-seed212-r0.05/degree,GIF,1304cc896db79f22fc2449753d22e29db6305b1e61ae4fd3e3a37e85a49c5f1f,generated/stage_u/pubmed-seed212-r0.05-degree.yaml,False
aagu015-u-pubmed-seed212-r0.05-gt_full/GNNDelete,aagu015-s-pubmed-seed212-r0.05/gt_full,GNNDelete,338e07575cb5707885fafad63a4f4821549b15d2d47db202875ee90c58c7f3fc,generated/stage_u/pubmed-seed212-r0.05-gt_full.yaml,False
aagu015-u-pubmed-seed212-r0.05-gt_full/GIF,aagu015-s-pubmed-seed212-r0.05/gt_full,GIF,1304cc896db79f22fc2449753d22e29db6305b1e61ae4fd3e3a37e85a49c5f1f,generated/stage_u/pubmed-seed212-r0.05-gt_full.yaml,False
aagu015-u-pubmed-seed212-r0.05-gt_simple/GNNDelete,aagu015-s-pubmed-seed212-r0.05/gt_simple,GNNDelete,338e07575cb5707885fafad63a4f4821549b15d2d47db202875ee90c58c7f3fc,generated/stage_u/pubmed-seed212-r0.05-gt_simple.yaml,False
aagu015-u-pubmed-seed212-r0.05-gt_simple/GIF,aagu015-s-pubmed-seed212-r0.05/gt_simple,GIF,1304cc896db79f22fc2449753d22e29db6305b1e61ae4fd3e3a37e85a49c5f1f,generated/stage_u/pubmed-seed212-r0.05-gt_simple.yaml,False
aagu015-u-pubmed-seed212-r0.05-legacy/GNNDelete,aagu015-s-pubmed-seed212-r0.05/legacy,GNNDelete,338e07575cb5707885fafad63a4f4821549b15d2d47db202875ee90c58c7f3fc,generated/stage_u/pubmed-seed212-r0.05-legacy.yaml,False
aagu015-u-pubmed-seed212-r0.05-legacy/GIF,aagu015-s-pubmed-seed212-r0.05/legacy,GIF,1304cc896db79f22fc2449753d22e29db6305b1e61ae4fd3e3a37e85a49c5f1f,generated/stage_u/pubmed-seed212-r0.05-legacy.yaml,False
aagu015-u-pubmed-seed212-r0.05-p_graph/GNNDelete,aagu015-s-pubmed-seed212-r0.05/p_graph,GNNDelete,338e07575cb5707885fafad63a4f4821549b15d2d47db202875ee90c58c7f3fc,generated/stage_u/pubmed-seed212-r0.05-p_graph.yaml,False
aagu015-u-pubmed-seed212-r0.05-p_graph/GIF,aagu015-s-pubmed-seed212-r0.05/p_graph,GIF,1304cc896db79f22fc2449753d22e29db6305b1e61ae4fd3e3a37e85a49c5f1f,generated/stage_u/pubmed-seed212-r0.05-p_graph.yaml,False
aagu015-u-pubmed-seed212-r0.05-p_point/GNNDelete,aagu015-s-pubmed-seed212-r0.05/p_point,GNNDelete,338e07575cb5707885fafad63a4f4821549b15d2d47db202875ee90c58c7f3fc,generated/stage_u/pubmed-seed212-r0.05-p_point.yaml,False
aagu015-u-pubmed-seed212-r0.05-p_point/GIF,aagu015-s-pubmed-seed212-r0.05/p_point,GIF,1304cc896db79f22fc2449753d22e29db6305b1e61ae4fd3e3a37e85a49c5f1f,generated/stage_u/pubmed-seed212-r0.05-p_point.yaml,False
aagu015-u-pubmed-seed212-r0.05-p_simple/GNNDelete,aagu015-s-pubmed-seed212-r0.05/p_simple,GNNDelete,338e07575cb5707885fafad63a4f4821549b15d2d47db202875ee90c58c7f3fc,generated/stage_u/pubmed-seed212-r0.05-p_simple.yaml,False
aagu015-u-pubmed-seed212-r0.05-p_simple/GIF,aagu015-s-pubmed-seed212-r0.05/p_simple,GIF,1304cc896db79f22fc2449753d22e29db6305b1e61ae4fd3e3a37e85a49c5f1f,generated/stage_u/pubmed-seed212-r0.05-p_simple.yaml,False
aagu015-u-pubmed-seed212-r0.05-r_point/GNNDelete,aagu015-s-pubmed-seed212-r0.05/r_point,GNNDelete,338e07575cb5707885fafad63a4f4821549b15d2d47db202875ee90c58c7f3fc,generated/stage_u/pubmed-seed212-r0.05-r_point.yaml,False
aagu015-u-pubmed-seed212-r0.05-r_point/GIF,aagu015-s-pubmed-seed212-r0.05/r_point,GIF,1304cc896db79f22fc2449753d22e29db6305b1e61ae4fd3e3a37e85a49c5f1f,generated/stage_u/pubmed-seed212-r0.05-r_point.yaml,False
aagu015-u-pubmed-seed212-r0.05-random/GNNDelete,aagu015-s-pubmed-seed212-r0.05/random,GNNDelete,338e07575cb5707885fafad63a4f4821549b15d2d47db202875ee90c58c7f3fc,generated/stage_u/pubmed-seed212-r0.05-random.yaml,False
aagu015-u-pubmed-seed212-r0.05-random/GIF,aagu015-s-pubmed-seed212-r0.05/random,GIF,1304cc896db79f22fc2449753d22e29db6305b1e61ae4fd3e3a37e85a49c5f1f,generated/stage_u/pubmed-seed212-r0.05-random.yaml,False
aagu015-u-pubmed-seed212-r0.05-tracin_cp_graph_3/GNNDelete,aagu015-s-pubmed-seed212-r0.05/tracin_cp_graph_3,GNNDelete,338e07575cb5707885fafad63a4f4821549b15d2d47db202875ee90c58c7f3fc,generated/stage_u/pubmed-seed212-r0.05-tracin_cp_graph_3.yaml,False
aagu015-u-pubmed-seed212-r0.05-tracin_cp_graph_3/GIF,aagu015-s-pubmed-seed212-r0.05/tracin_cp_graph_3,GIF,1304cc896db79f22fc2449753d22e29db6305b1e61ae4fd3e3a37e85a49c5f1f,generated/stage_u/pubmed-seed212-r0.05-tracin_cp_graph_3.yaml,False
aagu015-u-pubmed-seed212-r0.05-tracin_cp_graph_6/GNNDelete,aagu015-s-pubmed-seed212-r0.05/tracin_cp_graph_6,GNNDelete,338e07575cb5707885fafad63a4f4821549b15d2d47db202875ee90c58c7f3fc,generated/stage_u/pubmed-seed212-r0.05-tracin_cp_graph_6.yaml,False
aagu015-u-pubmed-seed212-r0.05-tracin_cp_graph_6/GIF,aagu015-s-pubmed-seed212-r0.05/tracin_cp_graph_6,GIF,1304cc896db79f22fc2449753d22e29db6305b1e61ae4fd3e3a37e85a49c5f1f,generated/stage_u/pubmed-seed212-r0.05-tracin_cp_graph_6.yaml,False
aagu015-u-pubmed-seed212-r0.05-tracin_cp_point_3/GNNDelete,aagu015-s-pubmed-seed212-r0.05/tracin_cp_point_3,GNNDelete,338e07575cb5707885fafad63a4f4821549b15d2d47db202875ee90c58c7f3fc,generated/stage_u/pubmed-seed212-r0.05-tracin_cp_point_3.yaml,False
aagu015-u-pubmed-seed212-r0.05-tracin_cp_point_3/GIF,aagu015-s-pubmed-seed212-r0.05/tracin_cp_point_3,GIF,1304cc896db79f22fc2449753d22e29db6305b1e61ae4fd3e3a37e85a49c5f1f,generated/stage_u/pubmed-seed212-r0.05-tracin_cp_point_3.yaml,False
aagu015-u-pubmed-seed212-r0.05-tracin_cp_point_6/GNNDelete,aagu015-s-pubmed-seed212-r0.05/tracin_cp_point_6,GNNDelete,338e07575cb5707885fafad63a4f4821549b15d2d47db202875ee90c58c7f3fc,generated/stage_u/pubmed-seed212-r0.05-tracin_cp_point_6.yaml,False
aagu015-u-pubmed-seed212-r0.05-tracin_cp_point_6/GIF,aagu015-s-pubmed-seed212-r0.05/tracin_cp_point_6,GIF,1304cc896db79f22fc2449753d22e29db6305b1e61ae4fd3e3a37e85a49c5f1f,generated/stage_u/pubmed-seed212-r0.05-tracin_cp_point_6.yaml,False
aagu015-u-pubmed-seed212-r0.05-tracin_cp_simple_3/GNNDelete,aagu015-s-pubmed-seed212-r0.05/tracin_cp_simple_3,GNNDelete,338e07575cb5707885fafad63a4f4821549b15d2d47db202875ee90c58c7f3fc,generated/stage_u/pubmed-seed212-r0.05-tracin_cp_simple_3.yaml,False
aagu015-u-pubmed-seed212-r0.05-tracin_cp_simple_3/GIF,aagu015-s-pubmed-seed212-r0.05/tracin_cp_simple_3,GIF,1304cc896db79f22fc2449753d22e29db6305b1e61ae4fd3e3a37e85a49c5f1f,generated/stage_u/pubmed-seed212-r0.05-tracin_cp_simple_3.yaml,False
aagu015-u-pubmed-seed212-r0.05-tracin_cp_simple_6/GNNDelete,aagu015-s-pubmed-seed212-r0.05/tracin_cp_simple_6,GNNDelete,338e07575cb5707885fafad63a4f4821549b15d2d47db202875ee90c58c7f3fc,generated/stage_u/pubmed-seed212-r0.05-tracin_cp_simple_6.yaml,False
aagu015-u-pubmed-seed212-r0.05-tracin_cp_simple_6/GIF,aagu015-s-pubmed-seed212-r0.05/tracin_cp_simple_6,GIF,1304cc896db79f22fc2449753d22e29db6305b1e61ae4fd3e3a37e85a49c5f1f,generated/stage_u/pubmed-seed212-r0.05-tracin_cp_simple_6.yaml,False
aagu015-u-pubmed-seed42-r0.01-a_grad_norm/GNNDelete,aagu015-s-pubmed-seed42-r0.01/a_grad_norm,GNNDelete,a723ff983ce1cb2331b6e346477e5869882c6f539291e2f8b7437859693327fe,generated/stage_u/pubmed-seed42-r0.01-a_grad_norm.yaml,False
aagu015-u-pubmed-seed42-r0.01-a_grad_norm/GIF,aagu015-s-pubmed-seed42-r0.01/a_grad_norm,GIF,f195cd8423c2411ebf28eae6fde6e570c4dc0889409d0d62975c345b7bff12c5,generated/stage_u/pubmed-seed42-r0.01-a_grad_norm.yaml,False
aagu015-u-pubmed-seed42-r0.01-b_param_hutch/GNNDelete,aagu015-s-pubmed-seed42-r0.01/b_param_hutch,GNNDelete,a723ff983ce1cb2331b6e346477e5869882c6f539291e2f8b7437859693327fe,generated/stage_u/pubmed-seed42-r0.01-b_param_hutch.yaml,False
aagu015-u-pubmed-seed42-r0.01-b_param_hutch/GIF,aagu015-s-pubmed-seed42-r0.01/b_param_hutch,GIF,f195cd8423c2411ebf28eae6fde6e570c4dc0889409d0d62975c345b7bff12c5,generated/stage_u/pubmed-seed42-r0.01-b_param_hutch.yaml,False
aagu015-u-pubmed-seed42-r0.01-degree/GNNDelete,aagu015-s-pubmed-seed42-r0.01/degree,GNNDelete,a723ff983ce1cb2331b6e346477e5869882c6f539291e2f8b7437859693327fe,generated/stage_u/pubmed-seed42-r0.01-degree.yaml,False
aagu015-u-pubmed-seed42-r0.01-degree/GIF,aagu015-s-pubmed-seed42-r0.01/degree,GIF,f195cd8423c2411ebf28eae6fde6e570c4dc0889409d0d62975c345b7bff12c5,generated/stage_u/pubmed-seed42-r0.01-degree.yaml,False
aagu015-u-pubmed-seed42-r0.01-gt_full/GNNDelete,aagu015-s-pubmed-seed42-r0.01/gt_full,GNNDelete,a723ff983ce1cb2331b6e346477e5869882c6f539291e2f8b7437859693327fe,generated/stage_u/pubmed-seed42-r0.01-gt_full.yaml,False
aagu015-u-pubmed-seed42-r0.01-gt_full/GIF,aagu015-s-pubmed-seed42-r0.01/gt_full,GIF,f195cd8423c2411ebf28eae6fde6e570c4dc0889409d0d62975c345b7bff12c5,generated/stage_u/pubmed-seed42-r0.01-gt_full.yaml,False
aagu015-u-pubmed-seed42-r0.01-gt_simple/GNNDelete,aagu015-s-pubmed-seed42-r0.01/gt_simple,GNNDelete,a723ff983ce1cb2331b6e346477e5869882c6f539291e2f8b7437859693327fe,generated/stage_u/pubmed-seed42-r0.01-gt_simple.yaml,False
aagu015-u-pubmed-seed42-r0.01-gt_simple/GIF,aagu015-s-pubmed-seed42-r0.01/gt_simple,GIF,f195cd8423c2411ebf28eae6fde6e570c4dc0889409d0d62975c345b7bff12c5,generated/stage_u/pubmed-seed42-r0.01-gt_simple.yaml,False
aagu015-u-pubmed-seed42-r0.01-legacy/GNNDelete,aagu015-s-pubmed-seed42-r0.01/legacy,GNNDelete,a723ff983ce1cb2331b6e346477e5869882c6f539291e2f8b7437859693327fe,generated/stage_u/pubmed-seed42-r0.01-legacy.yaml,False
aagu015-u-pubmed-seed42-r0.01-legacy/GIF,aagu015-s-pubmed-seed42-r0.01/legacy,GIF,f195cd8423c2411ebf28eae6fde6e570c4dc0889409d0d62975c345b7bff12c5,generated/stage_u/pubmed-seed42-r0.01-legacy.yaml,False
aagu015-u-pubmed-seed42-r0.01-p_graph/GNNDelete,aagu015-s-pubmed-seed42-r0.01/p_graph,GNNDelete,a723ff983ce1cb2331b6e346477e5869882c6f539291e2f8b7437859693327fe,generated/stage_u/pubmed-seed42-r0.01-p_graph.yaml,False
aagu015-u-pubmed-seed42-r0.01-p_graph/GIF,aagu015-s-pubmed-seed42-r0.01/p_graph,GIF,f195cd8423c2411ebf28eae6fde6e570c4dc0889409d0d62975c345b7bff12c5,generated/stage_u/pubmed-seed42-r0.01-p_graph.yaml,False
aagu015-u-pubmed-seed42-r0.01-p_point/GNNDelete,aagu015-s-pubmed-seed42-r0.01/p_point,GNNDelete,a723ff983ce1cb2331b6e346477e5869882c6f539291e2f8b7437859693327fe,generated/stage_u/pubmed-seed42-r0.01-p_point.yaml,False
aagu015-u-pubmed-seed42-r0.01-p_point/GIF,aagu015-s-pubmed-seed42-r0.01/p_point,GIF,f195cd8423c2411ebf28eae6fde6e570c4dc0889409d0d62975c345b7bff12c5,generated/stage_u/pubmed-seed42-r0.01-p_point.yaml,False
aagu015-u-pubmed-seed42-r0.01-p_simple/GNNDelete,aagu015-s-pubmed-seed42-r0.01/p_simple,GNNDelete,a723ff983ce1cb2331b6e346477e5869882c6f539291e2f8b7437859693327fe,generated/stage_u/pubmed-seed42-r0.01-p_simple.yaml,False
aagu015-u-pubmed-seed42-r0.01-p_simple/GIF,aagu015-s-pubmed-seed42-r0.01/p_simple,GIF,f195cd8423c2411ebf28eae6fde6e570c4dc0889409d0d62975c345b7bff12c5,generated/stage_u/pubmed-seed42-r0.01-p_simple.yaml,False
aagu015-u-pubmed-seed42-r0.01-r_point/GNNDelete,aagu015-s-pubmed-seed42-r0.01/r_point,GNNDelete,a723ff983ce1cb2331b6e346477e5869882c6f539291e2f8b7437859693327fe,generated/stage_u/pubmed-seed42-r0.01-r_point.yaml,False
aagu015-u-pubmed-seed42-r0.01-r_point/GIF,aagu015-s-pubmed-seed42-r0.01/r_point,GIF,f195cd8423c2411ebf28eae6fde6e570c4dc0889409d0d62975c345b7bff12c5,generated/stage_u/pubmed-seed42-r0.01-r_point.yaml,False
aagu015-u-pubmed-seed42-r0.01-random/GNNDelete,aagu015-s-pubmed-seed42-r0.01/random,GNNDelete,a723ff983ce1cb2331b6e346477e5869882c6f539291e2f8b7437859693327fe,generated/stage_u/pubmed-seed42-r0.01-random.yaml,False
aagu015-u-pubmed-seed42-r0.01-random/GIF,aagu015-s-pubmed-seed42-r0.01/random,GIF,f195cd8423c2411ebf28eae6fde6e570c4dc0889409d0d62975c345b7bff12c5,generated/stage_u/pubmed-seed42-r0.01-random.yaml,False
aagu015-u-pubmed-seed42-r0.01-tracin_cp_graph_3/GNNDelete,aagu015-s-pubmed-seed42-r0.01/tracin_cp_graph_3,GNNDelete,a723ff983ce1cb2331b6e346477e5869882c6f539291e2f8b7437859693327fe,generated/stage_u/pubmed-seed42-r0.01-tracin_cp_graph_3.yaml,False
aagu015-u-pubmed-seed42-r0.01-tracin_cp_graph_3/GIF,aagu015-s-pubmed-seed42-r0.01/tracin_cp_graph_3,GIF,f195cd8423c2411ebf28eae6fde6e570c4dc0889409d0d62975c345b7bff12c5,generated/stage_u/pubmed-seed42-r0.01-tracin_cp_graph_3.yaml,False
aagu015-u-pubmed-seed42-r0.01-tracin_cp_graph_6/GNNDelete,aagu015-s-pubmed-seed42-r0.01/tracin_cp_graph_6,GNNDelete,a723ff983ce1cb2331b6e346477e5869882c6f539291e2f8b7437859693327fe,generated/stage_u/pubmed-seed42-r0.01-tracin_cp_graph_6.yaml,False
aagu015-u-pubmed-seed42-r0.01-tracin_cp_graph_6/GIF,aagu015-s-pubmed-seed42-r0.01/tracin_cp_graph_6,GIF,f195cd8423c2411ebf28eae6fde6e570c4dc0889409d0d62975c345b7bff12c5,generated/stage_u/pubmed-seed42-r0.01-tracin_cp_graph_6.yaml,False
aagu015-u-pubmed-seed42-r0.01-tracin_cp_point_3/GNNDelete,aagu015-s-pubmed-seed42-r0.01/tracin_cp_point_3,GNNDelete,a723ff983ce1cb2331b6e346477e5869882c6f539291e2f8b7437859693327fe,generated/stage_u/pubmed-seed42-r0.01-tracin_cp_point_3.yaml,False
aagu015-u-pubmed-seed42-r0.01-tracin_cp_point_3/GIF,aagu015-s-pubmed-seed42-r0.01/tracin_cp_point_3,GIF,f195cd8423c2411ebf28eae6fde6e570c4dc0889409d0d62975c345b7bff12c5,generated/stage_u/pubmed-seed42-r0.01-tracin_cp_point_3.yaml,False
aagu015-u-pubmed-seed42-r0.01-tracin_cp_point_6/GNNDelete,aagu015-s-pubmed-seed42-r0.01/tracin_cp_point_6,GNNDelete,a723ff983ce1cb2331b6e346477e5869882c6f539291e2f8b7437859693327fe,generated/stage_u/pubmed-seed42-r0.01-tracin_cp_point_6.yaml,False
aagu015-u-pubmed-seed42-r0.01-tracin_cp_point_6/GIF,aagu015-s-pubmed-seed42-r0.01/tracin_cp_point_6,GIF,f195cd8423c2411ebf28eae6fde6e570c4dc0889409d0d62975c345b7bff12c5,generated/stage_u/pubmed-seed42-r0.01-tracin_cp_point_6.yaml,False
aagu015-u-pubmed-seed42-r0.01-tracin_cp_simple_3/GNNDelete,aagu015-s-pubmed-seed42-r0.01/tracin_cp_simple_3,GNNDelete,a723ff983ce1cb2331b6e346477e5869882c6f539291e2f8b7437859693327fe,generated/stage_u/pubmed-seed42-r0.01-tracin_cp_simple_3.yaml,False
aagu015-u-pubmed-seed42-r0.01-tracin_cp_simple_3/GIF,aagu015-s-pubmed-seed42-r0.01/tracin_cp_simple_3,GIF,f195cd8423c2411ebf28eae6fde6e570c4dc0889409d0d62975c345b7bff12c5,generated/stage_u/pubmed-seed42-r0.01-tracin_cp_simple_3.yaml,False
aagu015-u-pubmed-seed42-r0.01-tracin_cp_simple_6/GNNDelete,aagu015-s-pubmed-seed42-r0.01/tracin_cp_simple_6,GNNDelete,a723ff983ce1cb2331b6e346477e5869882c6f539291e2f8b7437859693327fe,generated/stage_u/pubmed-seed42-r0.01-tracin_cp_simple_6.yaml,False
aagu015-u-pubmed-seed42-r0.01-tracin_cp_simple_6/GIF,aagu015-s-pubmed-seed42-r0.01/tracin_cp_simple_6,GIF,f195cd8423c2411ebf28eae6fde6e570c4dc0889409d0d62975c345b7bff12c5,generated/stage_u/pubmed-seed42-r0.01-tracin_cp_simple_6.yaml,False
aagu015-u-pubmed-seed42-r0.05-a_grad_norm/GNNDelete,aagu015-s-pubmed-seed42-r0.05/a_grad_norm,GNNDelete,a723ff983ce1cb2331b6e346477e5869882c6f539291e2f8b7437859693327fe,generated/stage_u/pubmed-seed42-r0.05-a_grad_norm.yaml,False
aagu015-u-pubmed-seed42-r0.05-a_grad_norm/GIF,aagu015-s-pubmed-seed42-r0.05/a_grad_norm,GIF,f195cd8423c2411ebf28eae6fde6e570c4dc0889409d0d62975c345b7bff12c5,generated/stage_u/pubmed-seed42-r0.05-a_grad_norm.yaml,False
aagu015-u-pubmed-seed42-r0.05-b_param_hutch/GNNDelete,aagu015-s-pubmed-seed42-r0.05/b_param_hutch,GNNDelete,a723ff983ce1cb2331b6e346477e5869882c6f539291e2f8b7437859693327fe,generated/stage_u/pubmed-seed42-r0.05-b_param_hutch.yaml,False
aagu015-u-pubmed-seed42-r0.05-b_param_hutch/GIF,aagu015-s-pubmed-seed42-r0.05/b_param_hutch,GIF,f195cd8423c2411ebf28eae6fde6e570c4dc0889409d0d62975c345b7bff12c5,generated/stage_u/pubmed-seed42-r0.05-b_param_hutch.yaml,False
aagu015-u-pubmed-seed42-r0.05-degree/GNNDelete,aagu015-s-pubmed-seed42-r0.05/degree,GNNDelete,a723ff983ce1cb2331b6e346477e5869882c6f539291e2f8b7437859693327fe,generated/stage_u/pubmed-seed42-r0.05-degree.yaml,False
aagu015-u-pubmed-seed42-r0.05-degree/GIF,aagu015-s-pubmed-seed42-r0.05/degree,GIF,f195cd8423c2411ebf28eae6fde6e570c4dc0889409d0d62975c345b7bff12c5,generated/stage_u/pubmed-seed42-r0.05-degree.yaml,False
aagu015-u-pubmed-seed42-r0.05-gt_full/GNNDelete,aagu015-s-pubmed-seed42-r0.05/gt_full,GNNDelete,a723ff983ce1cb2331b6e346477e5869882c6f539291e2f8b7437859693327fe,generated/stage_u/pubmed-seed42-r0.05-gt_full.yaml,False
aagu015-u-pubmed-seed42-r0.05-gt_full/GIF,aagu015-s-pubmed-seed42-r0.05/gt_full,GIF,f195cd8423c2411ebf28eae6fde6e570c4dc0889409d0d62975c345b7bff12c5,generated/stage_u/pubmed-seed42-r0.05-gt_full.yaml,False
aagu015-u-pubmed-seed42-r0.05-gt_simple/GNNDelete,aagu015-s-pubmed-seed42-r0.05/gt_simple,GNNDelete,a723ff983ce1cb2331b6e346477e5869882c6f539291e2f8b7437859693327fe,generated/stage_u/pubmed-seed42-r0.05-gt_simple.yaml,False
aagu015-u-pubmed-seed42-r0.05-gt_simple/GIF,aagu015-s-pubmed-seed42-r0.05/gt_simple,GIF,f195cd8423c2411ebf28eae6fde6e570c4dc0889409d0d62975c345b7bff12c5,generated/stage_u/pubmed-seed42-r0.05-gt_simple.yaml,False
aagu015-u-pubmed-seed42-r0.05-legacy/GNNDelete,aagu015-s-pubmed-seed42-r0.05/legacy,GNNDelete,a723ff983ce1cb2331b6e346477e5869882c6f539291e2f8b7437859693327fe,generated/stage_u/pubmed-seed42-r0.05-legacy.yaml,False
aagu015-u-pubmed-seed42-r0.05-legacy/GIF,aagu015-s-pubmed-seed42-r0.05/legacy,GIF,f195cd8423c2411ebf28eae6fde6e570c4dc0889409d0d62975c345b7bff12c5,generated/stage_u/pubmed-seed42-r0.05-legacy.yaml,False
aagu015-u-pubmed-seed42-r0.05-p_graph/GNNDelete,aagu015-s-pubmed-seed42-r0.05/p_graph,GNNDelete,a723ff983ce1cb2331b6e346477e5869882c6f539291e2f8b7437859693327fe,generated/stage_u/pubmed-seed42-r0.05-p_graph.yaml,False
aagu015-u-pubmed-seed42-r0.05-p_graph/GIF,aagu015-s-pubmed-seed42-r0.05/p_graph,GIF,f195cd8423c2411ebf28eae6fde6e570c4dc0889409d0d62975c345b7bff12c5,generated/stage_u/pubmed-seed42-r0.05-p_graph.yaml,False
aagu015-u-pubmed-seed42-r0.05-p_point/GNNDelete,aagu015-s-pubmed-seed42-r0.05/p_point,GNNDelete,a723ff983ce1cb2331b6e346477e5869882c6f539291e2f8b7437859693327fe,generated/stage_u/pubmed-seed42-r0.05-p_point.yaml,False
aagu015-u-pubmed-seed42-r0.05-p_point/GIF,aagu015-s-pubmed-seed42-r0.05/p_point,GIF,f195cd8423c2411ebf28eae6fde6e570c4dc0889409d0d62975c345b7bff12c5,generated/stage_u/pubmed-seed42-r0.05-p_point.yaml,False
aagu015-u-pubmed-seed42-r0.05-p_simple/GNNDelete,aagu015-s-pubmed-seed42-r0.05/p_simple,GNNDelete,a723ff983ce1cb2331b6e346477e5869882c6f539291e2f8b7437859693327fe,generated/stage_u/pubmed-seed42-r0.05-p_simple.yaml,False
aagu015-u-pubmed-seed42-r0.05-p_simple/GIF,aagu015-s-pubmed-seed42-r0.05/p_simple,GIF,f195cd8423c2411ebf28eae6fde6e570c4dc0889409d0d62975c345b7bff12c5,generated/stage_u/pubmed-seed42-r0.05-p_simple.yaml,False
aagu015-u-pubmed-seed42-r0.05-r_point/GNNDelete,aagu015-s-pubmed-seed42-r0.05/r_point,GNNDelete,a723ff983ce1cb2331b6e346477e5869882c6f539291e2f8b7437859693327fe,generated/stage_u/pubmed-seed42-r0.05-r_point.yaml,False
aagu015-u-pubmed-seed42-r0.05-r_point/GIF,aagu015-s-pubmed-seed42-r0.05/r_point,GIF,f195cd8423c2411ebf28eae6fde6e570c4dc0889409d0d62975c345b7bff12c5,generated/stage_u/pubmed-seed42-r0.05-r_point.yaml,False
aagu015-u-pubmed-seed42-r0.05-random/GNNDelete,aagu015-s-pubmed-seed42-r0.05/random,GNNDelete,a723ff983ce1cb2331b6e346477e5869882c6f539291e2f8b7437859693327fe,generated/stage_u/pubmed-seed42-r0.05-random.yaml,False
aagu015-u-pubmed-seed42-r0.05-random/GIF,aagu015-s-pubmed-seed42-r0.05/random,GIF,f195cd8423c2411ebf28eae6fde6e570c4dc0889409d0d62975c345b7bff12c5,generated/stage_u/pubmed-seed42-r0.05-random.yaml,False
aagu015-u-pubmed-seed42-r0.05-tracin_cp_graph_3/GNNDelete,aagu015-s-pubmed-seed42-r0.05/tracin_cp_graph_3,GNNDelete,a723ff983ce1cb2331b6e346477e5869882c6f539291e2f8b7437859693327fe,generated/stage_u/pubmed-seed42-r0.05-tracin_cp_graph_3.yaml,False
aagu015-u-pubmed-seed42-r0.05-tracin_cp_graph_3/GIF,aagu015-s-pubmed-seed42-r0.05/tracin_cp_graph_3,GIF,f195cd8423c2411ebf28eae6fde6e570c4dc0889409d0d62975c345b7bff12c5,generated/stage_u/pubmed-seed42-r0.05-tracin_cp_graph_3.yaml,False
aagu015-u-pubmed-seed42-r0.05-tracin_cp_graph_6/GNNDelete,aagu015-s-pubmed-seed42-r0.05/tracin_cp_graph_6,GNNDelete,a723ff983ce1cb2331b6e346477e5869882c6f539291e2f8b7437859693327fe,generated/stage_u/pubmed-seed42-r0.05-tracin_cp_graph_6.yaml,False
aagu015-u-pubmed-seed42-r0.05-tracin_cp_graph_6/GIF,aagu015-s-pubmed-seed42-r0.05/tracin_cp_graph_6,GIF,f195cd8423c2411ebf28eae6fde6e570c4dc0889409d0d62975c345b7bff12c5,generated/stage_u/pubmed-seed42-r0.05-tracin_cp_graph_6.yaml,False
aagu015-u-pubmed-seed42-r0.05-tracin_cp_point_3/GNNDelete,aagu015-s-pubmed-seed42-r0.05/tracin_cp_point_3,GNNDelete,a723ff983ce1cb2331b6e346477e5869882c6f539291e2f8b7437859693327fe,generated/stage_u/pubmed-seed42-r0.05-tracin_cp_point_3.yaml,False
aagu015-u-pubmed-seed42-r0.05-tracin_cp_point_3/GIF,aagu015-s-pubmed-seed42-r0.05/tracin_cp_point_3,GIF,f195cd8423c2411ebf28eae6fde6e570c4dc0889409d0d62975c345b7bff12c5,generated/stage_u/pubmed-seed42-r0.05-tracin_cp_point_3.yaml,False
aagu015-u-pubmed-seed42-r0.05-tracin_cp_point_6/GNNDelete,aagu015-s-pubmed-seed42-r0.05/tracin_cp_point_6,GNNDelete,a723ff983ce1cb2331b6e346477e5869882c6f539291e2f8b7437859693327fe,generated/stage_u/pubmed-seed42-r0.05-tracin_cp_point_6.yaml,False
aagu015-u-pubmed-seed42-r0.05-tracin_cp_point_6/GIF,aagu015-s-pubmed-seed42-r0.05/tracin_cp_point_6,GIF,f195cd8423c2411ebf28eae6fde6e570c4dc0889409d0d62975c345b7bff12c5,generated/stage_u/pubmed-seed42-r0.05-tracin_cp_point_6.yaml,False
aagu015-u-pubmed-seed42-r0.05-tracin_cp_simple_3/GNNDelete,aagu015-s-pubmed-seed42-r0.05/tracin_cp_simple_3,GNNDelete,a723ff983ce1cb2331b6e346477e5869882c6f539291e2f8b7437859693327fe,generated/stage_u/pubmed-seed42-r0.05-tracin_cp_simple_3.yaml,False
aagu015-u-pubmed-seed42-r0.05-tracin_cp_simple_3/GIF,aagu015-s-pubmed-seed42-r0.05/tracin_cp_simple_3,GIF,f195cd8423c2411ebf28eae6fde6e570c4dc0889409d0d62975c345b7bff12c5,generated/stage_u/pubmed-seed42-r0.05-tracin_cp_simple_3.yaml,False
aagu015-u-pubmed-seed42-r0.05-tracin_cp_simple_6/GNNDelete,aagu015-s-pubmed-seed42-r0.05/tracin_cp_simple_6,GNNDelete,a723ff983ce1cb2331b6e346477e5869882c6f539291e2f8b7437859693327fe,generated/stage_u/pubmed-seed42-r0.05-tracin_cp_simple_6.yaml,False
aagu015-u-pubmed-seed42-r0.05-tracin_cp_simple_6/GIF,aagu015-s-pubmed-seed42-r0.05/tracin_cp_simple_6,GIF,f195cd8423c2411ebf28eae6fde6e570c4dc0889409d0d62975c345b7bff12c5,generated/stage_u/pubmed-seed42-r0.05-tracin_cp_simple_6.yaml,False
