{
  "config": {
    "dataset_name": "citeseer",
    "base_model": "GCN",
    "unlearning_methods": "IDEA",
    "unlearn_ratio": 0.05,
    "random_seed": 2024,
    "baseline_k": 5,
    "strategies_requested": [
      "im_v4",
      "tracin",
      "hybrid_v4"
    ]
  },
  "results": [
    {
      "strategy": "im_v4",
      "baseline_f1_after": 0.6966966966966968,
      "attack_f1_after": 0.7012,
      "gap": 0.004503303303303285,
      "relative_f1_drop": -0.004503303303303285
    },
    {
      "strategy": "tracin",
      "baseline_f1_after": 0.6966966966966968,
      "attack_f1_after": 0.6892,
      "gap": -0.007496696696696725,
      "relative_f1_drop": 0.007496696696696725
    },
    {
      "strategy": "hybrid_v4",
      "baseline_f1_after": 0.6966966966966968,
      "attack_f1_after": 0.6982,
      "gap": 0.0015033033033032828,
      "relative_f1_drop": -0.0015033033033032828
    }
  ],
  "timestamp": "2026-02-26T04:28:21.044401"
}