{
  "config": {
    "dataset_name": "citeseer",
    "base_model": "GCN",
    "unlearning_methods": "IDEA",
    "unlearn_ratio": 0.05,
    "random_seed": 722,
    "baseline_k": 5,
    "strategies_requested": [
      "im_v4",
      "tracin",
      "hybrid_v4"
    ]
  },
  "results": [
    {
      "strategy": "im_v4",
      "baseline_f1_after": 0.6966966966966968,
      "attack_f1_after": 0.6907,
      "gap": -0.005996696696696779,
      "relative_f1_drop": 0.005996696696696779
    },
    {
      "strategy": "tracin",
      "baseline_f1_after": 0.6966966966966968,
      "attack_f1_after": 0.6922,
      "gap": -0.0044966966966967226,
      "relative_f1_drop": 0.0044966966966967226
    },
    {
      "strategy": "hybrid_v4",
      "baseline_f1_after": 0.6966966966966968,
      "attack_f1_after": 0.6967,
      "gap": 3.303303303225924e-06,
      "relative_f1_drop": -3.303303303225924e-06
    }
  ],
  "timestamp": "2026-02-26T04:28:02.162191"
}