{
  "config": {
    "dataset_name": "citeseer",
    "base_model": "GCN",
    "unlearning_methods": "IDEA",
    "unlearn_ratio": 0.05,
    "random_seed": 212,
    "baseline_k": 5,
    "strategies_requested": [
      "im_v4",
      "tracin",
      "hybrid_v4"
    ]
  },
  "results": [
    {
      "strategy": "im_v4",
      "baseline_f1_after": 0.6966966966966968,
      "attack_f1_after": 0.6937,
      "gap": -0.0029966966966967767,
      "relative_f1_drop": 0.0029966966966967767
    },
    {
      "strategy": "tracin",
      "baseline_f1_after": 0.6966966966966968,
      "attack_f1_after": 0.6862,
      "gap": -0.010496696696696728,
      "relative_f1_drop": 0.010496696696696728
    },
    {
      "strategy": "hybrid_v4",
      "baseline_f1_after": 0.6966966966966968,
      "attack_f1_after": 0.6892,
      "gap": -0.007496696696696725,
      "relative_f1_drop": 0.007496696696696725
    }
  ],
  "timestamp": "2026-02-26T04:27:53.213522"
}