{
  "config": {
    "dataset_name": "citeseer",
    "base_model": "GCN",
    "unlearning_methods": "IDEA",
    "unlearn_ratio": 0.05,
    "random_seed": 1337,
    "baseline_k": 5,
    "strategies_requested": [
      "im_v4",
      "tracin",
      "hybrid_v4"
    ]
  },
  "results": [
    {
      "strategy": "im_v4",
      "baseline_f1_after": 0.6966966966966968,
      "attack_f1_after": 0.6847,
      "gap": -0.011996696696696785,
      "relative_f1_drop": 0.011996696696696785
    },
    {
      "strategy": "tracin",
      "baseline_f1_after": 0.6966966966966968,
      "attack_f1_after": 0.6877,
      "gap": -0.008996696696696782,
      "relative_f1_drop": 0.008996696696696782
    },
    {
      "strategy": "hybrid_v4",
      "baseline_f1_after": 0.6966966966966968,
      "attack_f1_after": 0.6937,
      "gap": -0.0029966966966967767,
      "relative_f1_drop": 0.0029966966966967767
    }
  ],
  "timestamp": "2026-02-26T04:28:11.905954"
}