{
  "config": {
    "dataset_name": "cora",
    "base_model": "GCN",
    "unlearning_methods": "GIF",
    "unlearn_ratio": 0.05,
    "random_seed": 42,
    "strategies_requested": [
      "random"
    ]
  },
  "results": [
    {
      "strategy": "random",
      "perf_before": 0.8892988929889298,
      "perf_retrain": 0.8819188191881918,
      "perf_unlearn": 0.8837638376383764,
      "drop_retrain": 0.0073800738007380184,
      "gap": -0.0018450184501845879,
      "gap_pct": -0.20920502092051188,
      "mean_pred_shift": 0.012769638560712337,
      "max_pred_shift": 0.32671207189559937,
      "fraction_flipped": 0.009236752986907959,
      "hop_decay": {
        "1_hop_flip_rate": 0.017241379310344827,
        "1_hop_count": 348,
        "2_hop_flip_rate": 0.00782122905027933,
        "2_hop_count": 895,
        "3_hop_flip_rate": 0.006507592190889371,
        "3_hop_count": 461,
        "gt3_hop_flip_rate": 0.0084985835694051,
        "gt3_hop_count": 353
      }
    }
  ],
  "timestamp": "2026-05-04T14:01:32.205835"
}