{
  "config": {
    "dataset_name": "cora",
    "base_model": "GCN",
    "unlearning_methods": "GIF",
    "unlearn_ratio": 0.2,
    "random_seed": 42,
    "strategies_requested": [
      "random",
      "degree",
      "pagerank",
      "tracin",
      "im_v4",
      "hybrid_v4"
    ]
  },
  "results": [
    {
      "strategy": "random",
      "perf_before": 0.8892988929889298,
      "perf_retrain": 0.8874538745387455,
      "perf_unlearn": 0.8856088560885609,
      "drop_retrain": 0.0018450184501843658,
      "gap": 0.0018450184501845879,
      "gap_pct": 0.20790020790021757,
      "mean_pred_shift": 0.019247114658355713,
      "max_pred_shift": 0.5918220281600952,
      "fraction_flipped": 0.011441648006439209
    },
    {
      "strategy": "degree",
      "perf_before": 0.8911439114391144,
      "perf_retrain": 0.8948339483394835,
      "perf_unlearn": 0.8874538745387455,
      "drop_retrain": -0.0036900369003690647,
      "gap": 0.0073800738007380184,
      "gap_pct": 0.8247422680412384,
      "mean_pred_shift": 0.02146761864423752,
      "max_pred_shift": 0.5200196504592896,
      "fraction_flipped": 0.017431724816560745
    },
    {
      "strategy": "pagerank",
      "perf_before": 0.8856088560885609,
      "perf_retrain": 0.8966789667896679,
      "perf_unlearn": 0.8892988929889298,
      "drop_retrain": -0.011070110701106972,
      "gap": 0.0073800738007380184,
      "gap_pct": 0.8230452674897132,
      "mean_pred_shift": 0.022215701639652252,
      "max_pred_shift": 0.4689064025878906,
      "fraction_flipped": 0.018497109413146973
    },
    {
      "strategy": "tracin",
      "perf_before": 0.8929889298892989,
      "perf_retrain": 0.8339483394833949,
      "perf_unlearn": 0.8874538745387455,
      "drop_retrain": 0.059040590405904037,
      "gap": -0.053505535055350606,
      "gap_pct": -6.415929203539829,
      "mean_pred_shift": 0.03422827273607254,
      "max_pred_shift": 0.8144257068634033,
      "fraction_flipped": 0.015384615398943424
    }
  ],
  "timestamp": "2026-02-24T19:16:31.876242",
  "repair_meta": {
    "repair_mode": true,
    "dry_run": false,
    "requested": 6,
    "completed_before": 0,
    "executed_now": 4,
    "missing_before": 6
  }
}