{
  "config": {
    "dataset_name": "cora",
    "base_model": "GCN",
    "unlearning_methods": "GIF",
    "unlearn_ratio": 0.01,
    "random_seed": 42,
    "strategies_requested": [
      "random",
      "degree",
      "pagerank",
      "tracin",
      "im_v4",
      "hybrid_v4"
    ]
  },
  "results": [
    {
      "strategy": "random",
      "perf_before": 0.8874538745387455,
      "perf_retrain": 0.8837638376383764,
      "perf_unlearn": 0.8892988929889298,
      "drop_retrain": 0.0036900369003690647,
      "gap": -0.0055350553505534306,
      "gap_pct": -0.6263048016701377,
      "mean_pred_shift": 0.01134929433465004,
      "max_pred_shift": 0.28274524211883545,
      "fraction_flipped": 0.011204482056200504
    },
    {
      "strategy": "degree",
      "perf_before": 0.8874538745387455,
      "perf_retrain": 0.8856088560885609,
      "perf_unlearn": 0.8874538745387455,
      "drop_retrain": 0.0018450184501845879,
      "gap": -0.0018450184501845879,
      "gap_pct": -0.20833333333334306,
      "mean_pred_shift": 0.014222586527466774,
      "max_pred_shift": 0.36479708552360535,
      "fraction_flipped": 0.01352611929178238
    },
    {
      "strategy": "pagerank",
      "perf_before": 0.8892988929889298,
      "perf_retrain": 0.8929889298892989,
      "perf_unlearn": 0.8745387453874539,
      "drop_retrain": -0.0036900369003690647,
      "gap": 0.01845018450184499,
      "gap_pct": 2.066115702479336,
      "mean_pred_shift": 0.012782116420567036,
      "max_pred_shift": 0.39300772547721863,
      "fraction_flipped": 0.01259328331798315
    },
    {
      "strategy": "tracin",
      "perf_before": 0.8874538745387455,
      "perf_retrain": 0.8911439114391144,
      "perf_unlearn": 0.8856088560885609,
      "drop_retrain": -0.0036900369003689537,
      "gap": 0.005535055350553542,
      "gap_pct": 0.6211180124223643,
      "mean_pred_shift": 0.018093446269631386,
      "max_pred_shift": 0.7104969024658203,
      "fraction_flipped": 0.011687704361975193
    }
  ],
  "timestamp": "2026-02-24T19:27:01.890230",
  "repair_meta": {
    "repair_mode": true,
    "dry_run": false,
    "requested": 6,
    "completed_before": 0,
    "executed_now": 4,
    "missing_before": 6
  }
}