{
  "config": {
    "dataset_name": "cora",
    "base_model": "GAT",
    "unlearning_methods": "IDEA",
    "unlearn_ratio": 0.05,
    "random_seed": 212,
    "baseline_k": 5,
    "strategies_requested": [
      "im_v4",
      "tracin",
      "hybrid_v4"
    ]
  },
  "results": [
    {
      "strategy": "im_v4",
      "baseline_f1_after": 0.8461254612546124,
      "attack_f1_after": 0.8229,
      "gap": -0.023225461254612445,
      "relative_f1_drop": 0.023225461254612445
    },
    {
      "strategy": "tracin",
      "baseline_f1_after": 0.8461254612546124,
      "attack_f1_after": 0.8395,
      "gap": -0.006625461254612386,
      "relative_f1_drop": 0.006625461254612386
    },
    {
      "strategy": "hybrid_v4",
      "baseline_f1_after": 0.8461254612546124,
      "attack_f1_after": 0.8266,
      "gap": -0.01952546125461241,
      "relative_f1_drop": 0.01952546125461241
    }
  ],
  "timestamp": "2026-02-26T04:28:38.789521"
}