{
  "config": {
    "dataset_name": "cora",
    "base_model": "GAT",
    "unlearning_methods": "IDEA",
    "unlearn_ratio": 0.05,
    "random_seed": 1337,
    "baseline_k": 5,
    "strategies_requested": [
      "im_v4",
      "tracin",
      "hybrid_v4"
    ]
  },
  "results": [
    {
      "strategy": "im_v4",
      "baseline_f1_after": 0.8461254612546124,
      "attack_f1_after": 0.8118,
      "gap": -0.034325461254612444,
      "relative_f1_drop": 0.034325461254612444
    },
    {
      "strategy": "tracin",
      "baseline_f1_after": 0.8461254612546124,
      "attack_f1_after": 0.821,
      "gap": -0.025125461254612458,
      "relative_f1_drop": 0.025125461254612458
    },
    {
      "strategy": "hybrid_v4",
      "baseline_f1_after": 0.8461254612546124,
      "attack_f1_after": 0.8192,
      "gap": -0.02692546125461237,
      "relative_f1_drop": 0.02692546125461237
    }
  ],
  "timestamp": "2026-02-26T04:28:56.519368"
}