{
  "config": {
    "dataset_name": "cora",
    "base_model": "GAT",
    "unlearning_methods": "IDEA",
    "unlearn_ratio": 0.05,
    "random_seed": 42,
    "baseline_k": 5,
    "strategies_requested": [
      "im_v4",
      "tracin",
      "hybrid_v4"
    ]
  },
  "results": [
    {
      "strategy": "im_v4",
      "baseline_f1_after": 0.8461254612546124,
      "attack_f1_after": 0.821,
      "gap": -0.025125461254612458,
      "relative_f1_drop": 0.025125461254612458
    },
    {
      "strategy": "tracin",
      "baseline_f1_after": 0.8461254612546124,
      "attack_f1_after": 0.8413,
      "gap": -0.004825461254612362,
      "relative_f1_drop": 0.004825461254612362
    },
    {
      "strategy": "hybrid_v4",
      "baseline_f1_after": 0.8461254612546124,
      "attack_f1_after": 0.8284,
      "gap": -0.017725461254612385,
      "relative_f1_drop": 0.017725461254612385
    }
  ],
  "timestamp": "2026-02-26T04:28:29.956222"
}