dataset,method,source,selector,seed,before,after,U,D,G,A,A_R,E,flip,random_flip,delta_flip
CiteSeer,GIF,GAT,gt_full,42,74.47447447447448,75.22522522522522,-0.7507507507507398,-2.552552552552555,1.8018018018018056,-0.8008008008007863,-1.701701701701689,0.9009009009009028,6.306306306306306,4.354354354354355,1.9519519519519513
CiteSeer,GIF,GAT,gt_full,212,75.22522522522522,75.82582582582582,-0.6006006006006004,-1.3513513513513544,0.7507507507507505,-0.45045045045044674,-1.4014014014014005,0.9509509509509536,5.555555555555555,3.953953953953954,1.6016016016016015
CiteSeer,GIF,GAT,gt_full,2024,74.17417417417418,75.37537537537537,-1.2012012012011866,-0.3003003003002931,-0.9009009009009028,-1.251251251251233,0.5005005005005181,-1.7517517517517511,6.006006006006006,4.654654654654655,1.3513513513513509
CiteSeer,GIF,GAT,r_point,42,74.47447447447448,75.52552552552552,-1.0510510510510471,-2.252252252252248,1.2012012012011963,-1.1011011011010936,-1.4014014014013871,0.30030030030029353,7.3573573573573565,4.354354354354355,3.003003003003002
CiteSeer,GIF,GAT,r_point,212,75.22522522522522,75.97597597597597,-0.750750750750754,-0.3003003003003073,-0.45045045045044585,-0.6006006006006004,-0.35035035035035766,-0.2502502502502427,7.807807807807808,3.953953953953954,3.853853853853854
CiteSeer,GIF,GAT,r_point,2024,74.17417417417418,74.92492492492492,-0.7507507507507398,-0.45045045045044674,-0.30030030030030463,-0.8008008008007863,0.35035035035036666,-1.151151151151153,9.30930930930931,4.654654654654655,4.654654654654655
CiteSeer,GIF,GCN,degree,42,74.47447447447448,74.62462462462463,-0.15015015015015365,-0.15015015015015365,0.0,-0.20020020020020013,0.7007007007007027,-0.9009009009009028,5.255255255255255,4.354354354354355,0.9009009009009006
CiteSeer,GIF,GCN,degree,212,75.22522522522522,74.77477477477478,0.4504504504504325,0.4504504504504325,0.0,0.6006006006005862,0.40040040040038305,0.2002002002002031,4.654654654654655,3.953953953953954,0.7007007007007009
CiteSeer,GIF,GCN,degree,2024,74.17417417417418,74.32432432432432,-0.15015015015013944,-1.5015015015014939,1.3513513513513598,-0.20020020020018592,-0.7007007007006973,0.5005005005005114,4.654654654654655,4.654654654654655,0.0
CiteSeer,GIF,GCN,gt_full,42,74.47447447447448,74.92492492492492,-0.45045045045044674,1.2012012012012008,-1.6516516516516533,-0.5005005005004932,2.052052052052063,-2.552552552552556,6.156156156156156,4.354354354354355,1.8018018018018012
CiteSeer,GIF,GCN,gt_full,212,75.22522522522522,74.92492492492492,0.3003003003002931,0.3003003003002931,0.0,0.45045045045044674,0.2502502502502436,0.2002002002002031,5.7057057057057055,3.953953953953954,1.7517517517517516
CiteSeer,GIF,GCN,gt_full,2024,74.17417417417418,75.22522522522522,-1.051051051051033,-2.1021021021020942,1.0510510510510551,-1.1011011011010794,-1.3013013013012862,0.2002002002002068,4.804804804804805,4.654654654654655,0.1501501501501501
CiteSeer,GIF,GCN,r_point,42,74.47447447447448,75.07507507507508,-0.6006006006006004,-0.15015015015015365,-0.45045045045044585,-0.6506506506506469,0.7007007007007018,-1.3513513513513487,7.807807807807808,4.354354354354355,3.453453453453453
CiteSeer,GIF,GCN,r_point,212,75.22522522522522,75.07507507507508,0.15015015015013944,1.051051051051033,-0.9009009009008917,0.3003003003002931,1.0010010010009815,-0.7007007007006886,7.3573573573573565,3.953953953953954,3.4034034034034026
CiteSeer,GIF,GCN,r_point,2024,74.17417417417418,74.92492492492492,-0.7507507507507398,-1.801801801801787,1.051051051051044,-0.8008008008007863,-1.001001001000982,0.2002002002001957,7.057057057057057,4.654654654654655,2.4024024024024024
CiteSeer,GIF,GCN,random,42,74.47447447447448,74.42442442442443,0.05005005005005122,-0.850850850850847,0.9009009009009028,4.736951571734001e-15,4.736951571734001e-15,0.0,4.354354354354355,4.354354354354355,0.0
CiteSeer,GIF,GCN,random,212,75.22522522522522,75.37537537537537,-0.15015015015015365,0.05005005005004648,-0.2002002002002031,0.0,-2.7755575615628914e-17,2.7755575615628914e-17,3.953953953953954,3.953953953953954,0.0
CiteSeer,GIF,GCN,random,2024,74.17417417417418,74.12412412412414,0.05005005005005122,-0.8008008008007911,0.8508508508508483,4.736951571734001e-15,4.736951571734001e-15,0.0,4.654654654654655,4.654654654654655,0.0
CiteSeer,GIF,GIN,gt_full,42,74.47447447447448,75.07507507507508,-0.6006006006006004,0.6006006006006004,-1.2012012012011963,-0.6506506506506469,1.4514514514514523,-2.102102102102099,5.105105105105105,4.354354354354355,0.7507507507507505
CiteSeer,GIF,GIN,gt_full,212,75.22522522522522,75.37537537537537,-0.15015015015015365,0.0,-0.15015015015015232,0.0,-0.05005005005005078,0.05005005005005078,5.105105105105105,3.953953953953954,1.1511511511511512
CiteSeer,GIF,GIN,gt_full,2024,74.17417417417418,74.47447447447448,-0.3003003003002931,-0.9009009009008935,0.6006006006005982,-0.35035035035033957,-0.1001001001000894,-0.25025025025025016,4.654654654654655,4.654654654654655,0.0
CiteSeer,GIF,GIN,r_point,42,74.47447447447448,74.77477477477478,-0.3003003003003073,-0.15015015015015365,-0.15015015015015232,-0.3503503503503538,0.7007007007007013,-1.0510510510510551,6.006006006006006,4.354354354354355,1.651651651651651
CiteSeer,GIF,GIN,r_point,212,75.22522522522522,75.07507507507508,0.15015015015013944,0.3003003003002931,-0.15015015015014122,0.3003003003002931,0.2502502502502312,0.050050050050061884,4.654654654654655,3.953953953953954,0.7007007007007009
CiteSeer,GIF,GIN,r_point,2024,74.17417417417418,74.17417417417418,0.0,-0.9009009009008935,0.9009009009008917,-0.05005005005004648,-0.10010010010008985,0.05005005005004337,7.207207207207207,4.654654654654655,2.5525525525525525
CiteSeer,GIF,SGC,gt_full,42,74.47447447447448,74.47447447447448,0.0,0.3003003003002931,-0.30030030030029353,-0.05005005005004648,1.1511511511511499,-1.2012012012011963,4.354354354354354,4.354354354354355,-8.881784197001252e-16
CiteSeer,GIF,SGC,gt_full,212,75.22522522522522,75.37537537537537,-0.15015015015015365,0.15015015015013944,-0.30030030030030463,0.0,0.10010010010010154,-0.10010010010010154,3.903903903903904,3.953953953953954,-0.05005005005005003
CiteSeer,GIF,SGC,gt_full,2024,74.17417417417418,74.17417417417418,0.0,-0.15015015015013944,0.15015015015014122,-0.05005005005004648,0.6506506506506606,-0.7007007007007071,4.654654654654655,4.654654654654655,0.0
CiteSeer,GIF,SGC,r_point,42,74.47447447447448,74.32432432432432,0.15015015015015365,-0.15015015015015365,0.30030030030030463,0.10010010010010717,0.7007007007007053,-0.6006006006005982,3.453453453453453,4.354354354354355,-0.9009009009009015
CiteSeer,GIF,SGC,r_point,212,75.22522522522522,75.22522522522522,0.0,0.0,0.0,0.15015015015015365,-0.05005005005004945,0.2002002002002031,3.303303303303303,3.953953953953954,-0.6506506506506509
CiteSeer,GIF,SGC,r_point,2024,74.17417417417418,74.32432432432432,-0.15015015015013944,-0.6006006006006004,0.45045045045045695,-0.20020020020018592,0.20020020020020546,-0.4004004004003914,5.255255255255255,4.654654654654655,0.6006006006006004
CiteSeer,GNNDelete,GAT,gt_full,42,74.47447447447448,73.87387387387388,0.6006006006006004,-2.552552552552555,3.1531531531531543,1.2012012012012008,-1.7017017017017069,2.9029029029029076,9.45945945945946,7.757757757757758,1.701701701701702
CiteSeer,GNNDelete,GAT,gt_full,212,75.22522522522522,75.07507507507508,0.15015015015013944,-1.3513513513513544,1.501501501501501,0.5505505505505397,-1.4014014014014144,1.9519519519519541,9.90990990990991,7.6576576576576585,2.2522522522522515
CiteSeer,GNNDelete,GAT,gt_full,2024,74.17417417417418,74.47447447447448,-0.3003003003002931,-0.3003003003002931,0.0,-0.750750750750754,0.5005005005005005,-1.2512512512512546,8.85885885885886,8.058058058058057,0.8008008008008023
CiteSeer,GNNDelete,GAT,r_point,42,74.47447447447448,75.67567567567568,-1.2012012012012008,-2.252252252252248,1.051051051051044,-0.6006006006006004,-1.401401401401398,0.8008008008007976,6.006006006006006,7.757757757757758,-1.751751751751752
CiteSeer,GNNDelete,GAT,r_point,212,75.22522522522522,75.22522522522522,0.0,-0.3003003003003073,0.30030030030030463,0.40040040040040026,-0.35035035035035755,0.7507507507507578,10.06006006006006,7.6576576576576585,2.4024024024024015
CiteSeer,GNNDelete,GAT,r_point,2024,74.17417417417418,74.32432432432432,-0.15015015015013944,-0.45045045045044674,0.30030030030030463,-0.6006006006006004,0.35035035035034956,-0.95095095095095,9.75975975975976,8.058058058058057,1.7017017017017029
CiteSeer,GNNDelete,GCN,degree,42,74.47447447447448,73.12312312312312,1.3513513513513544,-0.15015015015015365,1.501501501501501,1.9519519519519548,0.7007007007007002,1.2512512512512546,10.06006006006006,7.757757757757758,2.3023023023023024
CiteSeer,GNNDelete,GCN,degree,212,75.22522522522522,75.82582582582582,-0.6006006006006004,0.4504504504504325,-1.051051051051044,-0.20020020020020013,0.4004004004003907,-0.6006006006005908,8.708708708708707,7.6576576576576585,1.051051051051049
CiteSeer,GNNDelete,GCN,degree,2024,74.17417417417418,74.17417417417418,0.0,-1.5015015015014939,1.501501501501501,-0.45045045045046095,-0.7007007007007073,0.2502502502502464,9.60960960960961,8.058058058058057,1.5515515515515528
CiteSeer,GNNDelete,GCN,gt_full,42,74.47447447447448,74.47447447447448,0.0,1.2012012012012008,-1.2012012012011963,0.6006006006006004,2.0520520520520433,-1.4514514514514427,14.414414414414415,7.757757757757758,6.656656656656657
CiteSeer,GNNDelete,GCN,gt_full,212,75.22522522522522,75.82582582582582,-0.6006006006006004,0.3003003003002931,-0.9009009009008917,-0.20020020020020013,0.25025025025023834,-0.45045045045043847,9.30930930930931,7.6576576576576585,1.651651651651651
CiteSeer,GNNDelete,GCN,gt_full,2024,74.17417417417418,74.92492492492492,-0.7507507507507398,-2.1021021021020942,1.3513513513513487,-1.2012012012012008,-1.3013013013012948,0.10010010010009407,8.108108108108109,8.058058058058057,0.05005005005005181
CiteSeer,GNNDelete,GCN,r_point,42,74.47447447447448,74.92492492492492,-0.45045045045044674,-0.15015015015015365,-0.30030030030030463,0.15015015015015365,0.7007007007007047,-0.550550550550551,12.612612612612612,7.757757757757758,4.854854854854854
CiteSeer,GNNDelete,GCN,r_point,212,75.22522522522522,75.67567567567568,-0.45045045045046095,1.051051051051033,-1.501501501501501,-0.05005005005006069,1.001001001000987,-1.0510510510510478,8.558558558558559,7.6576576576576585,0.9009009009009006
CiteSeer,GNNDelete,GCN,r_point,2024,74.17417417417418,75.22522522522522,-1.051051051051033,-1.801801801801787,0.7507507507507505,-1.5015015015014939,-1.0010010010009898,-0.5005005005005041,8.708708708708707,8.058058058058057,0.6506506506506504
CiteSeer,GNNDelete,GCN,random,42,74.47447447447448,75.07507507507508,-0.6006006006006004,-0.850850850850847,0.25025025025024644,0.0,-7.401486830834377e-17,7.401486830834377e-17,7.757757757757758,7.757757757757758,0.0
CiteSeer,GNNDelete,GCN,random,212,75.22522522522522,75.62562562562562,-0.400400400400405,0.05005005005004648,-0.45045045045045323,-4.736951571734001e-15,-4.681440420502743e-15,-3.700743415417188e-17,7.6576576576576585,7.6576576576576585,0.0
CiteSeer,GNNDelete,GCN,random,2024,74.17417417417418,73.72372372372372,0.45045045045046095,-0.8008008008007911,1.2512512512512546,0.0,7.401486830834377e-17,-7.401486830834377e-17,8.058058058058057,8.058058058058057,0.0
CiteSeer,GNNDelete,GIN,gt_full,42,74.47447447447448,74.17417417417418,0.3003003003002931,0.6006006006006004,-0.30030030030030463,0.9009009009008935,1.4514514514514445,-0.550550550550551,10.66066066066066,7.757757757757758,2.9029029029029028
CiteSeer,GNNDelete,GIN,gt_full,212,75.22522522522522,75.67567567567568,-0.45045045045046095,0.0,-0.45045045045045695,-0.05005005005006069,-0.05005005005005697,-3.7192471324942744e-15,9.75975975975976,7.6576576576576585,2.1021021021021014
CiteSeer,GNNDelete,GIN,gt_full,2024,74.17417417417418,74.47447447447448,-0.3003003003002931,-0.9009009009008935,0.6006006006005982,-0.750750750750754,-0.10010010010009762,-0.6506506506506564,9.00900900900901,8.058058058058057,0.9509509509509524
CiteSeer,GNNDelete,GIN,r_point,42,74.47447447447448,75.52552552552552,-1.0510510510510471,-0.15015015015015365,-0.9009009009009028,-0.45045045045044674,0.7007007007007025,-1.1511511511511492,10.06006006006006,7.757757757757758,2.3023023023023024
CiteSeer,GNNDelete,GIN,r_point,212,75.22522522522522,74.92492492492492,0.3003003003002931,0.3003003003002931,0.0,0.7007007007006933,0.2502502502502401,0.45045045045045323,8.408408408408409,7.6576576576576585,0.7507507507507505
CiteSeer,GNNDelete,GIN,r_point,2024,74.17417417417418,74.62462462462463,-0.45045045045044674,-0.9009009009008935,0.45045045045044585,-0.9009009009009077,-0.10010010010009895,-0.8008008008008087,11.411411411411411,8.058058058058057,3.353353353353354
CiteSeer,GNNDelete,SGC,gt_full,42,74.47447447447448,74.62462462462463,-0.15015015015015365,0.3003003003002931,-0.45045045045044585,0.45045045045044674,1.151151151151139,-0.7007007007006922,9.00900900900901,7.757757757757758,1.2512512512512517
CiteSeer,GNNDelete,SGC,gt_full,212,75.22522522522522,75.07507507507508,0.15015015015013944,0.15015015015013944,0.0,0.5505505505505397,0.10010010010008646,0.45045045045045323,8.108108108108109,7.6576576576576585,0.4504504504504503
CiteSeer,GNNDelete,SGC,gt_full,2024,74.17417417417418,74.77477477477478,-0.6006006006006004,-0.15015015015013944,-0.45045045045045695,-1.0510510510510613,0.6506506506506502,-1.7017017017017115,9.00900900900901,8.058058058058057,0.9509509509509524
CiteSeer,GNNDelete,SGC,r_point,42,74.47447447447448,75.22522522522522,-0.7507507507507398,-0.15015015015015365,-0.6006006006005982,-0.15015015015013944,0.7007007007007051,-0.8508508508508446,9.00900900900901,7.757757757757758,1.2512512512512517
CiteSeer,GNNDelete,SGC,r_point,212,75.22522522522522,75.37537537537537,-0.15015015015015365,0.0,-0.15015015015015232,0.2502502502502466,-0.05005005005005431,0.3003003003003009,9.00900900900901,7.6576576576576585,1.3513513513513509
CiteSeer,GNNDelete,SGC,r_point,2024,74.17417417417418,75.37537537537537,-1.2012012012011866,-0.6006006006006004,-0.6006006006005982,-1.6516516516516475,0.20020020020020524,-1.8518518518518527,8.108108108108109,8.058058058058057,0.05005005005005181
CiteSeer,GraphEraser,GAT,gt_full,42,74.92492492492492,75.07507507507508,-0.15015015015015365,-2.1021021021021085,1.951951951951958,-0.40040040040040026,-1.701701701701709,1.3013013013013088,16.216216216216218,18.71871871871872,-2.5025025025025016
CiteSeer,GraphEraser,GAT,gt_full,212,74.92492492492492,74.62462462462463,0.3003003003002931,-1.6516516516516475,1.9519519519519468,-0.05005005005006069,-1.4014014014014093,1.3513513513513487,17.56756756756757,19.41941941941942,-1.8518518518518512
CiteSeer,GraphEraser,GAT,gt_full,2024,76.42642642642643,75.22522522522522,1.201201201201215,1.9519519519519548,-0.7507507507507505,-0.05005005005004648,0.5005005005005047,-0.5505505505505511,18.31831831831832,18.51851851851852,-0.20020020020020013
CiteSeer,GraphEraser,GAT,r_point,42,74.92492492492492,75.07507507507508,-0.15015015015015365,-1.8018018018018012,1.6516516516516533,-0.40040040040040026,-1.4014014014014045,1.0010010010010042,15.765765765765765,18.71871871871872,-2.9529529529529537
CiteSeer,GraphEraser,GAT,r_point,212,74.92492492492492,75.37537537537537,-0.45045045045044674,-0.6006006006006004,0.15015015015015232,-0.8008008008008005,-0.35035035035035467,-0.45045045045044585,17.117117117117118,19.41941941941942,-2.3023023023023015
CiteSeer,GraphEraser,GAT,r_point,2024,76.42642642642643,75.22522522522522,1.201201201201215,1.8018018018018012,-0.6006006006005982,-0.05005005005004648,0.35035035035035234,-0.4004004004003988,16.966966966966968,18.51851851851852,-1.551551551551551
CiteSeer,GraphEraser,GCN,degree,42,74.92492492492492,75.67567567567568,-0.750750750750754,0.3003003003002931,-1.0510510510510551,-1.0010010010010006,0.7007007007007036,-1.7017017017017042,19.96996996996997,18.71871871871872,1.2512512512512508
CiteSeer,GraphEraser,GCN,degree,212,74.92492492492492,74.92492492492492,0.0,0.15015015015013944,-0.15015015015015232,-0.3503503503503538,0.4004004004003967,-0.7507507507507505,18.76876876876877,19.41941941941942,-0.6506506506506504
CiteSeer,GraphEraser,GCN,degree,2024,76.42642642642643,75.22522522522522,1.201201201201215,0.750750750750754,0.45045045045045695,-0.05005005005004648,-0.7007007007007028,0.6506506506506563,17.71771771771772,18.51851851851852,-0.8008008008008005
CiteSeer,GraphEraser,GCN,gt_full,42,74.92492492492492,75.07507507507508,-0.15015015015015365,1.6516516516516475,-1.8018018018017945,-0.40040040040040026,2.0520520520520433,-2.4524524524524436,22.372372372372375,18.71871871871872,3.653653653653656
CiteSeer,GraphEraser,GCN,gt_full,212,74.92492492492492,74.62462462462463,0.3003003003002931,0.0,0.30030030030030463,-0.05005005005006069,0.25025025025023284,-0.30030030030029353,20.72072072072072,19.41941941941942,1.3013013013013008
CiteSeer,GraphEraser,GCN,gt_full,2024,76.42642642642643,75.07507507507508,1.3513513513513544,0.15015015015015365,1.2012012012012074,0.10010010010009296,-1.301301301301314,1.401401401401407,17.417417417417415,18.51851851851852,-1.1011011011011043
CiteSeer,GraphEraser,GCN,r_point,42,74.92492492492492,75.67567567567568,-0.750750750750754,0.3003003003002931,-1.0510510510510551,-1.0010010010010006,0.7007007007007036,-1.7017017017017042,20.57057057057057,18.71871871871872,1.8518518518518512
CiteSeer,GraphEraser,GCN,r_point,212,74.92492492492492,75.97597597597597,-1.0510510510510471,0.7507507507507398,-1.8018018018017945,-1.401401401401401,1.0010010010009918,-2.4024024024023927,18.61861861861862,19.41941941941942,-0.8008008008008005
CiteSeer,GraphEraser,GCN,r_point,2024,76.42642642642643,74.92492492492492,1.501501501501508,0.45045045045046095,1.051051051051044,0.2502502502502466,-1.0010010010009969,1.2512512512512435,15.765765765765765,18.51851851851852,-2.7527527527527536
CiteSeer,GraphEraser,GCN,random,42,74.92492492492492,74.67467467467468,0.2502502502502513,-0.40040040040040026,0.650650650650649,4.736951571734001e-15,4.773959005888173e-15,-3.700743415417188e-17,18.71871871871872,18.71871871871872,0.0
CiteSeer,GraphEraser,GCN,random,212,74.92492492492492,74.57457457457457,0.35035035035034906,-0.2502502502502466,0.6006006006005982,-4.736951571734001e-15,-4.736951571734001e-15,0.0,19.41941941941942,19.41941941941942,0.0
CiteSeer,GraphEraser,GCN,random,2024,76.42642642642643,75.17517517517517,1.2512512512512568,1.451451451451457,-0.20020020020019938,-4.736951571734001e-15,-4.6629367034256575e-15,-2.7755575615628914e-17,18.51851851851852,18.51851851851852,0.0
CiteSeer,GraphEraser,GIN,gt_full,42,74.92492492492492,75.82582582582582,-0.9009009009008935,1.0510510510510471,-1.9519519519519468,-1.15115115115114,1.4514514514514558,-2.602602602602596,19.51951951951952,18.71871871871872,0.8008008008008005
CiteSeer,GraphEraser,GIN,gt_full,212,74.92492492492492,74.77477477477478,0.15015015015013944,-0.3003003003002931,0.45045045045044585,-0.20020020020021434,-0.05005005005006202,-0.15015015015015232,20.72072072072072,19.41941941941942,1.3013013013013008
CiteSeer,GraphEraser,GIN,gt_full,2024,76.42642642642643,75.07507507507508,1.3513513513513544,1.3513513513513544,0.0,0.10010010010009296,-0.10010010010010642,0.20020020020019938,19.51951951951952,18.51851851851852,1.0010010010010006
CiteSeer,GraphEraser,GIN,r_point,42,74.92492492492492,75.82582582582582,-0.9009009009008935,0.3003003003002931,-1.2012012012011963,-1.15115115115114,0.7007007007007053,-1.8518518518518454,18.76876876876877,18.71871871871872,0.05005005005005003
CiteSeer,GraphEraser,GIN,r_point,212,74.92492492492492,74.62462462462463,0.3003003003002931,0.0,0.30030030030030463,-0.05005005005006069,0.25025025025023284,-0.30030030030029353,19.21921921921922,19.41941941941942,-0.20020020020020013
CiteSeer,GraphEraser,GIN,r_point,2024,76.42642642642643,75.67567567567568,0.750750750750754,1.3513513513513544,-0.6006006006006093,-0.5005005005005074,-0.10010010010009751,-0.4004004004004099,20.42042042042042,18.51851851851852,1.9019019019019012
CiteSeer,GraphEraser,SGC,gt_full,42,74.92492492492492,73.72372372372372,1.2012012012012008,0.7507507507507398,0.45045045045045695,0.9509509509509542,1.1511511511511463,-0.20020020020019202,20.27027027027027,18.71871871871872,1.551551551551551
CiteSeer,GraphEraser,SGC,gt_full,212,74.92492492492492,74.17417417417418,0.7507507507507398,-0.15015015015015365,0.9009009009008917,0.40040040040038605,0.10010010010009252,0.30030030030029353,19.21921921921922,19.41941941941942,-0.20020020020020013
CiteSeer,GraphEraser,SGC,gt_full,2024,76.42642642642643,75.22522522522522,1.201201201201215,2.1021021021021085,-0.9009009009009028,-0.05005005005004648,0.650650650650657,-0.7007007007007034,17.56756756756757,18.51851851851852,-0.9509509509509506
CiteSeer,GraphEraser,SGC,r_point,42,74.92492492492492,74.02402402402403,0.9009009009008935,0.3003003003002931,0.6006006006005982,0.6506506506506469,0.7007007007006977,-0.05005005005005081,19.81981981981982,18.71871871871872,1.1011011011011007
CiteSeer,GraphEraser,SGC,r_point,212,74.92492492492492,74.02402402402403,0.9009009009008935,-0.3003003003002931,1.2012012012011963,0.5505505505505397,-0.05005005005005847,0.6006006006005982,19.21921921921922,19.41941941941942,-0.20020020020020013
CiteSeer,GraphEraser,SGC,r_point,2024,76.42642642642643,74.02402402402403,2.4024024024024015,1.6516516516516475,0.7507507507507505,1.15115115115114,0.20020020020019025,0.9509509509509498,18.91891891891892,18.51851851851852,0.40040040040040026
CiteSeer,GraphRevoker,GAT,gt_full,42,72.52252252252252,72.67267267267268,-0.15015015015015365,-4.50450450450451,4.354354354354351,-0.05005005005006069,-1.7017017017017104,1.6516516516516497,19.21921921921922,20.57057057057057,-1.3513513513513509
CiteSeer,GraphRevoker,GAT,gt_full,212,71.47147147147147,71.92192192192192,-0.45045045045044674,-5.105105105105096,4.654654654654644,0.05005005005004648,-1.4014014014014005,1.451451451451447,22.52252252252252,21.77177177177177,0.7507507507507505
CiteSeer,GraphRevoker,GAT,gt_full,2024,74.47447447447448,73.72372372372372,0.750750750750754,0.0,0.7507507507507505,0.05005005005004648,0.5005005005004997,-0.4504504504504532,19.36936936936937,18.81881881881882,0.5505505505505504
CiteSeer,GraphRevoker,GAT,r_point,42,72.52252252252252,72.97297297297297,-0.45045045045044674,-4.204204204204203,3.7537537537537524,-0.3503503503503538,-1.401401401401405,1.0510510510510511,18.61861861861862,20.57057057057057,-1.9519519519519513
CiteSeer,GraphRevoker,GAT,r_point,212,71.47147147147147,72.22222222222221,-0.7507507507507398,-4.054054054054049,3.3033033033033066,-0.2502502502502466,-0.350350350350356,0.10010010010010939,21.32132132132132,21.77177177177177,-0.4504504504504503
CiteSeer,GraphRevoker,GAT,r_point,2024,74.47447447447448,74.47447447447448,0.0,-0.15015015015015365,0.15015015015015232,-0.7007007007007076,0.3503503503503438,-1.0510510510510513,18.46846846846847,18.81881881881882,-0.3503503503503502
CiteSeer,GraphRevoker,GCN,degree,42,72.52252252252252,72.52252252252252,0.0,-2.1021021021021085,2.102102102102099,0.10010010010009296,0.7007007007006951,-0.6006006006006022,21.02102102102102,20.57057057057057,0.4504504504504503
CiteSeer,GraphRevoker,GCN,degree,212,71.47147147147147,72.37237237237237,-0.9009009009008935,-3.3033033033033092,2.4024024024024038,-0.40040040040040026,0.40040040040039315,-0.8008008008007934,20.87087087087087,21.77177177177177,-0.9009009009009006
CiteSeer,GraphRevoker,GCN,degree,2024,74.47447447447448,75.22522522522522,-0.7507507507507398,-1.2012012012012008,0.45045045045045695,-1.4514514514514474,-0.7007007007007007,-0.7507507507507467,16.966966966966968,18.81881881881882,-1.8518518518518512
CiteSeer,GraphRevoker,GCN,gt_full,42,72.52252252252252,71.47147147147147,1.0510510510510471,-0.750750750750754,1.8018018018018056,1.15115115115114,2.052052052052036,-0.9009009009008957,23.273273273273272,20.57057057057057,2.7027027027027017
CiteSeer,GraphRevoker,GCN,gt_full,212,71.47147147147147,71.62162162162163,-0.15015015015015365,-3.4534534534534487,3.3033033033033066,0.35035035035033957,0.2502502502502302,0.10010010010010939,24.024024024024023,21.77177177177177,2.2522522522522515
CiteSeer,GraphRevoker,GCN,gt_full,2024,74.47447447447448,74.47447447447448,0.0,-1.8018018018018012,1.8018018018018056,-0.7007007007007076,-1.3013013013013095,0.6006006006006019,17.71771771771772,18.81881881881882,-1.1011011011011007
CiteSeer,GraphRevoker,GCN,r_point,42,72.52252252252252,72.67267267267268,-0.15015015015015365,-2.1021021021021085,1.9519519519519468,-0.05005005005006069,0.7007007007006938,-0.7507507507507545,22.07207207207207,20.57057057057057,1.501501501501501
CiteSeer,GraphRevoker,GCN,r_point,212,71.47147147147147,71.47147147147147,0.0,-2.702702702702709,2.7027027027027084,0.5005005005004932,1.001001001000982,-0.5005005005004888,23.273273273273272,21.77177177177177,1.501501501501501
CiteSeer,GraphRevoker,GCN,r_point,2024,74.47447447447448,73.72372372372372,0.750750750750754,-1.5015015015014939,2.2522522522522515,0.05005005005004648,-1.0010010010010013,1.0510510510510478,16.066066066066064,18.81881881881882,-2.7527527527527553
CiteSeer,GraphRevoker,GCN,random,42,72.52252252252252,72.62262262262261,-0.10010010010009769,-2.802802802802802,2.7027027027027013,-4.736951571734001e-15,-4.440892098500626e-15,-2.9605947323337506e-16,20.57057057057057,20.57057057057057,0.0
CiteSeer,GraphRevoker,GCN,random,212,71.47147147147147,71.97197197197197,-0.500500500500498,-3.7037037037036953,3.203203203203197,-4.736951571734001e-15,-5.1810407815840636e-15,4.440892098500626e-16,21.77177177177177,21.77177177177177,0.0
CiteSeer,GraphRevoker,GCN,random,2024,74.47447447447448,73.77377377377377,0.7007007007007028,-0.500500500500498,1.2012012012012037,-4.736951571734001e-15,-4.810966440042345e-15,7.401486830834377e-17,18.81881881881882,18.81881881881882,0.0
CiteSeer,GraphRevoker,GIN,gt_full,42,72.52252252252252,72.37237237237237,0.15015015015015365,-1.3513513513513544,1.501501501501501,0.2502502502502466,1.451451451451447,-1.2012012012012003,20.87087087087087,20.57057057057057,0.3003003003003002
CiteSeer,GraphRevoker,GIN,gt_full,212,71.47147147147147,72.22222222222221,-0.7507507507507398,-3.7537537537537418,3.003003003003002,-0.2502502502502466,-0.050050050050051365,-0.20020020020019524,22.67267267267267,21.77177177177177,0.9009009009009006
CiteSeer,GraphRevoker,GIN,gt_full,2024,74.47447447447448,73.87387387387388,0.6006006006006004,-0.6006006006006004,1.2012012012011963,-0.10010010010010717,-0.10010010010009984,-7.327471962526033e-15,19.06906906906907,18.81881881881882,0.25025025025025016
CiteSeer,GraphRevoker,GIN,r_point,42,72.52252252252252,73.72372372372372,-1.2012012012012008,-2.1021021021021085,0.9009009009009028,-1.1011011011011078,0.7007007007006907,-1.8018018018017985,21.32132132132132,20.57057057057057,0.7507507507507505
CiteSeer,GraphRevoker,GIN,r_point,212,71.47147147147147,71.32132132132132,0.15015015015015365,-3.4534534534534487,3.603603603603611,0.6506506506506469,0.25025025025023284,0.400400400400414,22.22222222222222,21.77177177177177,0.4504504504504503
CiteSeer,GraphRevoker,GIN,r_point,2024,74.47447447447448,74.77477477477478,-0.3003003003003073,-0.6006006006006004,0.30030030030029353,-1.0010010010010149,-0.10010010010010473,-0.9009009009009101,21.32132132132132,18.81881881881882,2.5025025025025016
CiteSeer,GraphRevoker,SGC,gt_full,42,72.52252252252252,72.97297297297297,-0.45045045045044674,-1.6516516516516617,1.2012012012012074,-0.3503503503503538,1.15115115115114,-1.5015015015014939,22.52252252252252,20.57057057057057,1.9519519519519513
CiteSeer,GraphRevoker,SGC,gt_full,212,71.47147147147147,71.17117117117117,0.3003003003003073,-3.6036036036036023,3.9039039039039047,0.8008008008008005,0.10010010010009296,0.7007007007007076,21.62162162162162,21.77177177177177,-0.1501501501501501
CiteSeer,GraphRevoker,SGC,gt_full,2024,74.47447447447448,72.97297297297297,1.501501501501508,0.15015015015015365,1.3513513513513487,0.8008008008008005,0.6506506506506555,0.150150150150145,19.06906906906907,18.81881881881882,0.25025025025025016
CiteSeer,GraphRevoker,SGC,r_point,42,72.52252252252252,73.12312312312312,-0.6006006006006004,-2.1021021021021085,1.501501501501501,-0.5005005005005074,0.7007007007006929,-1.2012012012012003,21.17117117117117,20.57057057057057,0.6006006006006004
CiteSeer,GraphRevoker,SGC,r_point,212,71.47147147147147,71.77177177177178,-0.3003003003003073,-3.7537537537537418,3.453453453453448,0.20020020020018592,-0.05005005005006469,0.2502502502502506,20.42042042042042,21.77177177177177,-1.3513513513513509
CiteSeer,GraphRevoker,SGC,r_point,2024,74.47447447447448,74.32432432432432,0.15015015015015365,-0.3003003003003073,0.45045045045045695,-0.5505505505505539,0.2002002002001928,-0.7507507507507467,19.06906906906907,18.81881881881882,0.25025025025025016
CiteSeer,IDEA,GAT,gt_full,42,74.47447447447448,75.22522522522522,-0.7507507507507398,-2.552552552552555,1.8018018018018056,-0.8008008008007863,-1.701701701701689,0.9009009009009028,6.306306306306306,4.354354354354355,1.9519519519519513
CiteSeer,IDEA,GAT,gt_full,212,75.22522522522522,75.82582582582582,-0.6006006006006004,-1.3513513513513544,0.7507507507507505,-0.45045045045044674,-1.4014014014014005,0.9509509509509536,5.555555555555555,3.953953953953954,1.6016016016016015
CiteSeer,IDEA,GAT,gt_full,2024,74.17417417417418,75.37537537537537,-1.2012012012011866,-0.3003003003002931,-0.9009009009009028,-1.251251251251233,0.5005005005005181,-1.7517517517517511,6.006006006006006,4.654654654654655,1.3513513513513509
CiteSeer,IDEA,GAT,r_point,42,74.47447447447448,75.52552552552552,-1.0510510510510471,-2.252252252252248,1.2012012012011963,-1.1011011011010936,-1.4014014014013871,0.30030030030029353,7.3573573573573565,4.354354354354355,3.003003003003002
CiteSeer,IDEA,GAT,r_point,212,75.22522522522522,75.97597597597597,-0.750750750750754,-0.3003003003003073,-0.45045045045044585,-0.6006006006006004,-0.35035035035035766,-0.2502502502502427,7.807807807807808,3.953953953953954,3.853853853853854
CiteSeer,IDEA,GAT,r_point,2024,74.17417417417418,74.92492492492492,-0.7507507507507398,-0.45045045045044674,-0.30030030030030463,-0.8008008008007863,0.35035035035036666,-1.151151151151153,9.30930930930931,4.654654654654655,4.654654654654655
CiteSeer,IDEA,GCN,degree,42,74.47447447447448,74.62462462462463,-0.15015015015015365,-0.15015015015015365,0.0,-0.20020020020020013,0.7007007007007027,-0.9009009009009028,5.255255255255255,4.354354354354355,0.9009009009009006
CiteSeer,IDEA,GCN,degree,212,75.22522522522522,74.77477477477478,0.4504504504504325,0.4504504504504325,0.0,0.6006006006005862,0.40040040040038305,0.2002002002002031,4.654654654654655,3.953953953953954,0.7007007007007009
CiteSeer,IDEA,GCN,degree,2024,74.17417417417418,74.32432432432432,-0.15015015015013944,-1.5015015015014939,1.3513513513513598,-0.20020020020018592,-0.7007007007006973,0.5005005005005114,4.654654654654655,4.654654654654655,0.0
CiteSeer,IDEA,GCN,gt_full,42,74.47447447447448,74.92492492492492,-0.45045045045044674,1.2012012012012008,-1.6516516516516533,-0.5005005005004932,2.052052052052063,-2.552552552552556,6.156156156156156,4.354354354354355,1.8018018018018012
CiteSeer,IDEA,GCN,gt_full,212,75.22522522522522,74.92492492492492,0.3003003003002931,0.3003003003002931,0.0,0.45045045045044674,0.2502502502502436,0.2002002002002031,5.7057057057057055,3.953953953953954,1.7517517517517516
CiteSeer,IDEA,GCN,gt_full,2024,74.17417417417418,75.22522522522522,-1.051051051051033,-2.1021021021020942,1.0510510510510551,-1.1011011011010794,-1.3013013013012862,0.2002002002002068,4.804804804804805,4.654654654654655,0.1501501501501501
CiteSeer,IDEA,GCN,r_point,42,74.47447447447448,75.07507507507508,-0.6006006006006004,-0.15015015015015365,-0.45045045045044585,-0.6506506506506469,0.7007007007007018,-1.3513513513513487,7.807807807807808,4.354354354354355,3.453453453453453
CiteSeer,IDEA,GCN,r_point,212,75.22522522522522,75.07507507507508,0.15015015015013944,1.051051051051033,-0.9009009009008917,0.3003003003002931,1.0010010010009815,-0.7007007007006886,7.3573573573573565,3.953953953953954,3.4034034034034026
CiteSeer,IDEA,GCN,r_point,2024,74.17417417417418,74.92492492492492,-0.7507507507507398,-1.801801801801787,1.051051051051044,-0.8008008008007863,-1.001001001000982,0.2002002002001957,7.057057057057057,4.654654654654655,2.4024024024024024
CiteSeer,IDEA,GCN,random,42,74.47447447447448,74.42442442442443,0.05005005005005122,-0.850850850850847,0.9009009009009028,4.736951571734001e-15,4.736951571734001e-15,0.0,4.354354354354355,4.354354354354355,0.0
CiteSeer,IDEA,GCN,random,212,75.22522522522522,75.37537537537537,-0.15015015015015365,0.05005005005004648,-0.2002002002002031,0.0,-2.7755575615628914e-17,2.7755575615628914e-17,3.953953953953954,3.953953953953954,0.0
CiteSeer,IDEA,GCN,random,2024,74.17417417417418,74.12412412412414,0.05005005005005122,-0.8008008008007911,0.8508508508508483,4.736951571734001e-15,4.736951571734001e-15,0.0,4.654654654654655,4.654654654654655,0.0
CiteSeer,IDEA,GIN,gt_full,42,74.47447447447448,75.07507507507508,-0.6006006006006004,0.6006006006006004,-1.2012012012011963,-0.6506506506506469,1.4514514514514523,-2.102102102102099,5.105105105105105,4.354354354354355,0.7507507507507505
CiteSeer,IDEA,GIN,gt_full,212,75.22522522522522,75.37537537537537,-0.15015015015015365,0.0,-0.15015015015015232,0.0,-0.05005005005005078,0.05005005005005078,5.105105105105105,3.953953953953954,1.1511511511511512
CiteSeer,IDEA,GIN,gt_full,2024,74.17417417417418,74.47447447447448,-0.3003003003002931,-0.9009009009008935,0.6006006006005982,-0.35035035035033957,-0.1001001001000894,-0.25025025025025016,4.654654654654655,4.654654654654655,0.0
CiteSeer,IDEA,GIN,r_point,42,74.47447447447448,74.77477477477478,-0.3003003003003073,-0.15015015015015365,-0.15015015015015232,-0.3503503503503538,0.7007007007007013,-1.0510510510510551,6.006006006006006,4.354354354354355,1.651651651651651
CiteSeer,IDEA,GIN,r_point,212,75.22522522522522,75.07507507507508,0.15015015015013944,0.3003003003002931,-0.15015015015014122,0.3003003003002931,0.2502502502502312,0.050050050050061884,4.654654654654655,3.953953953953954,0.7007007007007009
CiteSeer,IDEA,GIN,r_point,2024,74.17417417417418,74.17417417417418,0.0,-0.9009009009008935,0.9009009009008917,-0.05005005005004648,-0.10010010010008985,0.05005005005004337,7.207207207207207,4.654654654654655,2.5525525525525525
CiteSeer,IDEA,SGC,gt_full,42,74.47447447447448,74.47447447447448,0.0,0.3003003003002931,-0.30030030030029353,-0.05005005005004648,1.1511511511511499,-1.2012012012011963,4.354354354354354,4.354354354354355,-8.881784197001252e-16
CiteSeer,IDEA,SGC,gt_full,212,75.22522522522522,75.37537537537537,-0.15015015015015365,0.15015015015013944,-0.30030030030030463,0.0,0.10010010010010154,-0.10010010010010154,3.903903903903904,3.953953953953954,-0.05005005005005003
CiteSeer,IDEA,SGC,gt_full,2024,74.17417417417418,74.17417417417418,0.0,-0.15015015015013944,0.15015015015014122,-0.05005005005004648,0.6506506506506606,-0.7007007007007071,4.654654654654655,4.654654654654655,0.0
CiteSeer,IDEA,SGC,r_point,42,74.47447447447448,74.32432432432432,0.15015015015015365,-0.15015015015015365,0.30030030030030463,0.10010010010010717,0.7007007007007053,-0.6006006006005982,3.453453453453453,4.354354354354355,-0.9009009009009015
CiteSeer,IDEA,SGC,r_point,212,75.22522522522522,75.22522522522522,0.0,0.0,0.0,0.15015015015015365,-0.05005005005004945,0.2002002002002031,3.303303303303303,3.953953953953954,-0.6506506506506509
CiteSeer,IDEA,SGC,r_point,2024,74.17417417417418,74.32432432432432,-0.15015015015013944,-0.6006006006006004,0.45045045045045695,-0.20020020020018592,0.20020020020020546,-0.4004004004003914,5.255255255255255,4.654654654654655,0.6006006006006004
CiteSeer,MEGU,GAT,gt_full,42,74.47447447447448,74.17417417417418,0.3003003003002931,-2.552552552552555,2.8528528528528496,-0.3003003003003073,-1.7017017017017104,1.4014014014014031,6.456456456456457,5.405405405405406,1.0510510510510507
CiteSeer,MEGU,GAT,gt_full,212,75.22522522522522,73.42342342342343,1.801801801801787,-1.3513513513513544,3.153153153153143,0.15015015015013944,-1.4014014014014051,1.5515515515515446,8.85885885885886,7.007007007007007,1.851851851851852
CiteSeer,MEGU,GAT,gt_full,2024,74.17417417417418,75.37537537537537,-1.2012012012011866,-0.3003003003002931,-0.9009009009009028,-0.5005005005004932,0.5005005005005074,-1.0010010010010006,6.606606606606606,5.5555555555555545,1.0510510510510516
CiteSeer,MEGU,GAT,r_point,42,74.47447447447448,73.72372372372372,0.750750750750754,-2.252252252252248,3.003003003003002,0.15015015015015365,-1.4014014014014018,1.5515515515515554,8.558558558558559,5.405405405405406,3.153153153153153
CiteSeer,MEGU,GAT,r_point,212,75.22522522522522,73.87387387387388,1.3513513513513402,-0.3003003003003073,1.6516516516516533,-0.3003003003003073,-0.350350350350362,0.050050050050054695,9.45945945945946,7.007007007007007,2.4524524524524525
CiteSeer,MEGU,GAT,r_point,2024,74.17417417417418,75.52552552552552,-1.3513513513513402,-0.45045045045044674,-0.9009009009009028,-0.6506506506506469,0.3503503503503538,-1.0010010010010006,8.558558558558559,5.5555555555555545,3.0030030030030046
CiteSeer,MEGU,GCN,degree,42,74.47447447447448,74.32432432432432,0.15015015015015365,-0.15015015015015365,0.30030030030030463,-0.45045045045044674,0.7007007007006951,-1.1511511511511419,5.105105105105105,5.405405405405406,-0.3003003003003011
CiteSeer,MEGU,GCN,degree,212,75.22522522522522,74.17417417417418,1.051051051051033,0.4504504504504325,0.6006006006005982,-0.6006006006006146,0.4004004004003858,-1.0010010010010004,6.306306306306306,7.007007007007007,-0.7007007007007013
CiteSeer,MEGU,GCN,degree,2024,74.17417417417418,75.37537537537537,-1.2012012012011866,-1.5015015015014939,0.30030030030030463,-0.5005005005004932,-0.7007007007007,0.2002002002002068,5.255255255255255,5.5555555555555545,-0.3003003003002993
CiteSeer,MEGU,GCN,gt_full,42,74.47447447447448,73.42342342342343,1.0510510510510471,1.2012012012012008,-0.15015015015015232,0.45045045045044674,2.0520520520520455,-1.6016016016015988,9.45945945945946,5.405405405405406,4.0540540540540535
CiteSeer,MEGU,GCN,gt_full,212,75.22522522522522,73.12312312312312,2.1021021021020942,0.3003003003002931,1.8018018018018056,0.45045045045044674,0.2502502502502397,0.200200200200207,8.558558558558559,7.007007007007007,1.5515515515515519
CiteSeer,MEGU,GCN,gt_full,2024,74.17417417417418,74.92492492492492,-0.7507507507507398,-2.1021021021020942,1.3513513513513487,-0.05005005005004648,-1.3013013013012973,1.2512512512512508,6.756756756756757,5.5555555555555545,1.2012012012012026
CiteSeer,MEGU,GCN,r_point,42,74.47447447447448,73.72372372372372,0.750750750750754,-0.15015015015015365,0.9009009009009028,0.15015015015015365,0.7007007007006973,-0.5505505505505437,10.96096096096096,5.405405405405406,5.5555555555555545
CiteSeer,MEGU,GCN,r_point,212,75.22522522522522,73.12312312312312,2.1021021021020942,1.051051051051033,1.0510510510510551,0.45045045045044674,1.0010010010009902,-0.5505505505505435,9.45945945945946,7.007007007007007,2.4524524524524525
CiteSeer,MEGU,GCN,r_point,2024,74.17417417417418,75.97597597597597,-1.801801801801787,-1.801801801801787,0.0,-1.1011011011010936,-1.0010010010009958,-0.10010010010009784,7.207207207207207,5.5555555555555545,1.6516516516516528
CiteSeer,MEGU,GCN,random,42,74.47447447447448,73.87387387387388,0.6006006006005956,-0.850850850850847,1.4514514514514465,-4.736951571734001e-15,-4.736951571734001e-15,0.0,5.405405405405406,5.405405405405406,0.0
CiteSeer,MEGU,GCN,random,212,75.22522522522522,73.57357357357357,1.6516516516516428,0.05005005005004648,1.6016016016015986,-4.736951571734001e-15,-4.958996176659032e-15,2.220446049250313e-16,7.007007007007007,7.007007007007007,0.0
CiteSeer,MEGU,GCN,random,2024,74.17417417417418,74.87487487487488,-0.7007007007006933,-0.8008008008007911,0.10010010010009784,0.0,0.0,0.0,5.5555555555555545,5.5555555555555545,0.0
CiteSeer,MEGU,GIN,gt_full,42,74.47447447447448,73.12312312312312,1.3513513513513544,0.6006006006006004,0.7507507507507505,0.750750750750754,1.45145145145145,-0.700700700700696,7.207207207207207,5.405405405405406,1.8018018018018012
CiteSeer,MEGU,GIN,gt_full,212,75.22522522522522,73.27327327327328,1.9519519519519406,0.0,1.9519519519519468,0.3003003003002931,-0.05005005005005514,0.3503503503503482,7.207207207207207,7.007007007007007,0.20020020020020013
CiteSeer,MEGU,GIN,gt_full,2024,74.17417417417418,74.62462462462463,-0.45045045045044674,-0.9009009009008935,0.45045045045044585,0.2502502502502466,-0.1001001001001014,0.350350350350348,4.804804804804805,5.5555555555555545,-0.7507507507507496
CiteSeer,MEGU,GIN,r_point,42,74.47447447447448,74.17417417417418,0.3003003003002931,-0.15015015015015365,0.45045045045044585,-0.3003003003003073,0.7007007007006933,-1.0010010010010006,7.5075075075075075,5.405405405405406,2.1021021021021014
CiteSeer,MEGU,GIN,r_point,212,75.22522522522522,72.97297297297297,2.252252252252248,0.3003003003002931,1.951951951951958,0.6006006006006004,0.25025025025024106,0.35035035035035933,6.906906906906906,7.007007007007007,-0.10010010010010095
CiteSeer,MEGU,GIN,r_point,2024,74.17417417417418,75.52552552552552,-1.3513513513513402,-0.9009009009008935,-0.45045045045045695,-0.6506506506506469,-0.10010010010009207,-0.5505505505505548,7.057057057057057,5.5555555555555545,1.5015015015015027
CiteSeer,MEGU,SGC,gt_full,42,74.47447447447448,74.17417417417418,0.3003003003002931,0.3003003003002931,0.0,-0.3003003003003073,1.1511511511511392,-1.4514514514514465,6.306306306306306,5.405405405405406,0.9009009009008997
CiteSeer,MEGU,SGC,gt_full,212,75.22522522522522,73.87387387387388,1.3513513513513402,0.15015015015013944,1.2012012012011963,-0.3003003003003073,0.10010010010009496,-0.40040040040040226,7.957957957957958,7.007007007007007,0.9509509509509506
CiteSeer,MEGU,SGC,gt_full,2024,74.17417417417418,75.22522522522522,-1.051051051051033,-0.15015015015013944,-0.9009009009009028,-0.35035035035033957,0.6506506506506611,-1.0010010010010006,6.156156156156156,5.5555555555555545,0.6006006006006013
CiteSeer,MEGU,SGC,r_point,42,74.47447447447448,73.87387387387388,0.6006006006006004,-0.15015015015015365,0.7507507507507505,0.0,0.700700700700696,-0.700700700700696,5.7057057057057055,5.405405405405406,0.3003003003002993
CiteSeer,MEGU,SGC,r_point,212,75.22522522522522,74.02402402402403,1.2012012012011866,0.0,1.2012012012011963,-0.45045045045046095,-0.05005005005005869,-0.40040040040040226,7.3573573573573565,7.007007007007007,0.35035035035034934
CiteSeer,MEGU,SGC,r_point,2024,74.17417417417418,75.37537537537537,-1.2012012012011866,-0.6006006006006004,-0.6006006006005982,-0.5005005005004932,0.2002002002002028,-0.700700700700696,6.606606606606606,5.5555555555555545,1.0510510510510516
Cora,GIF,GAT,gt_full,42,90.22140221402213,90.59040590405904,-0.36900369003690514,0.5535055350553506,-0.9225092250922606,-0.36900369003690514,0.43050430504305337,-0.7995079950799585,4.243542435424354,2.1525215252152523,2.0910209102091017
Cora,GIF,GAT,gt_full,212,90.22140221402213,90.03690036900369,0.18450184501844547,0.18450184501844547,0.0,0.2460024600245987,-0.18450184501844963,0.4305043050430483,4.797047970479705,2.3985239852398523,2.3985239852398523
Cora,GIF,GAT,gt_full,2024,89.85239852398524,89.11439114391145,0.7380073800737961,1.6605166051660518,-0.9225092250922495,0.4920049200491974,1.2300123001229957,-0.7380073800737982,4.059040590405904,2.029520295202952,2.029520295202952
Cora,GIF,GAT,r_point,42,90.22140221402213,90.03690036900369,0.18450184501844547,2.5830258302582934,-2.398523985239853,0.18450184501844547,2.4600246002459967,-2.275522755227551,6.4575645756457565,2.1525215252152523,4.305043050430504
Cora,GIF,GAT,r_point,212,90.22140221402213,90.22140221402213,0.0,0.5535055350553506,-0.5535055350553542,0.061500615006153225,0.18450184501845907,-0.12300123001230584,6.088560885608856,2.3985239852398523,3.6900369003690034
Cora,GIF,GAT,r_point,2024,89.85239852398524,90.03690036900369,-0.18450184501844547,1.4760147601476064,-1.6605166051660514,-0.43050430504304416,1.0455104551045558,-1.4760147601476,5.719557195571956,2.029520295202952,3.690036900369004
Cora,GIF,GCN,degree,42,90.22140221402213,90.40590405904058,-0.18450184501844547,0.18450184501844547,-0.36900369003689537,-0.18450184501844547,0.06150061500614773,-0.2460024600245932,2.952029520295203,2.1525215252152523,0.7995079950799506
Cora,GIF,GCN,degree,212,90.22140221402213,90.40590405904058,-0.18450184501844547,0.18450184501844547,-0.36900369003689537,-0.12300123001229224,-0.1845018450184452,0.06150061500615295,4.243542435424354,2.3985239852398523,1.8450184501845017
Cora,GIF,GCN,degree,2024,89.85239852398524,90.22140221402213,-0.36900369003689093,0.0,-0.36900369003689537,-0.6150061500614896,-0.4305043050430456,-0.184501845018444,4.059040590405904,2.029520295202952,2.029520295202952
Cora,GIF,GCN,gt_full,42,90.22140221402213,90.22140221402213,0.0,0.18450184501844547,-0.18450184501844769,0.0,0.06150061500614552,-0.06150061500614552,4.428044280442804,2.1525215252152523,2.2755227552275517
Cora,GIF,GCN,gt_full,212,90.22140221402213,89.85239852398524,0.36900369003689093,0.36900369003689093,0.0,0.43050430504304416,-4.163336342344337e-15,0.4305043050430483,4.981549815498155,2.3985239852398523,2.5830258302583022
Cora,GIF,GCN,gt_full,2024,89.85239852398524,88.74538745387454,1.1070110701107012,0.36900369003690514,0.7380073800738018,0.8610086100861025,-0.06150061500615067,0.9225092250922532,2.952029520295203,2.029520295202952,0.9225092250922509
Cora,GIF,GCN,r_point,42,90.22140221402213,90.03690036900369,0.18450184501844547,1.8450184501844973,-1.6605166051660514,0.18450184501844547,1.7220172201721946,-1.5375153751537491,5.904059040590406,2.1525215252152523,3.7515375153751536
Cora,GIF,GCN,r_point,212,90.22140221402213,89.66789667896678,0.5535055350553506,1.2915129151291467,-0.7380073800738018,0.6150061500615038,0.9225092250922573,-0.3075030750307535,5.904059040590406,2.3985239852398523,3.5055350553505535
Cora,GIF,GCN,r_point,2024,89.85239852398524,90.03690036900369,-0.18450184501844547,0.9225092250922557,-1.1070110701107083,-0.43050430504304416,0.4920049200492128,-0.922509225092257,7.380073800738007,2.029520295202952,5.350553505535055
Cora,GIF,GCN,random,42,90.22140221402213,90.22140221402213,0.0,0.12300123001230172,-0.12300123001230216,0.0,0.0,0.0,2.1525215252152523,2.1525215252152523,0.0
Cora,GIF,GCN,random,212,90.22140221402213,90.28290282902829,-0.061500615006148486,0.36900369003689565,-0.4305043050430483,4.736951571734001e-15,4.69994413757983e-15,1.850371707708594e-17,2.3985239852398523,2.3985239852398523,0.0
Cora,GIF,GCN,random,2024,89.85239852398524,89.60639606396064,0.24600246002460344,0.43050430504305365,-0.18450184501845138,4.736951571734001e-15,4.7554552888110874e-15,-9.25185853854297e-18,2.029520295202952,2.029520295202952,0.0
Cora,GIF,GIN,gt_full,42,90.22140221402213,90.03690036900369,0.18450184501844547,0.7380073800737961,-0.5535055350553542,0.18450184501844547,0.6150061500614974,-0.430504305043052,4.428044280442804,2.1525215252152523,2.2755227552275517
Cora,GIF,GIN,gt_full,212,90.22140221402213,90.22140221402213,0.0,0.9225092250922415,-0.9225092250922495,0.061500615006153225,0.5535055350553544,-0.4920049200492012,5.535055350553505,2.3985239852398523,3.136531365313653
Cora,GIF,GIN,gt_full,2024,89.85239852398524,89.66789667896678,0.18450184501845968,0.9225092250922557,-0.7380073800738018,-0.061500615006139014,0.4920049200492115,-0.5535055350553505,3.3210332103321036,2.029520295202952,1.2915129151291516
Cora,GIF,GIN,r_point,42,90.22140221402213,90.22140221402213,0.0,0.9225092250922415,-0.9225092250922495,0.0,0.7995079950799474,-0.7995079950799474,4.797047970479705,2.1525215252152523,2.6445264452644524
Cora,GIF,GIN,r_point,212,90.22140221402213,90.22140221402213,0.0,0.5535055350553506,-0.5535055350553542,0.061500615006153225,0.18450184501845907,-0.12300123001230584,6.088560885608856,2.3985239852398523,3.6900369003690034
Cora,GIF,GIN,r_point,2024,89.85239852398524,89.85239852398524,0.0,1.4760147601476064,-1.4760147601476037,-0.2460024600245987,1.0455104551045535,-1.2915129151291522,6.273062730627306,2.029520295202952,4.243542435424354
Cora,GIF,SGC,gt_full,42,90.22140221402213,90.59040590405904,-0.36900369003690514,0.36900369003689093,-0.7380073800738018,-0.36900369003690514,0.24600246002459458,-0.6150061500614997,3.136531365313653,2.1525215252152523,0.9840098400984005
Cora,GIF,SGC,gt_full,212,90.22140221402213,90.59040590405904,-0.36900369003690514,1.107011070110687,-1.4760147601476037,-0.3075030750307519,0.7380073800738034,-1.0455104551045553,4.059040590405904,2.3985239852398523,1.6605166051660518
Cora,GIF,SGC,gt_full,2024,89.85239852398524,90.03690036900369,-0.18450184501844547,0.5535055350553506,-0.7380073800738018,-0.43050430504304416,0.12300123001230634,-0.5535055350553505,2.5830258302583027,2.029520295202952,0.5535055350553506
Cora,GIF,SGC,r_point,42,90.22140221402213,90.40590405904058,-0.18450184501844547,2.2140221402214024,-2.398523985239853,-0.18450184501844547,2.0910209102091057,-2.275522755227551,6.088560885608856,2.1525215252152523,3.9360393603936035
Cora,GIF,SGC,r_point,212,90.22140221402213,90.40590405904058,-0.18450184501844547,1.4760147601475921,-1.6605166051660514,-0.12300123001229224,1.1070110701107108,-1.230012300123003,5.166051660516605,2.3985239852398523,2.767527675276753
Cora,GIF,SGC,r_point,2024,89.85239852398524,89.85239852398524,0.0,1.6605166051660518,-1.6605166051660514,-0.2460024600245987,1.2300123001230012,-1.4760147601476,3.505535055350553,2.029520295202952,1.476014760147601
Cora,GNNDelete,GAT,gt_full,42,90.22140221402213,69.92619926199262,20.295202952029513,0.5535055350553506,19.74169741697417,7.441574415744142,0.4305043050430353,7.011070110701107,28.413284132841326,17.281672816728168,11.131611316113158
Cora,GNNDelete,GAT,gt_full,212,90.22140221402213,75.27675276752768,14.944649446494452,0.18450184501844547,14.760147601476014,1.8450184501844973,-0.1845018450184579,2.029520295202955,24.169741697416974,17.343173431734318,6.826568265682656
Cora,GNNDelete,GAT,gt_full,2024,89.85239852398524,75.64575645756457,14.20664206642067,1.6605166051660518,12.54612546125462,5.6580565805658125,1.230012300122997,4.4280442804428155,21.771217712177123,13.776137761377614,7.995079950799509
Cora,GNNDelete,GAT,r_point,42,90.22140221402213,83.39483394833948,6.826568265682653,2.5830258302582934,4.243542435424352,-6.027060270602718,2.4600246002459922,-8.48708487084871,14.575645756457565,17.281672816728168,-2.7060270602706034
Cora,GNNDelete,GAT,r_point,212,90.22140221402213,80.99630996309963,9.2250922509225,0.5535055350553506,8.671586715867152,-3.8745387453874542,0.18450184501845257,-4.059040590405907,18.081180811808117,17.343173431734318,0.7380073800737996
Cora,GNNDelete,GAT,r_point,2024,89.85239852398524,86.53136531365314,3.3210332103321036,1.4760147601476064,1.845018450184499,-5.227552275522754,1.0455104551045515,-6.273062730627306,12.177121771217712,13.776137761377614,-1.5990159901599021
Cora,GNNDelete,GCN,degree,42,90.22140221402213,66.97416974169742,23.24723247232471,0.18450184501844547,23.062730627306273,10.39360393603934,0.06150061500613013,10.33210332103321,28.044280442804425,17.281672816728168,10.762607626076257
Cora,GNNDelete,GCN,degree,212,90.22140221402213,72.32472324723247,17.896678966789665,0.18450184501844547,17.712177121771223,4.79704797047971,-0.18450184501845435,4.981549815498164,23.43173431734317,17.343173431734318,6.088560885608853
Cora,GNNDelete,GCN,degree,2024,89.85239852398524,73.98523985239852,15.867158671586722,0.0,15.867158671586722,7.318573185731864,-0.43050430504305304,7.749077490774917,23.062730627306273,13.776137761377614,9.28659286592866
Cora,GNNDelete,GCN,gt_full,42,90.22140221402213,68.26568265682657,21.955719557195565,0.18450184501844547,21.771217712177126,9.102091020910194,0.06150061500613013,9.040590405904064,29.520295202952028,17.281672816728168,12.23862238622386
Cora,GNNDelete,GCN,gt_full,212,90.22140221402213,70.47970479704797,19.741697416974162,0.36900369003689093,19.372693726937275,6.642066420664207,-8.881784197001252e-15,6.642066420664216,27.85977859778598,17.343173431734318,10.516605166051662
Cora,GNNDelete,GCN,gt_full,2024,89.85239852398524,70.11070110701108,19.741697416974162,0.36900369003690514,19.372693726937264,11.193111931119304,-0.061500615006155,11.25461254612546,27.490774907749078,13.776137761377614,13.714637146371464
Cora,GNNDelete,GCN,r_point,42,90.22140221402213,75.83025830258303,14.391143911439102,1.8450184501844973,12.54612546125461,1.5375153751537312,1.7220172201721837,-0.18450184501845257,22.14022140221402,17.281672816728168,4.8585485854858526
Cora,GNNDelete,GCN,r_point,212,90.22140221402213,76.19926199261992,14.02214022140221,1.2915129151291467,12.730627306273057,0.9225092250922557,0.9225092250922575,-1.7763568394002505e-15,22.14022140221402,17.343173431734318,4.797047970479703
Cora,GNNDelete,GCN,r_point,2024,89.85239852398524,82.28782287822878,7.564575645756463,0.9225092250922557,6.6420664206642055,-0.9840098400983948,0.4920049200492045,-1.4760147601475992,17.343173431734318,13.776137761377614,3.567035670356704
Cora,GNNDelete,GCN,random,42,90.22140221402213,77.36777367773676,12.853628536285362,0.12300123001230172,12.730627306273062,-9.473903143468002e-15,-8.289665250534503e-15,-1.1842378929335002e-15,17.281672816728168,17.281672816728168,0.0
Cora,GNNDelete,GCN,random,212,90.22140221402213,77.12177121771218,13.099630996309955,0.36900369003689565,12.730627306273059,0.0,-1.7763568394002505e-15,1.7763568394002505e-15,17.343173431734318,17.343173431734318,0.0
Cora,GNNDelete,GCN,random,2024,89.85239852398524,81.30381303813039,8.548585485854863,0.43050430504305365,8.118081180811805,4.736951571734001e-15,4.144832625267251e-15,5.921189464667501e-16,13.776137761377614,13.776137761377614,0.0
Cora,GNNDelete,GIN,gt_full,42,90.22140221402213,69.00369003690037,21.21771217712177,0.7380073800737961,20.479704797047972,8.364083640836398,0.6150061500614878,7.74907749077491,26.383763837638373,17.281672816728168,9.102091020910205
Cora,GNNDelete,GIN,gt_full,212,90.22140221402213,71.21771217712177,19.003690036900366,0.9225092250922415,18.081180811808117,5.904059040590411,0.5535055350553524,5.350553505535059,25.276752767527675,17.343173431734318,7.9335793357933575
Cora,GNNDelete,GIN,gt_full,2024,89.85239852398524,69.37269372693727,20.479704797047972,0.9225092250922557,19.55719557195571,11.931119311193115,0.4920049200492098,11.439114391143905,28.413284132841326,13.776137761377614,14.637146371463713
Cora,GNNDelete,GIN,r_point,42,90.22140221402213,79.88929889298892,10.332103321033216,0.9225092250922415,9.409594095940966,-2.5215252152521543,0.7995079950799422,-3.3210332103320965,17.52767527675277,17.281672816728168,0.24600246002460224
Cora,GNNDelete,GIN,r_point,212,90.22140221402213,81.36531365313652,8.85608856088561,0.5535055350553506,8.302583025830257,-4.243542435424345,0.18450184501845612,-4.428044280442801,18.45018450184502,17.343173431734318,1.1070110701107012
Cora,GNNDelete,GIN,r_point,2024,89.85239852398524,78.22878228782287,11.623616236162377,1.4760147601476064,10.147601476014767,3.075030750307519,1.0455104551045569,2.0295202952029623,18.081180811808117,13.776137761377614,4.305043050430504
Cora,GNNDelete,SGC,gt_full,42,90.22140221402213,72.32472324723247,17.896678966789665,0.36900369003689093,17.527675276752774,5.0430504305042945,0.2460024600245827,4.797047970479712,25.092250922509223,17.281672816728168,7.810578105781055
Cora,GNNDelete,SGC,gt_full,212,90.22140221402213,74.53874538745387,15.682656826568262,1.107011070110687,14.575645756457567,2.5830258302583076,0.7380073800737996,1.845018450184508,23.43173431734317,17.343173431734318,6.088560885608853
Cora,GNNDelete,SGC,gt_full,2024,89.85239852398524,75.83025830258303,14.02214022140221,0.5535055350553506,13.468634686346858,5.473554735547353,0.12300123001229935,5.3505535055350535,20.29520295202952,13.776137761377614,6.519065190651906
Cora,GNNDelete,SGC,r_point,42,90.22140221402213,79.88929889298892,10.332103321033216,2.2140221402214024,8.11808118081181,-2.5215252152521543,2.0910209102090977,-4.612546125461252,18.081180811808117,17.281672816728168,0.7995079950799493
Cora,GNNDelete,SGC,r_point,212,90.22140221402213,79.70479704797047,10.516605166051662,1.4760147601475921,9.040590405904059,-2.5830258302582934,1.1070110701107065,-3.690036900369,17.712177121771216,17.343173431734318,0.36900369003689804
Cora,GNNDelete,SGC,r_point,2024,89.85239852398524,81.54981549815497,8.302583025830273,1.6605166051660518,6.642066420664216,-0.24600246002458448,1.230012300123004,-1.4760147601475886,15.129151291512915,13.776137761377614,1.3530135301353017
Cora,GraphEraser,GAT,gt_full,42,86.71586715867159,85.79335793357934,0.9225092250922415,-2.9520295202951985,3.874538745387446,-0.061500615006153225,0.4305043050430517,-0.49200492004920493,13.284132841328415,12.669126691266912,0.615006150061502
Cora,GraphEraser,GAT,gt_full,212,86.53136531365314,85.79335793357934,0.7380073800737961,-3.505535055350549,4.243542435424352,-0.7380073800738103,-0.18450184501845968,-0.5535055350553506,12.730627306273062,12.976629766297663,-0.24600246002460047
Cora,GraphEraser,GAT,gt_full,2024,84.50184501845018,84.87084870848709,-0.36900369003690514,-3.6900369003690088,3.3210332103321027,-0.43050430504305837,1.23001230012299,-1.6605166051660483,14.206642066420663,14.391143911439114,-0.1845018450184508
Cora,GraphEraser,GAT,r_point,42,86.71586715867159,85.60885608856088,1.1070110701107012,-0.9225092250922557,2.029520295202958,0.12300123001230645,2.4600246002459993,-2.337023370233693,13.468634686346864,12.669126691266912,0.7995079950799511
Cora,GraphEraser,GAT,r_point,212,86.53136531365314,85.97785977859779,0.5535055350553506,-3.136531365313644,3.690036900368998,-0.9225092250922557,0.18450184501844902,-1.1070110701107048,14.206642066420663,12.976629766297663,1.2300123001230006
Cora,GraphEraser,GAT,r_point,2024,84.50184501845018,84.68634686346863,-0.18450184501844547,-3.8745387453874542,3.690036900369009,-0.2460024600245987,1.045510455104543,-1.2915129151291418,15.129151291512915,14.391143911439114,0.7380073800738014
Cora,GraphEraser,GCN,degree,42,86.71586715867159,85.42435424354244,1.2915129151291467,-3.3210332103321036,4.612546125461259,0.3075030750307519,0.061500615006143455,0.24600246002460846,12.361623616236162,12.669126691266912,-0.30750307503075014
Cora,GraphEraser,GCN,degree,212,86.53136531365314,85.42435424354244,1.1070110701107012,-3.505535055350549,4.612546125461259,-0.36900369003690514,-0.18450184501846145,-0.1845018450184437,12.177121771217712,12.976629766297663,-0.7995079950799511
Cora,GraphEraser,GCN,degree,2024,84.50184501845018,84.31734317343174,0.18450184501844547,-5.350553505535061,5.535055350553508,0.12300123001229224,-0.4305043050430646,0.5535055350553568,13.099630996309964,14.391143911439114,-1.2915129151291502
Cora,GraphEraser,GCN,gt_full,42,86.71586715867159,85.97785977859779,0.7380073800737961,-3.3210332103321036,4.059040590405905,-0.2460024600245987,0.06150061500614701,-0.3075030750307457,12.915129151291513,12.669126691266912,0.24600246002460047
Cora,GraphEraser,GCN,gt_full,212,86.53136531365314,85.42435424354244,1.1070110701107012,-3.3210332103321036,4.428044280442811,-0.36900369003690514,-1.3322676295501878e-14,-0.3690036900368918,12.177121771217712,12.976629766297663,-0.7995079950799511
Cora,GraphEraser,GCN,gt_full,2024,84.50184501845018,84.50184501845018,0.0,-4.9815498154981555,4.981549815498154,-0.061500615006153225,-0.06150061500615589,2.6645352591003757e-15,13.653136531365314,14.391143911439114,-0.7380073800737996
Cora,GraphEraser,GCN,r_point,42,86.71586715867159,85.60885608856088,1.1070110701107012,-1.6605166051660518,2.7675276752767597,0.12300123001230645,1.7220172201721975,-1.599015990159891,10.885608856088561,12.669126691266912,-1.7835178351783512
Cora,GraphEraser,GCN,r_point,212,86.53136531365314,84.13284132841329,2.398523985239848,-2.398523985239848,4.797047970479696,0.9225092250922415,0.9225092250922486,-7.105427357601002e-15,13.837638376383765,12.976629766297663,0.8610086100861025
Cora,GraphEraser,GCN,r_point,2024,84.50184501845018,85.42435424354244,-0.9225092250922557,-4.428044280442805,3.5055350553505504,-0.984009840098409,0.4920049200491916,-1.4760147601476006,13.099630996309964,14.391143911439114,-1.2915129151291502
Cora,GraphEraser,GCN,random,42,86.71586715867159,85.73185731857319,0.9840098400983995,-3.3825338253382475,4.366543665436651,4.736951571734001e-15,4.588921835117314e-15,1.4802973661668753e-16,12.669126691266912,12.669126691266912,0.0
Cora,GraphEraser,GCN,random,212,86.53136531365313,85.05535055350553,1.4760147601476017,-3.3210332103320988,4.797047970479703,-4.736951571734001e-15,-4.736951571734001e-15,0.0,12.976629766297663,12.976629766297663,0.0
Cora,GraphEraser,GCN,random,2024,84.50184501845018,84.44034440344403,0.061500615006148486,-4.920049200492007,4.981549815498151,-4.736951571734001e-15,-4.144832625267251e-15,-5.921189464667501e-16,14.391143911439114,14.391143911439114,0.0
Cora,GraphEraser,GIN,gt_full,42,86.71586715867159,85.79335793357934,0.9225092250922415,-2.767527675276753,3.690036900368998,-0.061500615006153225,0.6150061500614994,-0.6765067650676526,12.730627306273062,12.669126691266912,0.06150061500614967
Cora,GraphEraser,GIN,gt_full,212,86.53136531365314,83.94833948339483,2.5830258302583076,-2.767527675276753,5.350553505535061,1.1070110701107012,0.5535055350553435,0.5535055350553577,13.837638376383765,12.976629766297663,0.8610086100861025
Cora,GraphEraser,GIN,gt_full,2024,84.50184501845018,85.42435424354244,-0.9225092250922557,-4.428044280442805,3.5055350553505504,-0.984009840098409,0.4920049200491916,-1.4760147601476006,13.284132841328415,14.391143911439114,-1.1070110701106994
Cora,GraphEraser,GIN,r_point,42,86.71586715867159,84.87084870848709,1.8450184501844973,-2.5830258302583076,4.4280442804427995,0.8610086100861025,0.7995079950799537,0.061500615006148784,14.206642066420663,12.669126691266912,1.5375153751537507
Cora,GraphEraser,GIN,r_point,212,86.53136531365314,86.71586715867159,-0.18450184501844547,-3.136531365313644,2.9520295202951963,-1.6605166051660518,0.1845018450184548,-1.8450184501845066,12.546125461254611,12.976629766297663,-0.43050430504305126
Cora,GraphEraser,GIN,r_point,2024,84.50184501845018,83.21033210332104,1.2915129151291467,-3.8745387453874542,5.166051660516602,1.2300123001229935,1.0455104551045427,0.1845018450184508,15.129151291512915,14.391143911439114,0.7380073800738014
Cora,GraphEraser,SGC,gt_full,42,86.71586715867159,83.39483394833948,3.3210332103321036,-3.136531365313658,6.457564575645758,2.337023370233709,0.24600246002460135,2.0910209102091075,15.313653136531366,12.669126691266912,2.6445264452644537
Cora,GraphEraser,SGC,gt_full,212,86.53136531365314,83.94833948339483,2.5830258302583076,-2.5830258302583076,5.166051660516613,1.1070110701107012,0.7380073800737907,0.36900369003691047,15.498154981549817,12.976629766297663,2.5215252152521543
Cora,GraphEraser,SGC,gt_full,2024,84.50184501845018,83.02583025830258,1.4760147601476064,-4.79704797047971,6.27306273062731,1.4145141451414531,0.12300123001229402,1.2915129151291591,16.420664206642066,14.391143911439114,2.0295202952029516
Cora,GraphEraser,SGC,r_point,42,86.71586715867159,84.31734317343174,2.398523985239848,-1.2915129151291467,3.690036900368998,1.4145141451414531,2.0910209102091057,-0.6765067650676526,15.867158671586715,12.669126691266912,3.1980319803198025
Cora,GraphEraser,SGC,r_point,212,86.53136531365314,84.50184501845018,2.029520295202957,-2.2140221402214024,4.243542435424352,0.5535055350553506,1.1070110701107012,-0.5535055350553506,14.760147601476014,12.976629766297663,1.7835178351783512
Cora,GraphEraser,SGC,r_point,2024,84.50184501845018,83.39483394833948,1.1070110701107012,-3.6900369003690088,4.797047970479706,1.045510455104548,1.2300123001229926,-0.18450184501844458,16.605166051660518,14.391143911439114,2.214022140221404
Cora,GraphRevoker,GAT,gt_full,42,75.46125461254613,76.93726937269373,-1.4760147601476064,-14.206642066420656,12.730627306273057,-2.1525215252152634,0.4305043050430424,-2.583025830258306,21.40221402214022,23.554735547355474,-2.1525215252152528
Cora,GraphRevoker,GAT,gt_full,212,66.78966789667896,73.06273062730627,-6.273062730627302,-23.247232472324725,16.97416974169742,-7.564575645756449,-0.1845018450184419,-7.380073800738007,27.121771217712176,32.96432964329643,-5.842558425584254
Cora,GraphRevoker,GAT,gt_full,2024,73.43173431734317,69.74169741697416,3.6900369003690088,-14.760147601476021,18.450184501845023,-1.5990159901598986,1.2300123001230006,-2.829028290282899,30.44280442804428,30.56580565805658,-0.12300123001229935
Cora,GraphRevoker,GAT,r_point,42,75.46125461254613,75.64575645756457,-0.18450184501844547,-12.177121771217713,11.992619926199266,-0.8610086100861025,2.460024600245994,-3.3210332103320965,23.247232472324722,23.554735547355474,-0.3075030750307519
Cora,GraphRevoker,GAT,r_point,212,66.78966789667896,73.80073800738008,-7.011070110701112,-22.87822878228782,15.867158671586711,-8.302583025830259,0.18450184501845612,-8.487084870848715,28.228782287822877,32.96432964329643,-4.735547355473553
Cora,GraphRevoker,GAT,r_point,2024,73.43173431734317,73.24723247232473,0.18450184501844547,-14.944649446494466,15.12915129151292,-5.104551045510462,1.045510455104539,-6.150061500615001,26.383763837638373,30.56580565805658,-4.182041820418206
Cora,GraphRevoker,GCN,degree,42,75.46125461254613,75.83025830258303,-0.36900369003690514,-14.575645756457561,14.20664206642066,-1.0455104551045622,0.06150061500614079,-1.107011070110703,22.14022140221402,23.554735547355474,-1.4145141451414531
Cora,GraphRevoker,GCN,degree,212,66.78966789667896,61.80811808118081,4.9815498154981555,-23.247232472324725,28.228782287822884,3.6900369003690088,-0.18450184501844902,3.874538745387458,36.53136531365313,32.96432964329643,3.5670356703567023
Cora,GraphRevoker,GCN,degree,2024,73.43173431734317,67.71217712177122,5.7195571955719515,-16.420664206642073,22.14022140221402,0.43050430504304416,-0.4305043050430548,0.861008610086099,30.44280442804428,30.56580565805658,-0.12300123001229935
Cora,GraphRevoker,GCN,gt_full,42,75.46125461254613,73.61623616236163,1.8450184501844973,-14.575645756457561,16.420664206642066,1.1685116851168402,0.06150061500613724,1.107011070110703,24.538745387453876,23.554735547355474,0.9840098400984019
Cora,GraphRevoker,GCN,gt_full,212,66.78966789667896,61.07011070110702,5.719557195571944,-23.06273062730628,28.782287822878228,4.428044280442798,-3.552713678800501e-15,4.428044280442801,37.63837638376384,32.96432964329643,4.674046740467411
Cora,GraphRevoker,GCN,gt_full,2024,73.43173431734317,66.78966789667896,6.642066420664207,-16.051660516605168,22.693726937269375,1.3530135301353,-0.061500615006153225,1.4145141451414531,31.54981549815498,30.56580565805658,0.9840098400984019
Cora,GraphRevoker,GCN,r_point,42,75.46125461254613,71.77121771217713,3.6900369003689946,-12.91512915129151,16.605166051660515,3.0135301353013375,1.7220172201721855,1.291512915129152,26.383763837638373,23.554735547355474,2.829028290282899
Cora,GraphRevoker,GCN,r_point,212,66.78966789667896,54.79704797047971,11.992619926199254,-22.140221402214024,34.13284132841328,10.701107011070107,0.9225092250922557,9.778597785977851,42.80442804428044,32.96432964329643,9.840098400984012
Cora,GraphRevoker,GCN,r_point,2024,73.43173431734317,71.95571955719558,1.4760147601475921,-15.498154981549817,16.97416974169741,-3.8130381303813152,0.4920049200491974,-4.305043050430513,27.85977859778598,30.56580565805658,-2.7060270602706
Cora,GraphRevoker,GCN,random,42,75.46125461254613,74.78474784747847,0.6765067650676476,-14.637146371463706,15.313653136531363,-9.473903143468002e-15,-7.697546304067751e-15,-1.7763568394002505e-15,23.554735547355474,23.554735547355474,0.0
Cora,GraphRevoker,GCN,random,212,66.78966789667896,65.49815498154982,1.2915129151291467,-23.062730627306276,24.354243542435427,0.0,-1.1842378929335002e-15,1.1842378929335002e-15,32.96432964329643,32.96432964329643,0.0
Cora,GraphRevoker,GCN,random,2024,73.43173431734317,68.14268142681426,5.289052890528903,-15.99015990159902,21.27921279212792,-4.736951571734001e-15,-5.921189464667502e-15,1.1842378929335002e-15,30.56580565805658,30.56580565805658,0.0
Cora,GraphRevoker,GIN,gt_full,42,75.46125461254613,75.46125461254613,0.0,-14.02214022140221,14.022140221402212,-0.6765067650676571,0.6150061500614932,-1.2915129151291502,22.14022140221402,23.554735547355474,-1.4145141451414531
Cora,GraphRevoker,GIN,gt_full,212,66.78966789667896,65.86715867158671,0.9225092250922557,-22.50922509225093,23.431734317343178,-0.36900369003689093,0.5535055350553577,-0.9225092250922486,31.365313653136536,32.96432964329643,-1.599015990159895
Cora,GraphRevoker,GIN,gt_full,2024,73.43173431734317,68.63468634686348,4.797047970479696,-15.498154981549817,20.295202952029513,-0.4920049200492116,0.4920049200491974,-0.984009840098409,30.81180811808118,30.56580565805658,0.24600246002460224
Cora,GraphRevoker,GIN,r_point,42,75.46125461254613,76.38376383763837,-0.9225092250922415,-13.837638376383765,12.915129151291517,-1.5990159901598986,0.7995079950799475,-2.398523985239846,23.062730627306273,23.554735547355474,-0.49200492004920093
Cora,GraphRevoker,GIN,r_point,212,66.78966789667896,71.95571955719558,-5.166051660516615,-22.87822878228782,17.712177121771212,-6.457564575645762,0.18450184501845257,-6.642066420664214,29.15129151291513,32.96432964329643,-3.813038130381301
Cora,GraphRevoker,GIN,r_point,2024,73.43173431734317,61.80811808118081,11.623616236162363,-14.944649446494466,26.568265682656833,6.334563345633455,1.0455104551045444,5.289052890528911,33.76383763837638,30.56580565805658,3.1980319803198007
Cora,GraphRevoker,SGC,gt_full,42,75.46125461254613,75.09225092250922,0.36900369003690514,-14.391143911439116,14.760147601476014,-0.3075030750307519,0.24600246002459691,-0.5535055350553488,22.509225092250922,23.554735547355474,-1.0455104551045515
Cora,GraphRevoker,SGC,gt_full,212,66.78966789667896,69.00369003690037,-2.2140221402214024,-22.324723247232484,20.110701107011074,-3.505535055350549,0.7380073800738032,-4.243542435424352,30.073800738007378,32.96432964329643,-2.8905289052890524
Cora,GraphRevoker,SGC,gt_full,2024,73.43173431734317,70.11070110701108,3.3210332103320894,-15.867158671586722,19.188191881918815,-1.968019680196818,0.12300123001228869,-2.0910209102091066,28.59778597785978,30.56580565805658,-1.9680196801968002
Cora,GraphRevoker,SGC,r_point,42,75.46125461254613,75.64575645756457,-0.18450184501844547,-12.546125461254604,12.361623616236162,-0.8610086100861025,2.0910209102090977,-2.9520295202952003,23.800738007380073,23.554735547355474,0.2460024600245987
Cora,GraphRevoker,SGC,r_point,212,66.78966789667896,69.55719557195572,-2.767527675276753,-21.95571955719558,19.188191881918815,-4.0590405904059,1.1070110701107119,-5.166051660516612,30.996309963099634,32.96432964329643,-1.9680196801967966
Cora,GraphRevoker,SGC,r_point,2024,73.43173431734317,72.14022140221402,1.2915129151291467,-14.760147601476021,16.05166051660517,-3.9975399753997607,1.23001230012299,-5.227552275522751,26.937269372693727,30.56580565805658,-3.628536285362852
Cora,IDEA,GAT,gt_full,42,90.22140221402213,90.59040590405904,-0.36900369003690514,0.5535055350553506,-0.9225092250922606,-0.36900369003690514,0.43050430504305337,-0.7995079950799585,4.243542435424354,2.1525215252152523,2.0910209102091017
Cora,IDEA,GAT,gt_full,212,90.22140221402213,90.03690036900369,0.18450184501844547,0.18450184501844547,0.0,0.2460024600245987,-0.18450184501844963,0.4305043050430483,4.797047970479705,2.3985239852398523,2.3985239852398523
Cora,IDEA,GAT,gt_full,2024,89.85239852398524,89.11439114391145,0.7380073800737961,1.6605166051660518,-0.9225092250922495,0.4920049200491974,1.2300123001229957,-0.7380073800737982,4.059040590405904,2.029520295202952,2.029520295202952
Cora,IDEA,GAT,r_point,42,90.22140221402213,90.03690036900369,0.18450184501844547,2.5830258302582934,-2.398523985239853,0.18450184501844547,2.4600246002459967,-2.275522755227551,6.4575645756457565,2.1525215252152523,4.305043050430504
Cora,IDEA,GAT,r_point,212,90.22140221402213,90.22140221402213,0.0,0.5535055350553506,-0.5535055350553542,0.061500615006153225,0.18450184501845907,-0.12300123001230584,6.088560885608856,2.3985239852398523,3.6900369003690034
Cora,IDEA,GAT,r_point,2024,89.85239852398524,90.03690036900369,-0.18450184501844547,1.4760147601476064,-1.6605166051660514,-0.43050430504304416,1.0455104551045558,-1.4760147601476,5.719557195571956,2.029520295202952,3.690036900369004
Cora,IDEA,GCN,degree,42,90.22140221402213,90.40590405904058,-0.18450184501844547,0.18450184501844547,-0.36900369003689537,-0.18450184501844547,0.06150061500614773,-0.2460024600245932,2.952029520295203,2.1525215252152523,0.7995079950799506
Cora,IDEA,GCN,degree,212,90.22140221402213,90.40590405904058,-0.18450184501844547,0.18450184501844547,-0.36900369003689537,-0.12300123001229224,-0.1845018450184452,0.06150061500615295,4.243542435424354,2.3985239852398523,1.8450184501845017
Cora,IDEA,GCN,degree,2024,89.85239852398524,90.22140221402213,-0.36900369003689093,0.0,-0.36900369003689537,-0.6150061500614896,-0.4305043050430456,-0.184501845018444,4.059040590405904,2.029520295202952,2.029520295202952
Cora,IDEA,GCN,gt_full,42,90.22140221402213,90.22140221402213,0.0,0.18450184501844547,-0.18450184501844769,0.0,0.06150061500614552,-0.06150061500614552,4.428044280442804,2.1525215252152523,2.2755227552275517
Cora,IDEA,GCN,gt_full,212,90.22140221402213,89.85239852398524,0.36900369003689093,0.36900369003689093,0.0,0.43050430504304416,-4.163336342344337e-15,0.4305043050430483,4.981549815498155,2.3985239852398523,2.5830258302583022
Cora,IDEA,GCN,gt_full,2024,89.85239852398524,88.74538745387454,1.1070110701107012,0.36900369003690514,0.7380073800738018,0.8610086100861025,-0.06150061500615067,0.9225092250922532,2.952029520295203,2.029520295202952,0.9225092250922509
Cora,IDEA,GCN,r_point,42,90.22140221402213,90.03690036900369,0.18450184501844547,1.8450184501844973,-1.6605166051660514,0.18450184501844547,1.7220172201721946,-1.5375153751537491,5.904059040590406,2.1525215252152523,3.7515375153751536
Cora,IDEA,GCN,r_point,212,90.22140221402213,89.66789667896678,0.5535055350553506,1.2915129151291467,-0.7380073800738018,0.6150061500615038,0.9225092250922573,-0.3075030750307535,5.904059040590406,2.3985239852398523,3.5055350553505535
Cora,IDEA,GCN,r_point,2024,89.85239852398524,90.03690036900369,-0.18450184501844547,0.9225092250922557,-1.1070110701107083,-0.43050430504304416,0.4920049200492128,-0.922509225092257,7.380073800738007,2.029520295202952,5.350553505535055
Cora,IDEA,GCN,random,42,90.22140221402213,90.22140221402213,0.0,0.12300123001230172,-0.12300123001230216,0.0,0.0,0.0,2.1525215252152523,2.1525215252152523,0.0
Cora,IDEA,GCN,random,212,90.22140221402213,90.28290282902829,-0.061500615006148486,0.36900369003689565,-0.4305043050430483,4.736951571734001e-15,4.69994413757983e-15,1.850371707708594e-17,2.3985239852398523,2.3985239852398523,0.0
Cora,IDEA,GCN,random,2024,89.85239852398524,89.60639606396064,0.24600246002460344,0.43050430504305365,-0.18450184501845138,4.736951571734001e-15,4.7554552888110874e-15,-9.25185853854297e-18,2.029520295202952,2.029520295202952,0.0
Cora,IDEA,GIN,gt_full,42,90.22140221402213,90.03690036900369,0.18450184501844547,0.7380073800737961,-0.5535055350553542,0.18450184501844547,0.6150061500614974,-0.430504305043052,4.428044280442804,2.1525215252152523,2.2755227552275517
Cora,IDEA,GIN,gt_full,212,90.22140221402213,90.22140221402213,0.0,0.9225092250922415,-0.9225092250922495,0.061500615006153225,0.5535055350553544,-0.4920049200492012,5.535055350553505,2.3985239852398523,3.136531365313653
Cora,IDEA,GIN,gt_full,2024,89.85239852398524,89.66789667896678,0.18450184501845968,0.9225092250922557,-0.7380073800738018,-0.061500615006139014,0.4920049200492115,-0.5535055350553505,3.3210332103321036,2.029520295202952,1.2915129151291516
Cora,IDEA,GIN,r_point,42,90.22140221402213,90.22140221402213,0.0,0.9225092250922415,-0.9225092250922495,0.0,0.7995079950799474,-0.7995079950799474,4.797047970479705,2.1525215252152523,2.6445264452644524
Cora,IDEA,GIN,r_point,212,90.22140221402213,90.22140221402213,0.0,0.5535055350553506,-0.5535055350553542,0.061500615006153225,0.18450184501845907,-0.12300123001230584,6.088560885608856,2.3985239852398523,3.6900369003690034
Cora,IDEA,GIN,r_point,2024,89.85239852398524,89.85239852398524,0.0,1.4760147601476064,-1.4760147601476037,-0.2460024600245987,1.0455104551045535,-1.2915129151291522,6.273062730627306,2.029520295202952,4.243542435424354
Cora,IDEA,SGC,gt_full,42,90.22140221402213,90.59040590405904,-0.36900369003690514,0.36900369003689093,-0.7380073800738018,-0.36900369003690514,0.24600246002459458,-0.6150061500614997,3.136531365313653,2.1525215252152523,0.9840098400984005
Cora,IDEA,SGC,gt_full,212,90.22140221402213,90.59040590405904,-0.36900369003690514,1.107011070110687,-1.4760147601476037,-0.3075030750307519,0.7380073800738034,-1.0455104551045553,4.059040590405904,2.3985239852398523,1.6605166051660518
Cora,IDEA,SGC,gt_full,2024,89.85239852398524,90.03690036900369,-0.18450184501844547,0.5535055350553506,-0.7380073800738018,-0.43050430504304416,0.12300123001230634,-0.5535055350553505,2.5830258302583027,2.029520295202952,0.5535055350553506
Cora,IDEA,SGC,r_point,42,90.22140221402213,90.40590405904058,-0.18450184501844547,2.2140221402214024,-2.398523985239853,-0.18450184501844547,2.0910209102091057,-2.275522755227551,6.088560885608856,2.1525215252152523,3.9360393603936035
Cora,IDEA,SGC,r_point,212,90.22140221402213,90.40590405904058,-0.18450184501844547,1.4760147601475921,-1.6605166051660514,-0.12300123001229224,1.1070110701107108,-1.230012300123003,5.166051660516605,2.3985239852398523,2.767527675276753
Cora,IDEA,SGC,r_point,2024,89.85239852398524,89.85239852398524,0.0,1.6605166051660518,-1.6605166051660514,-0.2460024600245987,1.2300123001230012,-1.4760147601476,3.505535055350553,2.029520295202952,1.476014760147601
Cora,MEGU,GAT,gt_full,42,90.22140221402213,90.40590405904058,-0.18450184501844547,0.5535055350553506,-0.7380073800738018,-0.3075030750307377,0.4305043050430605,-0.7380073800737982,5.166051660516605,3.505535055350553,1.6605166051660523
Cora,MEGU,GAT,gt_full,212,90.22140221402213,89.2988929889299,0.9225092250922415,0.18450184501844547,0.7380073800738018,-0.2460024600246129,-0.18450184501846,-0.06150061500615289,5.535055350553505,4.612546125461255,0.9225092250922504
Cora,MEGU,GAT,gt_full,2024,89.85239852398524,89.11439114391145,0.7380073800737961,1.6605166051660518,-0.9225092250922495,0.0,1.2300123001229994,-1.2300123001229994,4.981549815498155,3.936039360393604,1.0455104551045507
Cora,MEGU,GAT,r_point,42,90.22140221402213,89.85239852398524,0.36900369003689093,2.5830258302582934,-2.2140221402214055,0.2460024600245987,2.4600246002460007,-2.214022140221402,6.088560885608856,3.505535055350553,2.5830258302583027
Cora,MEGU,GAT,r_point,212,90.22140221402213,89.66789667896678,0.5535055350553506,0.5535055350553506,0.0,-0.6150061500615038,0.1845018450184509,-0.7995079950799547,6.642066420664207,4.612546125461255,2.0295202952029525
Cora,MEGU,GAT,r_point,2024,89.85239852398524,89.11439114391145,0.7380073800737961,1.4760147601476064,-0.7380073800738018,0.0,1.0455104551045518,-1.0455104551045518,5.166051660516605,3.936039360393604,1.2300123001230014
Cora,MEGU,GCN,degree,42,90.22140221402213,90.03690036900369,0.18450184501844547,0.18450184501844547,0.0,0.061500615006153225,0.06150061500614953,3.700743415417189e-15,5.350553505535055,3.505535055350553,1.8450184501845022
Cora,MEGU,GCN,degree,212,90.22140221402213,89.85239852398524,0.36900369003689093,0.18450184501844547,0.18450184501844769,-0.7995079950799635,-0.18450184501845646,-0.615006150061507,6.273062730627306,4.612546125461255,1.660516605166051
Cora,MEGU,GCN,degree,2024,89.85239852398524,89.66789667896678,0.18450184501845968,0.0,0.1845018450184588,-0.5535055350553364,-0.4305043050430453,-0.12300123001229107,5.166051660516605,3.936039360393604,1.2300123001230014
Cora,MEGU,GCN,gt_full,42,90.22140221402213,90.22140221402213,0.0,0.18450184501844547,-0.18450184501844769,-0.12300123001229224,0.061500615006151754,-0.184501845018444,6.273062730627306,3.505535055350553,2.7675276752767526
Cora,MEGU,GCN,gt_full,212,90.22140221402213,89.2988929889299,0.9225092250922415,0.36900369003689093,0.5535055350553542,-0.2460024600246129,-1.2323475573339238e-14,-0.24600246002460058,4.981549815498155,4.612546125461255,0.3690036900368998
Cora,MEGU,GCN,gt_full,2024,89.85239852398524,88.92988929889299,0.9225092250922557,0.36900369003690514,0.5535055350553542,0.18450184501845968,-0.06150061500614462,0.2460024600246043,5.535055350553505,3.936039360393604,1.5990159901599013
Cora,MEGU,GCN,r_point,42,90.22140221402213,90.22140221402213,0.0,1.8450184501844973,-1.845018450184499,-0.12300123001229224,1.722017220172203,-1.8450184501844953,6.273062730627306,3.505535055350553,2.7675276752767526
Cora,MEGU,GCN,r_point,212,90.22140221402213,89.48339483394834,0.7380073800737961,1.2915129151291467,-0.5535055350553542,-0.43050430504305837,0.9225092250922504,-1.3530135301353088,4.981549815498155,4.612546125461255,0.3690036900368998
Cora,MEGU,GCN,r_point,2024,89.85239852398524,89.48339483394834,0.36900369003690514,0.9225092250922557,-0.5535055350553542,-0.36900369003689093,0.49200492004921315,-0.8610086100861041,6.273062730627306,3.936039360393604,2.3370233702337018
Cora,MEGU,GCN,random,42,90.22140221402213,90.09840098400984,0.12300123001229697,0.12300123001230172,-3.700743415417189e-15,4.736951571734001e-15,4.736951571734001e-15,0.0,3.505535055350553,3.505535055350553,0.0
Cora,MEGU,GCN,random,212,90.22140221402213,89.05289052890528,1.168511685116845,0.36900369003689565,0.7995079950799547,-9.473903143468002e-15,-9.510910577622175e-15,3.700743415417188e-17,4.612546125461255,4.612546125461255,0.0
Cora,MEGU,GCN,random,2024,89.85239852398524,89.11439114391145,0.7380073800738008,0.43050430504305365,0.30750307503074986,4.736951571734001e-15,4.7554552888110874e-15,-1.850371707708594e-17,3.936039360393604,3.936039360393604,0.0
Cora,MEGU,GIN,gt_full,42,90.22140221402213,89.85239852398524,0.36900369003689093,0.7380073800737961,-0.3690036900369065,0.2460024600245987,0.6150061500615014,-0.36900369003690275,4.797047970479705,3.505535055350553,1.2915129151291516
Cora,MEGU,GIN,gt_full,212,90.22140221402213,88.56088560885608,1.6605166051660518,0.9225092250922415,0.7380073800738018,0.4920049200491974,0.5535055350553503,-0.06150061500615289,6.642066420664207,4.612546125461255,2.0295202952029525
Cora,MEGU,GIN,gt_full,2024,89.85239852398524,89.2988929889299,0.5535055350553506,0.9225092250922557,-0.3690036900369065,-0.18450184501844547,0.4920049200492109,-0.6765067650676564,5.166051660516605,3.936039360393604,1.2300123001230014
Cora,MEGU,GIN,r_point,42,90.22140221402213,90.03690036900369,0.18450184501844547,0.9225092250922415,-0.7380073800738018,0.061500615006153225,0.7995079950799514,-0.7380073800737982,5.350553505535055,3.505535055350553,1.8450184501845022
Cora,MEGU,GIN,r_point,212,90.22140221402213,89.66789667896678,0.5535055350553506,0.5535055350553506,0.0,-0.6150061500615038,0.1845018450184509,-0.7995079950799547,6.273062730627306,4.612546125461255,1.660516605166051
Cora,MEGU,GIN,r_point,2024,89.85239852398524,89.2988929889299,0.5535055350553506,1.4760147601476064,-0.9225092250922495,-0.18450184501844547,1.045510455104554,-1.2300123001229994,6.4575645756457565,3.936039360393604,2.5215252152521526
Cora,MEGU,SGC,gt_full,42,90.22140221402213,90.22140221402213,0.0,0.36900369003689093,-0.36900369003689537,-0.12300123001229224,0.2460024600245994,-0.36900369003689165,4.428044280442804,3.505535055350553,0.9225092250922509
Cora,MEGU,SGC,gt_full,212,90.22140221402213,89.48339483394834,0.7380073800737961,1.107011070110687,-0.36900369003689537,-0.43050430504305837,0.7380073800737916,-1.16851168511685,6.088560885608856,4.612546125461255,1.476014760147601
Cora,MEGU,SGC,gt_full,2024,89.85239852398524,89.11439114391145,0.7380073800737961,0.5535055350553506,0.18450184501844769,0.0,0.12300123001230218,-0.12300123001230218,5.350553505535055,3.936039360393604,1.4145141451414514
Cora,MEGU,SGC,r_point,42,90.22140221402213,90.7749077490775,-0.5535055350553648,2.2140221402214024,-2.7675276752767597,-0.6765067650676571,2.091020910209099,-2.767527675276756,6.088560885608856,3.505535055350553,2.5830258302583027
Cora,MEGU,SGC,r_point,212,90.22140221402213,89.11439114391145,1.107011070110687,1.4760147601475921,-0.3690036900369065,-0.061500615006167436,1.1070110701106937,-1.168511685116861,6.642066420664207,4.612546125461255,2.0295202952029525
Cora,MEGU,SGC,r_point,2024,89.85239852398524,89.2988929889299,0.5535055350553506,1.6605166051660518,-1.1070110701106972,-0.18450184501844547,1.2300123001230017,-1.4145141451414471,5.904059040590406,3.936039360393604,1.968019680196802
PubMed,GIF,GAT,gt_full,42,88.56490872210954,88.28600405679514,0.27890466531439984,2.890466531440154,-2.6115618661257556,0.2620013522650453,2.8566599053414463,-2.594658553076401,5.856997971602434,2.1636240703177823,3.6933739012846516
PubMed,GIF,GAT,gt_full,212,88.3367139959432,87.75354969574036,0.5831643002028386,1.3184584178498966,-0.7352941176470562,0.5409060175794451,1.5043948613928286,-0.9634888438133834,2.611561866125761,2.2481406355645706,0.36342123056119036
PubMed,GIF,GAT,gt_full,2024,88.5395537525355,87.47464503042596,1.0649087221095357,2.003042596348891,-0.9381338742393552,1.0649087221095357,2.079107505071005,-1.0141987829614691,3.4229208924949286,2.2143340094658552,1.2085868830290734
PubMed,GIF,GAT,r_point,42,88.56490872210954,88.64097363083164,-0.07606490872210259,2.966531440162285,-3.0425963488843855,-0.09296822177145714,2.9327248140635738,-3.025693035835031,7.352941176470589,2.1636240703177823,5.1893171061528065
PubMed,GIF,GAT,r_point,212,88.3367139959432,87.80425963488844,0.5324543610547607,1.5212981744421796,-0.9888438133874189,0.49019607843136725,1.7072346179851132,-1.217038539553746,2.789046653144016,2.2481406355645706,0.5409060175794456
PubMed,GIF,GAT,r_point,2024,88.5395537525355,87.85496957403652,0.6845841784989801,2.9918864097362956,-2.307302231237318,0.6845841784989801,3.0679513184584124,-2.3833671399594323,4.918864097363083,2.2143340094658552,2.704530087897228
PubMed,GIF,GCN,degree,42,88.56490872210954,88.31135902636917,0.2535496957403609,-0.15212981744421938,0.40567951318457585,0.23664638269100635,-0.18593644354292405,0.4225828262339304,2.712981744421907,2.1636240703177823,0.5493576741041246
PubMed,GIF,GCN,degree,212,88.3367139959432,87.9817444219067,0.3549695740365024,-0.4056795131845945,0.7606490872210991,0.31271129141310894,-0.219743069641663,0.532454361054772,2.890466531440162,2.2481406355645706,0.6423258958755915
PubMed,GIF,GCN,degree,2024,88.5395537525355,88.59026369168357,-0.050709939148077865,-0.2535496957403751,0.20283975659229903,-0.050709939148077865,-0.17748478701826292,0.12677484787018506,3.4482758620689653,2.2143340094658552,1.23394185260311
PubMed,GIF,GCN,gt_full,42,88.56490872210954,88.15922920892496,0.4056795131845803,1.7748478701825547,-1.369168356997974,0.38877620013522574,1.7410412440838452,-1.3522650439486195,4.234279918864097,2.1636240703177823,2.0706558485463145
PubMed,GIF,GCN,gt_full,212,88.3367139959432,87.11967545638946,1.2170385395537409,2.662271805273818,-1.4452332657200806,1.1747802569303474,2.8482082488167553,-1.6734279918864077,3.5496957403651117,2.2481406355645706,1.3015551048005412
PubMed,GIF,GCN,gt_full,2024,88.5395537525355,87.27180527383366,1.267748478701833,1.5466531440162186,-0.2789046653143945,1.267748478701833,1.6227180527383414,-0.3549695740365085,2.3073022312373226,2.2143340094658552,0.09296822177146735
PubMed,GIF,GCN,r_point,42,88.56490872210954,88.43813387423936,0.12677484787018045,1.8255578093306326,-1.6987829614604544,0.1098715348208259,1.7917511832319257,-1.6818796484110998,4.462474645030426,2.1636240703177823,2.2988505747126435
PubMed,GIF,GCN,r_point,212,88.3367139959432,87.24645030425964,1.0902636916835604,2.2312373225151987,-1.1409736308316432,1.048005409060167,2.417173766058137,-1.3691683569979702,3.27079107505071,2.2481406355645706,1.0226504394861395
PubMed,GIF,GCN,r_point,2024,88.5395537525355,87.65212981744422,0.8874239350912774,3.0425963488843735,-2.155172413793105,0.8874239350912774,3.1186612576064965,-2.231237322515219,4.411764705882353,2.2143340094658552,2.197430696416498
PubMed,GIF,GCN,random,42,88.56490872210954,88.54800540906018,0.016903313049359287,0.03380662609871384,-0.01690331304935455,4.736951571734001e-15,4.736951571734001e-15,0.0,2.1636240703177823,2.1636240703177823,0.0
PubMed,GIF,GCN,random,212,88.33671399594319,88.2944557133198,0.04225828262338401,-0.18593644354293795,0.22819472616632716,-9.473903143468002e-15,-9.46465128492946e-15,-9.25185853854297e-18,2.2481406355645706,2.2481406355645706,0.0
PubMed,GIF,GCN,random,2024,88.5395537525355,88.5395537525355,0.0,-0.07606490872210732,0.07606490872211398,0.0,-9.25185853854297e-18,9.25185853854297e-18,2.2143340094658552,2.2143340094658552,0.0
PubMed,GIF,GIN,gt_full,42,88.56490872210954,88.76774847870182,-0.20283975659228304,0.22819472616633618,-0.4310344827586188,-0.2197430696416376,0.19438810006762663,-0.4141311697092642,2.76369168356998,2.1636240703177823,0.6000676132521976
PubMed,GIF,GIN,gt_full,212,88.3367139959432,87.55070993914808,0.7860040567951216,1.0395537525354825,-0.2535496957403627,0.7437457741717282,1.2254901960784181,-0.48174442190668987,2.789046653144016,2.2481406355645706,0.5409060175794456
PubMed,GIF,GIN,gt_full,2024,88.5395537525355,88.03245436105477,0.5070993914807218,0.9127789046653163,-0.40567951318458695,0.5070993914807218,0.9888438133874227,-0.4817444219067009,3.701825557809331,2.2143340094658552,1.4874915483434759
PubMed,GIF,GIN,r_point,42,88.56490872210954,88.64097363083164,-0.07606490872210259,0.6085192697768775,-0.6845841784989815,-0.09296822177145714,0.5747126436781698,-0.6676808654496269,3.0933062880324544,2.1636240703177823,0.9296822177146722
PubMed,GIF,GIN,r_point,212,88.3367139959432,87.67748478701826,0.6592292089249412,1.495943204868155,-0.8367139959432057,0.6169709263015477,1.6818796484110805,-1.0649087221095328,3.296146044624747,2.2481406355645706,1.0480054090601763
PubMed,GIF,GIN,r_point,2024,88.5395537525355,88.10851926977688,0.4310344827586192,1.7494929006085158,-1.3184584178498993,0.4310344827586192,1.8255578093306324,-1.3945233265720132,4.132860040567951,2.2143340094658552,1.9185260311020955
PubMed,GIF,SGC,gt_full,42,88.56490872210954,88.59026369168357,-0.025354969574038932,-0.30425963488843877,0.2789046653144056,-0.042258282623393484,-0.33806626098715364,0.29580797836376016,2.1044624746450307,2.1636240703177823,-0.05916159567275159
PubMed,GIF,SGC,gt_full,212,88.3367139959432,88.23529411764706,0.10141987829614152,0.15212981744421938,-0.050709939148074756,0.059161595672748035,0.33806626098715,-0.27890466531440194,2.3073022312373226,2.2481406355645706,0.05916159567275203
PubMed,GIF,SGC,gt_full,2024,88.5395537525355,88.5395537525355,0.0,-0.17748478701825832,0.1774847870182561,0.0,-0.10141987829614212,0.10141987829614212,1.9776876267748478,2.2143340094658552,-0.23664638269100746
PubMed,GIF,SGC,r_point,42,88.56490872210954,88.64097363083164,-0.07606490872210259,-0.025354969574038932,-0.050709939148074756,-0.09296822177145714,-0.05916159567273693,-0.033806626098720205,1.7748478701825559,2.1636240703177823,-0.3887762001352264
PubMed,GIF,SGC,r_point,212,88.3367139959432,88.31135902636917,0.02535496957402472,-0.35496957403651663,0.380324543610544,-0.016903313049368762,-0.16903313049358562,0.15212981744421686,2.712981744421907,2.2481406355645706,0.4648411088573363
PubMed,GIF,SGC,r_point,2024,88.5395537525355,88.61561866125761,-0.0760649087221168,0.38032454361054135,-0.4563894523326617,-0.0760649087221168,0.45638945233265893,-0.5324543610547757,2.079107505070994,2.2143340094658552,-0.13522650439486128
PubMed,GNNDelete,GAT,gt_full,42,88.56490872210954,85.34482758620689,3.220081135902646,2.890466531440154,0.32961460446248037,0.6169709263015619,2.8566599053414508,-2.239688979039889,14.02129817444219,6.7782285327924265,7.243069641649764
PubMed,GNNDelete,GAT,gt_full,212,88.3367139959432,87.29716024340772,1.0395537525354825,1.3184584178498966,-0.2789046653144056,-0.6169709263015619,1.5043948613928304,-2.1213657876943923,8.21501014198783,6.127450980392157,2.0875591615956735
PubMed,GNNDelete,GAT,gt_full,2024,88.5395537525355,87.0182555780933,1.5212981744421938,2.003042596348891,-0.48174442190669353,-0.5240027045300906,2.0791075050709913,-2.603110209601082,10.268762677484787,6.347194050033806,3.9215686274509807
PubMed,GNNDelete,GAT,r_point,42,88.56490872210954,86.76470588235294,1.8002028397565937,2.966531440162285,-1.166328600405686,-0.8029073698444904,2.932724814063565,-3.7356321839080553,9.558823529411764,6.7782285327924265,2.780594996619338
PubMed,GNNDelete,GAT,r_point,212,88.3367139959432,83.01217038539554,5.324543610547664,1.5212981744421796,3.8032454361054846,3.6680189317106198,1.7072346179851217,1.960784313725498,8.493914807302232,6.127450980392157,2.366463826910075
PubMed,GNNDelete,GAT,r_point,2024,88.5395537525355,87.88032454361054,0.6592292089249554,2.9918864097362956,-2.33265720081135,-1.386071670047329,3.067951318458409,-4.454022988505738,9.355983772819473,6.347194050033806,3.008789722785666
PubMed,GNNDelete,GCN,degree,42,88.56490872210954,87.2210953346856,1.3438133874239355,-0.15212981744421938,1.4959432048681554,-1.2592968221771486,-0.1859364435429347,-1.0733603786342139,5.476673427991886,6.7782285327924265,-1.3015551048005403
PubMed,GNNDelete,GCN,degree,212,88.3367139959432,87.4239350912779,0.9127789046653021,-0.4056795131845945,1.3184584178498993,-0.7437457741717424,-0.21974306964165513,-0.5240027045300872,5.578093306288032,6.127450980392157,-0.5493576741041251
PubMed,GNNDelete,GCN,degree,2024,88.5395537525355,86.71399594320486,1.8255578093306326,-0.2535496957403751,2.0791075050709984,-0.2197430696416518,-0.17748478701826187,-0.04225828262338993,5.88235294117647,6.347194050033806,-0.4648411088573363
PubMed,GNNDelete,GCN,gt_full,42,88.56490872210954,87.09432048681542,1.470588235294116,1.7748478701825547,-0.30425963488843744,-1.132521974306968,1.7410412440838385,-2.8735632183908066,8.468559837728193,6.7782285327924265,1.6903313049357669
PubMed,GNNDelete,GCN,gt_full,212,88.3367139959432,87.24645030425964,1.0902636916835604,2.662271805273818,-1.572008113590262,-0.566260987153484,2.848208248816764,-3.414469235970248,10.75050709939148,6.127450980392157,4.623056118999323
PubMed,GNNDelete,GCN,gt_full,2024,88.5395537525355,86.86612576064908,1.6734279918864132,1.5466531440162186,0.12677484787019244,-0.3718728870858712,1.6227180527383247,-1.9945909398241959,9.888438133874239,6.347194050033806,3.541244083840432
PubMed,GNNDelete,GCN,r_point,42,88.56490872210954,86.1815415821501,2.3833671399594323,1.8255578093306326,0.5578093306288001,-0.2197430696416518,1.7917511832319173,-2.011494252873569,6.135902636916836,6.7782285327924265,-0.6423258958755902
PubMed,GNNDelete,GCN,r_point,212,88.3367139959432,87.70283975659228,0.6338742393509165,2.2312373225151987,-1.5973630831642938,-1.022650439486128,2.417173766058152,-3.43982420554428,8.265720081135902,6.127450980392157,2.138269100743744
PubMed,GNNDelete,GCN,r_point,2024,88.5395537525355,88.08316430020284,0.45638945233265815,3.0425963488843735,-2.5862068965517238,-1.5889114266396263,3.118661257606486,-4.707572684246112,9.254563894523326,6.347194050033806,2.9073698444895193
PubMed,GNNDelete,GCN,random,42,88.56490872210954,85.96179851250845,2.603110209601084,0.03380662609871384,2.569303583502369,0.0,0.0,0.0,6.7782285327924265,6.7782285327924265,0.0
PubMed,GNNDelete,GCN,random,212,88.33671399594319,86.68018931710616,1.6565246788370445,-0.18593644354293795,1.8424611223799865,0.0,-7.401486830834377e-17,7.401486830834377e-17,6.127450980392157,6.127450980392157,0.0
PubMed,GNNDelete,GCN,random,2024,88.5395537525355,86.49425287356321,2.045300878972275,-0.07606490872210732,2.1213657876943883,-9.473903143468002e-15,-9.62193288008469e-15,1.4802973661668753e-16,6.347194050033806,6.347194050033806,0.0
PubMed,GNNDelete,GIN,gt_full,42,88.56490872210954,86.58722109533468,1.977687626774852,0.22819472616633618,1.749492900608518,-0.6254225828262321,0.19438810006761909,-0.8198106828938512,6.364097363083164,6.7782285327924265,-0.4141311697092629
PubMed,GNNDelete,GIN,gt_full,212,88.3367139959432,87.65212981744422,0.6845841784989801,1.0395537525354825,-0.3549695740365122,-0.9719405003380643,1.2254901960784341,-2.1974306964164985,5.045638945233265,6.127450980392157,-1.081812035158892
PubMed,GNNDelete,GIN,gt_full,2024,88.5395537525355,86.91683569979716,1.6227180527383354,0.9127789046653163,0.7099391480730244,-0.42258282623394905,0.9888438133874149,-1.411426639621364,5.806288032454361,6.347194050033806,-0.5409060175794451
PubMed,GNNDelete,GIN,r_point,42,88.56490872210954,86.05476673427992,2.5101419878296127,0.6085192697768775,1.9016227180527423,-0.09296822177147135,0.5747126436781556,-0.6676808654496269,5.425963488843814,6.7782285327924265,-1.3522650439486128
PubMed,GNNDelete,GIN,r_point,212,88.3367139959432,87.2210953346856,1.1156186612575993,1.495943204868155,-0.380324543610544,-0.5409060175794451,1.6818796484110852,-2.2227856659905303,6.009127789046653,6.127450980392157,-0.11832319134550406
PubMed,GNNDelete,GIN,r_point,2024,88.5395537525355,84.68559837728195,3.8539553752535483,1.7494929006085158,2.1044624746450302,1.8086544962812638,1.825557809330622,-0.016903313049358104,8.417849898580123,6.347194050033806,2.0706558485463162
PubMed,GNNDelete,SGC,gt_full,42,88.56490872210954,76.8002028397566,11.764705882352942,-0.30425963488843877,12.06896551724138,9.161595672751858,-0.3380662609871532,9.499661933739011,18.788032454361055,6.7782285327924265,12.00980392156863
PubMed,GNNDelete,SGC,gt_full,212,88.3367139959432,81.08519269776876,7.251521298174438,0.15212981744421938,7.099391480730222,5.594996619337394,0.33806626098715853,5.256930358350235,12.728194726166327,6.127450980392157,6.60074374577417
PubMed,GNNDelete,SGC,gt_full,2024,88.5395537525355,76.62271805273834,11.916835699797161,-0.17748478701825832,12.094320486815413,9.871534820824877,-0.10141987829614685,9.972954699121024,17.849898580121703,6.347194050033806,11.502704530087897
PubMed,GNNDelete,SGC,r_point,42,88.56490872210954,83.97565922920892,4.5892494929006205,-0.025354969574038932,4.614604462474647,1.9861392832995364,-0.059161595672741374,2.0453008789722777,9.077079107505071,6.7782285327924265,2.2988505747126444
PubMed,GNNDelete,SGC,r_point,212,88.3367139959432,83.72210953346855,4.614604462474645,-0.35496957403651663,4.96957403651116,2.9580797836376007,-0.16903313049357305,3.1271129141311738,10.39553752535497,6.127450980392157,4.268086544962812
PubMed,GNNDelete,SGC,r_point,2024,88.5395537525355,83.21501014198783,5.324543610547664,0.38032454361054135,4.944219066937117,3.27924273157538,0.4563894523326515,2.8228532792427283,10.09127789046653,6.347194050033806,3.744083840432724
PubMed,GraphEraser,GAT,gt_full,42,87.44929006085192,86.13083164300203,1.3184584178498966,1.7748478701825405,-0.4563894523326506,1.0395537525354825,2.85665990534143,-1.8171061528059471,9.051724137931034,7.783975659229209,1.267748478701825
PubMed,GraphEraser,GAT,gt_full,212,87.04361054766734,86.15618661257606,0.8874239350912774,0.025354969574038932,0.8620689655172376,0.7437457741717424,1.5043948613928413,-0.7606490872210989,7.505070993914807,7.623394185260312,-0.11832319134550495
PubMed,GraphEraser,GAT,gt_full,2024,87.37322515212982,85.9787018255578,1.3945233265720134,0.8367139959432137,0.5578093306288001,1.1663286004056914,2.0791075050710073,-0.9127789046653159,8.012170385395539,7.564232589587559,0.44793779580798
PubMed,GraphEraser,GAT,r_point,42,87.44929006085192,85.19269776876268,2.2565922920892376,1.8509127789046715,0.40567951318457585,1.9776876267748236,2.932724814063544,-0.9550371872887207,8.848884381338742,7.783975659229209,1.064908722109533
PubMed,GraphEraser,GAT,r_point,212,87.04361054766734,85.31947261663286,1.7241379310344769,0.22819472616632197,1.4959432048681554,1.5804597701149419,1.707234617985123,-0.12677484787018112,7.860040567951318,7.623394185260312,0.23664638269100546
PubMed,GraphEraser,GAT,r_point,2024,87.37322515212982,85.47160243407707,1.9016227180527494,1.8255578093306184,0.07606490872211769,1.6734279918864274,3.0679513184584257,-1.3945233265719983,8.341784989858011,7.564232589587559,0.7775524002704524
PubMed,GraphEraser,GCN,degree,42,87.44929006085192,87.11967545638946,0.3296146044624635,-1.267748478701833,1.5973630831642938,0.05070993914804944,-0.1859364435429478,0.23664638269099725,6.7951318458417855,7.783975659229209,-0.9888438133874233
PubMed,GraphEraser,GCN,degree,212,87.04361054766734,87.24645030425964,-0.20283975659229725,-1.6987829614604522,1.4959432048681554,-0.34651791751183225,-0.21974306964165113,-0.12677484787018112,7.04868154158215,7.623394185260312,-0.5747126436781622
PubMed,GraphEraser,GCN,degree,2024,87.37322515212982,87.11967545638946,0.2535496957403609,-1.4198782961460523,1.6734279918864114,0.025354969574038932,-0.17748478701825654,0.20283975659229547,6.845841784989857,7.564232589587559,-0.7183908045977017
PubMed,GraphEraser,GCN,gt_full,42,87.44929006085192,86.51115618661258,0.938133874239341,0.6592292089249412,0.2789046653143945,0.659229208924927,1.741041244083829,-1.081812035158902,7.834685598377282,7.783975659229209,0.050709939148073424
PubMed,GraphEraser,GCN,gt_full,212,87.04361054766734,86.4604462474645,0.5831643002028386,1.3691683569979602,-0.786004056795131,0.4394861392833036,2.8482082488167713,-2.4087221095334677,8.848884381338742,7.623394185260312,1.2254901960784297
PubMed,GraphEraser,GCN,gt_full,2024,87.37322515212982,86.63793103448276,0.735294117647058,0.38032454361054135,0.3549695740365122,0.507099391480736,1.6227180527383398,-1.1156186612576038,8.189655172413794,7.564232589587559,0.6254225828262348
PubMed,GraphEraser,GCN,r_point,42,87.44929006085192,86.105476673428,1.3438133874239213,0.709939148073019,0.6338742393509067,1.0649087221095073,1.791751183231897,-0.7268424611223898,7.657200811359026,7.783975659229209,-0.12677484787018312
PubMed,GraphEraser,GCN,r_point,212,87.04361054766734,85.80121703853956,1.2423935091277798,0.938133874239341,0.30425963488843744,1.0987153482082448,2.417173766058144,-1.318458417849899,8.21501014198783,7.623394185260312,0.5916159567275185
PubMed,GraphEraser,GCN,r_point,2024,87.37322515212982,85.92799188640974,1.445233265720077,1.8762677484786963,-0.4310344827586188,1.217038539553755,3.11866125760649,-1.9016227180527348,8.443204868154158,7.564232589587559,0.8789722785665992
PubMed,GraphEraser,GCN,random,42,87.44929006085192,87.17038539553751,0.27890466531439984,-1.0818120351588998,1.3607167004732965,-1.4210854715202004e-14,-1.4432899320127035e-14,2.220446049250313e-16,7.783975659229209,7.783975659229209,0.0
PubMed,GraphEraser,GCN,random,212,87.04361054766734,86.8999323867478,0.14367816091953975,-1.4790398918187957,1.6227180527383365,4.736951571734001e-15,4.51490696680897e-15,2.220446049250313e-16,7.623394185260312,7.623394185260312,0.0
PubMed,GraphEraser,GCN,random,2024,87.37322515212982,87.1450304259635,0.22819472616632672,-1.2423935091277845,1.470588235294116,4.736951571734001e-15,4.588921835117314e-15,1.4802973661668753e-16,7.564232589587559,7.564232589587559,0.0
PubMed,GraphEraser,GIN,gt_full,42,87.44929006085192,87.09432048681542,0.3549695740365024,-0.8874239350912774,1.2423935091277927,0.07606490872208838,0.19438810006759222,-0.11832319134550384,7.5304259634888435,7.783975659229209,-0.25354969574036534
PubMed,GraphEraser,GIN,gt_full,212,87.04361054766734,86.79006085192698,0.2535496957403609,-0.2535496957403751,0.5070993914807365,0.1098715348208259,1.225490196078426,-1.1156186612576,7.606490872210954,7.623394185260312,-0.016903313049358104
PubMed,GraphEraser,GIN,gt_full,2024,87.37322515212982,87.19574036511156,0.17748478701825832,-0.2535496957403609,0.4310344827586188,-0.050709939148063654,0.9888438133874335,-1.0395537525354972,7.505070993914807,7.564232589587559,-0.05916159567275159
PubMed,GraphEraser,GIN,r_point,42,87.44929006085192,86.13083164300203,1.3184584178498966,-0.507099391480736,1.8255578093306357,1.0395537525354825,0.5747126436781433,0.4648411088573392,8.037525354969574,7.783975659229209,0.25354969574036534
PubMed,GraphEraser,GIN,r_point,212,87.04361054766734,86.1815415821501,0.8620689655172384,0.20283975659229725,0.6592292089249496,0.7183908045977034,1.6818796484110903,-0.9634888438133868,7.074036511156187,7.623394185260312,-0.5493576741041251
PubMed,GraphEraser,GIN,r_point,2024,87.37322515212982,86.4604462474645,0.9127789046653163,0.5831643002028386,0.32961460446246926,0.6845841784989943,1.825557809330641,-1.1409736308316467,7.150101419878297,7.564232589587559,-0.414131169709262
PubMed,GraphEraser,SGC,gt_full,42,87.44929006085192,86.96754563894523,0.4817444219066971,-1.4198782961460523,1.9016227180527423,0.20283975659228304,-0.33806626098716275,0.5409060175794458,8.13894523326572,7.783975659229209,0.3549695740365104
PubMed,GraphEraser,SGC,gt_full,212,87.04361054766734,86.61257606490872,0.4310344827586192,-1.1409736308316383,1.572008113590262,0.2873563218390842,0.33806626098715875,-0.050709939148074534,8.265720081135902,7.623394185260312,0.6423258958755893
PubMed,GraphEraser,SGC,gt_full,2024,87.37322515212982,87.39858012170384,-0.02535496957402472,-1.3438133874239355,1.3184584178498993,-0.2535496957403467,-0.10141987829612997,-0.15212981744421672,7.403651115618662,7.564232589587559,-0.16058147396889666
PubMed,GraphEraser,SGC,r_point,42,87.44929006085192,86.76470588235294,0.6845841784989801,-1.1409736308316525,1.8255578093306246,0.4056795131845661,-0.059161595672762024,0.4648411088573281,8.037525354969574,7.783975659229209,0.25354969574036534
PubMed,GraphEraser,SGC,r_point,212,87.04361054766734,86.08012170385395,0.9634888438133942,-1.6480730223123743,2.6115618661257667,0.8198106828938592,-0.16903313049357105,0.9888438133874302,8.671399594320487,7.623394185260312,1.048005409060175
PubMed,GraphEraser,SGC,r_point,2024,87.37322515212982,86.99290060851928,0.38032454361054135,-0.7860040567951359,1.166328600405675,0.15212981744421938,0.4563894523326604,-0.304259634888441,8.874239350912779,7.564232589587559,1.3100067613252202
PubMed,GraphRevoker,GAT,gt_full,42,86.48580121703854,85.90263691683569,0.5831643002028528,0.8113590263691606,-0.22819472616631975,0.6000676132522074,2.8566599053414508,-2.2565922920892434,9.558823529411764,8.333333333333334,1.2254901960784306
PubMed,GraphRevoker,GAT,gt_full,212,86.63793103448276,85.77586206896551,0.8620689655172526,-0.38032454361054135,1.2423935091277927,0.8113590263691606,1.5043948613928229,-0.6930358350236623,8.367139959432048,7.885395537525356,0.48174442190669264
PubMed,GraphRevoker,GAT,gt_full,2024,86.91683569979716,85.9787018255578,0.9381338742393552,0.38032454361055557,0.5578093306288001,0.7860040567951359,2.0791075050710033,-1.2931034482758672,8.367139959432048,8.138945233265721,0.2281947261663273
PubMed,GraphRevoker,GAT,r_point,42,86.48580121703854,85.37018255578094,1.1156186612575993,0.8874239350912916,0.22819472616631975,1.132521974306954,2.932724814063558,-1.800202839756604,9.406693711967545,8.333333333333334,1.0733603786342112
PubMed,GraphRevoker,GAT,r_point,212,86.63793103448276,84.00101419878297,2.636916835699793,-0.17748478701825832,2.8144016227180546,2.586206896551701,1.7072346179851015,0.8789722785665997,8.924949290060852,7.885395537525356,1.0395537525354959
PubMed,GraphRevoker,GAT,r_point,2024,86.91683569979716,85.52231237322515,1.3945233265720134,1.3691683569979602,0.02535496957404293,1.242393509127794,3.0679513184584186,-1.8255578093306244,9.178498985801218,8.138945233265721,1.0395537525354968
PubMed,GraphRevoker,GCN,degree,42,86.48580121703854,86.6632860040568,-0.17748478701825832,-2.231237322515213,2.0537525354969555,-0.16058147396890377,-0.1859364435429356,0.025354969574031827,7.733265720081135,8.333333333333334,-0.6000676132521985
PubMed,GraphRevoker,GCN,degree,212,86.63793103448276,86.63793103448276,0.0,-2.1044624746450324,2.1044624746450302,-0.050709939148092076,-0.21974306964166734,0.16903313049357527,7.581135902636917,7.885395537525356,-0.30425963488843877
PubMed,GraphRevoker,GCN,degree,2024,86.91683569979716,87.0182555780933,-0.10141987829614152,-1.8762677484787105,1.774847870182561,-0.2535496957403609,-0.17748478701825454,-0.07606490872210636,7.733265720081135,8.138945233265721,-0.4056795131845856
PubMed,GraphRevoker,GCN,gt_full,42,86.48580121703854,85.5476673427992,0.938133874239341,-0.30425963488843877,1.2423935091277816,0.9550371872886956,1.7410412440838376,-0.7860040567951421,8.417849898580123,8.333333333333334,0.08451656524678874
PubMed,GraphRevoker,GCN,gt_full,212,86.63793103448276,85.87728194726166,0.7606490872210969,0.96348884381338,-0.20283975659228792,0.7099391480730048,2.8482082488167477,-2.138269100743743,8.56997971602434,7.885395537525356,0.6845841784989846
PubMed,GraphRevoker,GCN,gt_full,2024,86.91683569979716,86.00405679513185,0.9127789046653163,-0.0760649087221168,0.98884381338743,0.7606490872210969,1.6227180527383342,-0.8620689655172373,8.443204868154158,8.138945233265721,0.304259634888437
PubMed,GraphRevoker,GCN,r_point,42,86.48580121703854,85.01521298174443,1.470588235294116,-0.2535496957403609,1.724137931034475,1.4874915483434705,1.791751183231919,-0.30425963488844854,8.443204868154158,8.333333333333334,0.10987153482082412
PubMed,GraphRevoker,GCN,r_point,212,86.63793103448276,85.49695740365112,1.1409736308316383,0.5324543610547607,0.6085192697768749,1.0902636916835462,2.4171737660581263,-1.32691007437458,8.088235294117647,7.885395537525356,0.20283975659229103
PubMed,GraphRevoker,GCN,r_point,2024,86.91683569979716,85.5476673427992,1.3691683569979602,1.419878296146038,-0.050709939148074756,1.2170385395537409,3.118661257606483,-1.901622718052742,8.975659229208926,8.138945233265721,0.8367139959432048
PubMed,GraphRevoker,GCN,random,42,86.48580121703854,86.5027045300879,-0.01690331304935455,-2.0453008789722795,2.0283975659229236,0.0,0.0,0.0,8.333333333333334,8.333333333333334,0.0
PubMed,GraphRevoker,GCN,random,212,86.63793103448275,86.58722109533467,0.050709939148077865,-1.884719405003376,1.935429344151455,-1.4210854715202004e-14,-1.4358884451818692e-14,1.4802973661668753e-16,7.885395537525356,7.885395537525356,0.0
PubMed,GraphRevoker,GCN,random,2024,86.91683569979716,86.76470588235294,0.15212981744421938,-1.6987829614604426,1.8509127789046673,0.0,-2.220446049250313e-16,2.220446049250313e-16,8.138945233265721,8.138945233265721,0.0
PubMed,GraphRevoker,GIN,gt_full,42,86.48580121703854,86.23225152129818,0.2535496957403609,-1.8509127789046573,2.1044624746450302,0.27045300878971545,0.19438810006760887,0.07606490872210658,7.936105476673427,8.333333333333334,-0.39722785665990656
PubMed,GraphRevoker,GIN,gt_full,212,86.63793103448276,86.15618661257606,0.4817444219066971,-0.6592292089249554,1.1409736308316432,0.431034482758605,1.2254901960784168,-0.7944557133198118,8.367139959432048,7.885395537525356,0.48174442190669264
PubMed,GraphRevoker,GIN,gt_full,2024,86.91683569979716,86.30831643002028,0.6085192697768775,-0.709939148073019,1.3184584178498993,0.45638945233265815,0.9888438133874262,-0.5324543610547681,8.443204868154158,8.138945233265721,0.304259634888437
PubMed,GraphRevoker,GIN,r_point,42,86.48580121703854,85.80121703853956,0.6845841784989801,-1.470588235294116,2.155172413793105,0.7014874915483347,0.5747126436781533,0.12677484787018134,8.291075050709939,8.333333333333334,-0.04225828262339526
PubMed,GraphRevoker,GIN,r_point,212,86.63793103448276,85.85192697768763,0.7860040567951359,-0.20283975659228304,0.9888438133874189,0.7352941176470438,1.6818796484110798,-0.9465855307640361,7.936105476673427,7.885395537525356,0.05070993914807165
PubMed,GraphRevoker,GIN,r_point,2024,86.91683569979716,83.87423935091279,3.0425963488843735,0.12677484787018045,2.915821501014193,2.890466531440154,1.8255578093306284,1.0649087221095257,8.924949290060852,8.138945233265721,0.7860040567951305
PubMed,GraphRevoker,SGC,gt_full,42,86.48580121703854,86.13083164300203,0.35496957403651663,-2.3833671399594323,2.738336713995948,0.3718728870858712,-0.3380662609871532,0.7099391480730244,8.950304259634887,8.333333333333334,0.616970926301553
PubMed,GraphRevoker,SGC,gt_full,212,86.63793103448276,86.5365111561866,0.10141987829615573,-1.5466531440162186,1.6480730223123685,0.050709939148063654,0.3380662609871501,-0.28735632183908644,8.468559837728193,7.885395537525356,0.5831643002028377
PubMed,GraphRevoker,SGC,gt_full,2024,86.91683569979716,86.5365111561866,0.38032454361055557,-1.8002028397565937,2.180527383367137,0.22819472616633618,-0.1014198782961333,0.3296146044624695,8.341784989858011,8.138945233265721,0.20283975659229014
PubMed,GraphRevoker,SGC,r_point,42,86.48580121703854,85.82657200811359,0.6592292089249554,-2.1044624746450324,2.76369168356998,0.67613252197431,-0.05916159567274626,0.7352941176470562,9.051724137931034,8.333333333333334,0.7183908045976999
PubMed,GraphRevoker,SGC,r_point,212,86.63793103448276,86.1815415821501,0.45638945233265815,-2.0537525354969546,2.510141987829617,0.4056795131845661,-0.16903313049359614,0.5747126436781622,8.848884381338742,7.885395537525356,0.9634888438133862
PubMed,GraphRevoker,SGC,r_point,2024,86.91683569979716,86.23225152129818,0.6845841784989801,-1.242393509127794,1.9269776876267741,0.5324543610547607,0.45638945233265393,0.0760649087221068,9.203853955375253,8.138945233265721,1.0649087221095321
PubMed,IDEA,GAT,gt_full,42,88.56490872210954,88.28600405679514,0.27890466531439984,2.890466531440154,-2.6115618661257556,0.2620013522650453,2.8566599053414463,-2.594658553076401,5.856997971602434,2.1636240703177823,3.6933739012846516
PubMed,IDEA,GAT,gt_full,212,88.3367139959432,87.75354969574036,0.5831643002028386,1.3184584178498966,-0.7352941176470562,0.5409060175794451,1.5043948613928286,-0.9634888438133834,2.611561866125761,2.2481406355645706,0.36342123056119036
PubMed,IDEA,GAT,gt_full,2024,88.5395537525355,87.47464503042596,1.0649087221095357,2.003042596348891,-0.9381338742393552,1.0649087221095357,2.079107505071005,-1.0141987829614691,3.4229208924949286,2.2143340094658552,1.2085868830290734
PubMed,IDEA,GAT,r_point,42,88.56490872210954,88.64097363083164,-0.07606490872210259,2.966531440162285,-3.0425963488843855,-0.09296822177145714,2.9327248140635738,-3.025693035835031,7.352941176470589,2.1636240703177823,5.1893171061528065
PubMed,IDEA,GAT,r_point,212,88.3367139959432,87.80425963488844,0.5324543610547607,1.5212981744421796,-0.9888438133874189,0.49019607843136725,1.7072346179851132,-1.217038539553746,2.789046653144016,2.2481406355645706,0.5409060175794456
PubMed,IDEA,GAT,r_point,2024,88.5395537525355,87.85496957403652,0.6845841784989801,2.9918864097362956,-2.307302231237318,0.6845841784989801,3.0679513184584124,-2.3833671399594323,4.918864097363083,2.2143340094658552,2.704530087897228
PubMed,IDEA,GCN,degree,42,88.56490872210954,88.31135902636917,0.2535496957403609,-0.15212981744421938,0.40567951318457585,0.23664638269100635,-0.18593644354292405,0.4225828262339304,2.712981744421907,2.1636240703177823,0.5493576741041246
PubMed,IDEA,GCN,degree,212,88.3367139959432,87.9817444219067,0.3549695740365024,-0.4056795131845945,0.7606490872210991,0.31271129141310894,-0.219743069641663,0.532454361054772,2.890466531440162,2.2481406355645706,0.6423258958755915
PubMed,IDEA,GCN,degree,2024,88.5395537525355,88.59026369168357,-0.050709939148077865,-0.2535496957403751,0.20283975659229903,-0.050709939148077865,-0.17748478701826292,0.12677484787018506,3.4482758620689653,2.2143340094658552,1.23394185260311
PubMed,IDEA,GCN,gt_full,42,88.56490872210954,88.15922920892496,0.4056795131845803,1.7748478701825547,-1.369168356997974,0.38877620013522574,1.7410412440838452,-1.3522650439486195,4.234279918864097,2.1636240703177823,2.0706558485463145
PubMed,IDEA,GCN,gt_full,212,88.3367139959432,87.11967545638946,1.2170385395537409,2.662271805273818,-1.4452332657200806,1.1747802569303474,2.8482082488167553,-1.6734279918864077,3.5496957403651117,2.2481406355645706,1.3015551048005412
PubMed,IDEA,GCN,gt_full,2024,88.5395537525355,87.27180527383366,1.267748478701833,1.5466531440162186,-0.2789046653143945,1.267748478701833,1.6227180527383414,-0.3549695740365085,2.3073022312373226,2.2143340094658552,0.09296822177146735
PubMed,IDEA,GCN,r_point,42,88.56490872210954,88.43813387423936,0.12677484787018045,1.8255578093306326,-1.6987829614604544,0.1098715348208259,1.7917511832319257,-1.6818796484110998,4.462474645030426,2.1636240703177823,2.2988505747126435
PubMed,IDEA,GCN,r_point,212,88.3367139959432,87.24645030425964,1.0902636916835604,2.2312373225151987,-1.1409736308316432,1.048005409060167,2.417173766058137,-1.3691683569979702,3.27079107505071,2.2481406355645706,1.0226504394861395
PubMed,IDEA,GCN,r_point,2024,88.5395537525355,87.65212981744422,0.8874239350912774,3.0425963488843735,-2.155172413793105,0.8874239350912774,3.1186612576064965,-2.231237322515219,4.411764705882353,2.2143340094658552,2.197430696416498
PubMed,IDEA,GCN,random,42,88.56490872210954,88.54800540906018,0.016903313049359287,0.03380662609871384,-0.01690331304935455,4.736951571734001e-15,4.736951571734001e-15,0.0,2.1636240703177823,2.1636240703177823,0.0
PubMed,IDEA,GCN,random,212,88.33671399594319,88.2944557133198,0.04225828262338401,-0.18593644354293795,0.22819472616632716,-9.473903143468002e-15,-9.46465128492946e-15,-9.25185853854297e-18,2.2481406355645706,2.2481406355645706,0.0
PubMed,IDEA,GCN,random,2024,88.5395537525355,88.5395537525355,0.0,-0.07606490872210732,0.07606490872211398,0.0,-9.25185853854297e-18,9.25185853854297e-18,2.2143340094658552,2.2143340094658552,0.0
PubMed,IDEA,GIN,gt_full,42,88.56490872210954,88.76774847870182,-0.20283975659228304,0.22819472616633618,-0.4310344827586188,-0.2197430696416376,0.19438810006762663,-0.4141311697092642,2.76369168356998,2.1636240703177823,0.6000676132521976
PubMed,IDEA,GIN,gt_full,212,88.3367139959432,87.55070993914808,0.7860040567951216,1.0395537525354825,-0.2535496957403627,0.7437457741717282,1.2254901960784181,-0.48174442190668987,2.789046653144016,2.2481406355645706,0.5409060175794456
PubMed,IDEA,GIN,gt_full,2024,88.5395537525355,88.03245436105477,0.5070993914807218,0.9127789046653163,-0.40567951318458695,0.5070993914807218,0.9888438133874227,-0.4817444219067009,3.701825557809331,2.2143340094658552,1.4874915483434759
PubMed,IDEA,GIN,r_point,42,88.56490872210954,88.64097363083164,-0.07606490872210259,0.6085192697768775,-0.6845841784989815,-0.09296822177145714,0.5747126436781698,-0.6676808654496269,3.0933062880324544,2.1636240703177823,0.9296822177146722
PubMed,IDEA,GIN,r_point,212,88.3367139959432,87.67748478701826,0.6592292089249412,1.495943204868155,-0.8367139959432057,0.6169709263015477,1.6818796484110805,-1.0649087221095328,3.296146044624747,2.2481406355645706,1.0480054090601763
PubMed,IDEA,GIN,r_point,2024,88.5395537525355,88.10851926977688,0.4310344827586192,1.7494929006085158,-1.3184584178498993,0.4310344827586192,1.8255578093306324,-1.3945233265720132,4.132860040567951,2.2143340094658552,1.9185260311020955
PubMed,IDEA,SGC,gt_full,42,88.56490872210954,88.59026369168357,-0.025354969574038932,-0.30425963488843877,0.2789046653144056,-0.042258282623393484,-0.33806626098715364,0.29580797836376016,2.1044624746450307,2.1636240703177823,-0.05916159567275159
PubMed,IDEA,SGC,gt_full,212,88.3367139959432,88.23529411764706,0.10141987829614152,0.15212981744421938,-0.050709939148074756,0.059161595672748035,0.33806626098715,-0.27890466531440194,2.3073022312373226,2.2481406355645706,0.05916159567275203
PubMed,IDEA,SGC,gt_full,2024,88.5395537525355,88.5395537525355,0.0,-0.17748478701825832,0.1774847870182561,0.0,-0.10141987829614212,0.10141987829614212,1.9776876267748478,2.2143340094658552,-0.23664638269100746
PubMed,IDEA,SGC,r_point,42,88.56490872210954,88.64097363083164,-0.07606490872210259,-0.025354969574038932,-0.050709939148074756,-0.09296822177145714,-0.05916159567273693,-0.033806626098720205,1.7748478701825559,2.1636240703177823,-0.3887762001352264
PubMed,IDEA,SGC,r_point,212,88.3367139959432,88.31135902636917,0.02535496957402472,-0.35496957403651663,0.380324543610544,-0.016903313049368762,-0.16903313049358562,0.15212981744421686,2.712981744421907,2.2481406355645706,0.4648411088573363
PubMed,IDEA,SGC,r_point,2024,88.5395537525355,88.61561866125761,-0.0760649087221168,0.38032454361054135,-0.4563894523326617,-0.0760649087221168,0.45638945233265893,-0.5324543610547757,2.079107505070994,2.2143340094658552,-0.13522650439486128
PubMed,MEGU,GAT,gt_full,42,88.56490872210954,86.38438133874239,2.1805273833671492,2.890466531440154,-0.7099391480730133,0.23664638269100635,2.856659905341439,-2.620013522650433,9.863083164300203,5.611899932386748,4.251183231913456
PubMed,MEGU,GAT,gt_full,212,88.3367139959432,86.56186612576064,1.7748478701825547,1.3184584178498966,0.4563894523326617,0.24509803921567652,1.50439486139282,-1.2592968221771434,7.023326572008114,5.155510480054091,1.8678160919540225
PubMed,MEGU,GAT,gt_full,2024,88.5395537525355,86.68864097363083,1.8509127789046715,2.003042596348891,-0.15212981744421317,0.46484110885734253,2.0791075050709944,-1.6142663962136519,7.023326572008114,5.054090601757945,1.9692359702501685
PubMed,MEGU,GAT,r_point,42,88.56490872210954,86.43509127789046,2.1298174442190714,2.966531440162285,-0.8367139959432057,0.1859364435429285,2.932724814063554,-2.7467883705206253,9.939148073022313,5.611899932386748,4.327248140635565
PubMed,MEGU,GAT,r_point,212,88.3367139959432,86.5365111561866,1.8002028397565937,1.5212981744421796,0.2789046653144056,0.27045300878971545,1.707234617985115,-1.4367816091953995,6.744421906693712,5.155510480054091,1.588911426639621
PubMed,MEGU,GAT,r_point,2024,88.5395537525355,86.96754563894523,1.5720081135902717,2.9918864097362956,-1.4198782961460377,0.1859364435429427,3.067951318458419,-2.8820148749154764,7.9614604462474645,5.054090601757945,2.9073698444895193
PubMed,MEGU,GCN,degree,42,88.56490872210954,86.68864097363083,1.8762677484787105,-0.15212981744421938,2.0283975659229236,-0.06761325219743242,-0.18593644354293648,0.11832319134550406,5.52738336713996,5.611899932386748,-0.08451656524678786
PubMed,MEGU,GCN,degree,212,88.3367139959432,86.48580121703854,1.8509127789046573,-0.4056795131845945,2.2565922920892545,0.3211629479377791,-0.21974306964167023,0.5409060175794493,5.578093306288032,5.155510480054091,0.42258282623394106
PubMed,MEGU,GCN,degree,2024,88.5395537525355,86.56186612576064,1.977687626774852,-0.2535496957403751,2.2312373225152227,0.591615956727523,-0.17748478701826098,0.769100743745784,5.679513184584178,5.054090601757945,0.625422582826233
PubMed,MEGU,GCN,gt_full,42,88.56490872210954,86.51115618661258,2.0537525354969546,1.7748478701825547,0.2789046653143945,0.10987153482081169,1.7410412440838368,-1.631169709263025,8.341784989858011,5.611899932386748,2.7298850574712636
PubMed,MEGU,GCN,gt_full,212,88.3367139959432,86.58722109533468,1.7494929006085158,2.662271805273818,-0.9127789046653123,0.2197430696416376,2.8482082488167553,-2.6284651791751177,8.493914807302232,5.155510480054091,3.338404327248141
PubMed,MEGU,GCN,gt_full,2024,88.5395537525355,86.84077079107504,1.6987829614604522,1.5466531440162186,0.15212981744422427,0.31271129141312315,1.6227180527383376,-1.3100067613252144,6.490872210953347,5.054090601757945,1.4367816091954015
PubMed,MEGU,GCN,r_point,42,88.56490872210954,86.56186612576064,2.003042596348891,1.8255578093306326,0.1774847870182561,0.059161595672748035,1.7917511832319115,-1.7325895875591635,6.871196754563895,5.611899932386748,1.2592968221771477
PubMed,MEGU,GCN,r_point,212,88.3367139959432,86.56186612576064,1.7748478701825547,2.2312373225151987,-0.4563894523326506,0.24509803921567652,2.4171737660581325,-2.172075726842456,7.5304259634888435,5.155510480054091,2.3749154834347523
PubMed,MEGU,GCN,r_point,2024,88.5395537525355,86.86612576064908,1.6734279918864132,3.0425963488843735,-1.369168356997963,0.2873563218390842,3.118661257606486,-2.8313049357674016,7.63184584178499,5.054090601757945,2.577755240027045
PubMed,MEGU,GCN,random,42,88.56490872210954,86.62102772143339,1.9438810006761382,0.03380662609871384,1.9100743745774196,-4.736951571734001e-15,-4.736951571734001e-15,0.0,5.611899932386748,5.611899932386748,0.0
PubMed,MEGU,GCN,random,212,88.33671399594319,86.80696416497632,1.5297498309668687,-0.18593644354293795,1.7156862745098052,-9.473903143468002e-15,-9.547918011776346e-15,7.401486830834377e-17,5.155510480054091,5.155510480054091,0.0
PubMed,MEGU,GCN,random,2024,88.5395537525355,87.15348208248817,1.3860716700473243,-0.07606490872210732,1.4621365787694387,-4.736951571734001e-15,-4.884981308350689e-15,1.4802973661668753e-16,5.054090601757945,5.054090601757945,0.0
PubMed,MEGU,GIN,gt_full,42,88.56490872210954,86.51115618661258,2.0537525354969546,0.22819472616633618,1.8255578093306246,0.10987153482081169,0.19438810006760665,-0.08451656524679496,6.845841784989857,5.611899932386748,1.2339418526031096
PubMed,MEGU,GIN,gt_full,212,88.3367139959432,86.68864097363083,1.6480730223123743,1.0395537525354825,0.608519269776886,0.11832319134549607,1.2254901960784153,-1.1071670047329192,6.059837728194726,5.155510480054091,0.9043272481406346
PubMed,MEGU,GIN,gt_full,2024,88.5395537525355,86.9421906693712,1.5973630831642964,0.9127789046653163,0.6845841784989815,0.21129141311696742,0.9888438133874247,-0.7775524002704572,5.628803245436106,5.054090601757945,0.5747126436781604
PubMed,MEGU,GIN,r_point,42,88.56490872210954,86.58722109533468,1.977687626774852,0.6085192697768775,1.369168356997974,0.0338066260987091,0.5747126436781547,-0.5409060175794456,6.0344827586206895,5.611899932386748,0.42258282623394194
PubMed,MEGU,GIN,r_point,212,88.3367139959432,86.6632860040568,1.673427991886399,1.495943204868155,0.1774847870182561,0.1436781609195208,1.6818796484110698,-1.538201487491549,6.338742393509128,5.155510480054091,1.183231913455037
PubMed,MEGU,GIN,r_point,2024,88.5395537525355,87.14503042596348,1.3945233265720134,1.7494929006085158,-0.3549695740365122,0.008451656524684381,1.8255578093306353,-1.817106152805951,6.5669371196754565,5.054090601757945,1.5128465179175112
PubMed,MEGU,SGC,gt_full,42,88.56490872210954,86.58722109533468,1.977687626774852,-0.30425963488843877,2.2819472616632863,0.0338066260987091,-0.33806626098715764,0.37187288708586674,5.755578093306288,5.611899932386748,0.14367816091954033
PubMed,MEGU,SGC,gt_full,212,88.3367139959432,86.81541582150102,1.5212981744421796,0.15212981744421938,1.369168356997963,-0.008451656524698592,0.33806626098714365,-0.34651791751184224,5.45131845841785,5.155510480054091,0.29580797836375883
PubMed,MEGU,SGC,gt_full,2024,88.5395537525355,87.0182555780933,1.5212981744421938,-0.17748478701825832,1.6987829614604433,0.13522650439486483,-0.10141987829613974,0.23664638269100458,4.994929006085193,5.054090601757945,-0.059161595672752476
PubMed,MEGU,SGC,r_point,42,88.56490872210954,86.43509127789046,2.1298174442190714,-0.025354969574038932,2.155172413793105,0.1859364435429285,-0.05916159567275692,0.2450980392156854,5.755578093306288,5.611899932386748,0.14367816091954033
PubMed,MEGU,SGC,r_point,212,88.3367139959432,86.68864097363083,1.6480730223123743,-0.35496957403651663,2.003042596348892,0.11832319134549607,-0.1690331304935906,0.28735632183908666,6.009127789046653,5.155510480054091,0.853617308992562
PubMed,MEGU,SGC,r_point,2024,88.5395537525355,87.19574036511156,1.3438133874239355,0.38032454361054135,0.9634888438133871,-0.042258282623393484,0.45638945233265815,-0.49864773495605164,4.741379310344827,5.054090601757945,-0.3127112914131178
