{
  "config": {
    "dataset_name": "cora",
    "base_model": "GAT",
    "unlearning_methods": "GIF",
    "unlearn_ratio": 0.05,
    "random_seed": 722,
    "baseline_k": 5,
    "strategies_requested": [
      "im_v4",
      "tracin",
      "hybrid_v4"
    ]
  },
  "results": [
    {
      "strategy": "im_v4",
      "baseline_f1_after": 0.8531365313653136,
      "attack_f1_after": 0.8137,
      "gap": -0.039436531365313665,
      "relative_f1_drop": 0.039436531365313665
    },
    {
      "strategy": "tracin",
      "baseline_f1_after": 0.8531365313653136,
      "attack_f1_after": 0.8321,
      "gap": -0.021036531365313693,
      "relative_f1_drop": 0.021036531365313693
    },
    {
      "strategy": "hybrid_v4",
      "baseline_f1_after": 0.8531365313653136,
      "attack_f1_after": 0.8358,
      "gap": -0.017336531365313657,
      "relative_f1_drop": 0.017336531365313657
    }
  ],
  "timestamp": "2026-02-26T04:25:43.235333"
}