{
  "config": {
    "dataset_name": "cora",
    "base_model": "GAT",
    "unlearning_methods": "GIF",
    "unlearn_ratio": 0.05,
    "random_seed": 212,
    "baseline_k": 5,
    "strategies_requested": [
      "im_v4",
      "tracin",
      "hybrid_v4"
    ]
  },
  "results": [
    {
      "strategy": "im_v4",
      "baseline_f1_after": 0.8531365313653136,
      "attack_f1_after": 0.8155,
      "gap": -0.03763653136531364,
      "relative_f1_drop": 0.03763653136531364
    },
    {
      "strategy": "tracin",
      "baseline_f1_after": 0.8531365313653136,
      "attack_f1_after": 0.8303,
      "gap": -0.022836531365313606,
      "relative_f1_drop": 0.022836531365313606
    },
    {
      "strategy": "hybrid_v4",
      "baseline_f1_after": 0.8531365313653136,
      "attack_f1_after": 0.8247,
      "gap": -0.028436531365313655,
      "relative_f1_drop": 0.028436531365313655
    }
  ],
  "timestamp": "2026-02-26T04:25:34.216063"
}