{
  "config": {
    "dataset_name": "cora",
    "base_model": "GAT",
    "unlearning_methods": "GIF",
    "unlearn_ratio": 0.05,
    "random_seed": 1337,
    "baseline_k": 5,
    "strategies_requested": [
      "im_v4",
      "tracin",
      "hybrid_v4"
    ]
  },
  "results": [
    {
      "strategy": "im_v4",
      "baseline_f1_after": 0.8531365313653136,
      "attack_f1_after": 0.8155,
      "gap": -0.03763653136531364,
      "relative_f1_drop": 0.03763653136531364
    },
    {
      "strategy": "tracin",
      "baseline_f1_after": 0.8531365313653136,
      "attack_f1_after": 0.845,
      "gap": -0.00813653136531367,
      "relative_f1_drop": 0.00813653136531367
    },
    {
      "strategy": "hybrid_v4",
      "baseline_f1_after": 0.8531365313653136,
      "attack_f1_after": 0.821,
      "gap": -0.03213653136531369,
      "relative_f1_drop": 0.03213653136531369
    }
  ],
  "timestamp": "2026-02-26T04:25:52.154953"
}