{
  "config": {
    "dataset_name": "cora",
    "base_model": "GAT",
    "unlearning_methods": "GIF",
    "unlearn_ratio": 0.05,
    "random_seed": 42,
    "baseline_k": 5,
    "strategies_requested": [
      "im_v4",
      "tracin",
      "hybrid_v4"
    ]
  },
  "results": [
    {
      "strategy": "im_v4",
      "baseline_f1_after": 0.8531365313653136,
      "attack_f1_after": 0.821,
      "gap": -0.03213653136531369,
      "relative_f1_drop": 0.03213653136531369
    },
    {
      "strategy": "tracin",
      "baseline_f1_after": 0.8531365313653136,
      "attack_f1_after": 0.8413,
      "gap": -0.011836531365313596,
      "relative_f1_drop": 0.011836531365313596
    },
    {
      "strategy": "hybrid_v4",
      "baseline_f1_after": 0.8531365313653136,
      "attack_f1_after": 0.8339,
      "gap": -0.01923653136531367,
      "relative_f1_drop": 0.01923653136531367
    }
  ],
  "timestamp": "2026-02-26T04:25:24.996947"
}