{
  "config": {
    "dataset_name": "citeseer",
    "base_model": "GCN",
    "unlearning_methods": "GNNDelete",
    "unlearn_ratio": 0.05,
    "random_seed": 42,
    "baseline_k": 5,
    "strategies_requested": [
      "im_v4",
      "tracin",
      "hybrid_v4"
    ]
  },
  "results": [
    {
      "strategy": "im_v4",
      "baseline_f1_after": 0.7183183183183183,
      "attack_f1_after": 0.7042,
      "gap": -0.014118318318318224,
      "relative_f1_drop": 0.014118318318318224
    },
    {
      "strategy": "tracin",
      "baseline_f1_after": 0.7183183183183183,
      "attack_f1_after": 0.6727,
      "gap": -0.04561831831831831,
      "relative_f1_drop": 0.04561831831831831
    },
    {
      "strategy": "hybrid_v4",
      "baseline_f1_after": 0.7183183183183183,
      "attack_f1_after": 0.7192,
      "gap": 0.0008816816816816786,
      "relative_f1_drop": -0.0008816816816816786
    }
  ],
  "timestamp": "2026-02-27T08:52:16.598170",
  "repair_meta": {
    "repair_mode": true,
    "dry_run": false,
    "requested": 3,
    "completed_before": 0,
    "executed_now": 3,
    "missing_before": 3
  }
}