{
  "config": {
    "dataset_name": "citeseer",
    "base_model": "GCN",
    "unlearning_methods": "GNNDelete",
    "unlearn_ratio": 0.05,
    "random_seed": 42,
    "baseline_k": 5,
    "strategies_requested": [
      "im_v4",
      "tracin",
      "hybrid_v4"
    ]
  },
  "results": [
    {
      "strategy": "im_v4",
      "baseline_f1_after": 0.1768768768768769,
      "attack_f1_after": 0.1877,
      "gap": 0.010823123123123113,
      "relative_f1_drop": -0.010823123123123113
    },
    {
      "strategy": "tracin",
      "baseline_f1_after": 0.1768768768768769,
      "attack_f1_after": 0.1877,
      "gap": 0.010823123123123113,
      "relative_f1_drop": -0.010823123123123113
    },
    {
      "strategy": "hybrid_v4",
      "baseline_f1_after": 0.1768768768768769,
      "attack_f1_after": 0.1877,
      "gap": 0.010823123123123113,
      "relative_f1_drop": -0.010823123123123113
    }
  ],
  "timestamp": "2026-02-26T04:23:50.335655"
}