{
  "config": {
    "dataset_name": "citeseer",
    "base_model": "GCN",
    "unlearning_methods": "GNNDelete",
    "unlearn_ratio": 0.05,
    "random_seed": 722,
    "baseline_k": 5,
    "strategies_requested": [
      "im_v4",
      "tracin",
      "hybrid_v4"
    ]
  },
  "results": [
    {
      "strategy": "im_v4",
      "baseline_f1_after": 0.1768768768768769,
      "attack_f1_after": 0.1637,
      "gap": -0.01317687687687688,
      "relative_f1_drop": 0.01317687687687688
    },
    {
      "strategy": "tracin",
      "baseline_f1_after": 0.1768768768768769,
      "attack_f1_after": 0.1637,
      "gap": -0.01317687687687688,
      "relative_f1_drop": 0.01317687687687688
    },
    {
      "strategy": "hybrid_v4",
      "baseline_f1_after": 0.1768768768768769,
      "attack_f1_after": 0.1637,
      "gap": -0.01317687687687688,
      "relative_f1_drop": 0.01317687687687688
    }
  ],
  "timestamp": "2026-02-26T04:24:09.242996"
}