{
  "config": {
    "dataset_name": "citeseer",
    "base_model": "GCN",
    "unlearning_methods": "GNNDelete",
    "unlearn_ratio": 0.05,
    "random_seed": 722,
    "baseline_k": 5,
    "strategies_requested": [
      "im_v4",
      "tracin",
      "hybrid_v4"
    ]
  },
  "results": [
    {
      "strategy": "im_v4",
      "baseline_f1_after": 0.7183183183183183,
      "attack_f1_after": 0.7012,
      "gap": -0.017118318318318226,
      "relative_f1_drop": 0.017118318318318226
    },
    {
      "strategy": "tracin",
      "baseline_f1_after": 0.7183183183183183,
      "attack_f1_after": 0.7162,
      "gap": -0.002118318318318324,
      "relative_f1_drop": 0.002118318318318324
    },
    {
      "strategy": "hybrid_v4",
      "baseline_f1_after": 0.7183183183183183,
      "attack_f1_after": 0.7057,
      "gap": -0.012618318318318278,
      "relative_f1_drop": 0.012618318318318278
    }
  ],
  "timestamp": "2026-02-27T08:52:40.566252",
  "repair_meta": {
    "repair_mode": true,
    "dry_run": false,
    "requested": 3,
    "completed_before": 0,
    "executed_now": 3,
    "missing_before": 3
  }
}