{
  "config": {
    "dataset_name": "citeseer",
    "base_model": "GCN",
    "unlearning_methods": "GNNDelete",
    "unlearn_ratio": 0.05,
    "random_seed": 2024,
    "baseline_k": 5,
    "strategies_requested": [
      "im_v4",
      "tracin",
      "hybrid_v4"
    ]
  },
  "results": [
    {
      "strategy": "im_v4",
      "baseline_f1_after": 0.7183183183183183,
      "attack_f1_after": 0.7312,
      "gap": 0.01288168168168169,
      "relative_f1_drop": -0.01288168168168169
    },
    {
      "strategy": "tracin",
      "baseline_f1_after": 0.7183183183183183,
      "attack_f1_after": 0.7147,
      "gap": -0.00361831831831827,
      "relative_f1_drop": 0.00361831831831827
    },
    {
      "strategy": "hybrid_v4",
      "baseline_f1_after": 0.7183183183183183,
      "attack_f1_after": 0.7102,
      "gap": -0.008118318318318218,
      "relative_f1_drop": 0.008118318318318218
    }
  ],
  "timestamp": "2026-02-27T08:53:01.769446",
  "repair_meta": {
    "repair_mode": true,
    "dry_run": false,
    "requested": 3,
    "completed_before": 0,
    "executed_now": 3,
    "missing_before": 3
  }
}